feature	Acidaminococcaceae	Actinomycetaceae	Akkermansiaceae	Atopobiaceae	Bacillales.unclassified	Bacteria.unclassified	Bacteroidaceae	Bacteroidales.unclassified	Barnesiellaceae	Bianqueaceae	Bifidobacteriaceae	Burkholderiaceae	Campylobacteraceae	Carnobacteriaceae	Christensenellaceae	Clostridia.unclassified	Clostridiaceae	Coprobacillaceae	Coriobacteriaceae	Corynebacteriaceae	Desulfovibrionaceae	Eggerthellaceae	Enterobacteriaceae	Erysipelotrichaceae	Eubacteriaceae	Eubacteriales.Family.XIII.Incertae.Sedis	Eubacteriales.incertae.sedis	Eubacteriales.unclassified	FGB1011	FGB10477	FGB1126	FGB12107	FGB1217	FGB1226	FGB1227	FGB1249	FGB1258	FGB1292	FGB1311	FGB1354	FGB1359	FGB1374	FGB1380	FGB1473	FGB14936	FGB1765	FGB1776	FGB2834	FGB2875	FGB28775	FGB2881	FGB2890	FGB2898	FGB2949	FGB2952	FGB2959	FGB2960	FGB2982	FGB2984	FGB3004	FGB3009	FGB3023	FGB3038	FGB3047	FGB3048	FGB3054	FGB3057	FGB3062	FGB3069	FGB3072	FGB38642	FGB40183	FGB45503	FGB45555	FGB45628	FGB4605	FGB4806	FGB618	FGB72924	FGB72939	FGB75721	FGB79291	FGB82363	FGB9119	FGB9272	FGB9491	FGB9989	Firmicutes.unclassified	Lachnospiraceae	Lactobacillaceae	Micrococcaceae	Nanogingivalaceae	Nitrobacteraceae	Odoribacteraceae	Oscillospiraceae	Pasteurellaceae	Peptoniphilaceae	Peptostreptococcaceae	Phyllobacteriaceae	Porphyromonadaceae	Prevotellaceae	Rikenellaceae	Saccharibacteria.unclassified	Selenomonadaceae	Sphingomonadaceae	Staphylococcaceae	Streptococcaceae	Sutterellaceae	Tannerellaceae	Tissierellia.unclassified	Turicibacteraceae	Veillonellaceae	Yeguiaceae
NS10	0.000330009195312187	0	0	0	0	0.0024681937732724	0.00447918730720603	0	0.000148688844529651	0	0.0957205216156536	0	0	0	0	0.00287798597522489	0.0439197498907922	0	0.0225233841170556	0	2.44223222898944e-05	0.000880948054028334	4.42782860003758e-05	0.00411603353164327	0.0408389457642817	0.000605786469068872	0.00203018250144713	0.0224237964541046	0	0	0	0.0128066861340623	0	0	0	0	0	0.000147611389134509	0	0	0	0	0	0	0	0	0	0	0	0	0	0	0	0	0	0	0	0	0	0	0	0	0	0	0	0	7.67045626541852e-05	0	0	0	0	0	0	0	9.79971335581897e-06	0	0.063058949226505	0	0	0	0	0	0	0	0	1.10823983500361e-05	0	0.0120904861406913	0.459297480611703	0	0	0	0	0	0.105222241593616	0	0	0.00042472265528518	0	0	0.00548943000865145	0.00032908566211635	0	0	0	0	0.000318824182162613	0	0.000151408136717392	0	0	0.0971333734830839	0
NS11	0.0142046863721166	0	0.0024796397578661	0	0	0.000113399047280597	0.197547691013799	0	0	0	0.0373413673428576	0	0	0	0.000168278945643608	0.00015623302630796	0.0266507776987454	0.0144711159052172	0.00189437548367914	0	0.00935713184840993	0.000131340552514658	0.00048296494109782	0.00507427983325682	0.00417804159918131	0.00149132848475982	0.0210876737309979	0.0109741600473248	0.000131231374998021	0	0	0	0.000178068529635418	0.000197392950080218	0.000332299968138361	0	0.00147768129518016	0	0	0.0654647677785123	0.000305187551506768	0	0	0.000873128993053944	0	0	0	0	0	0	7.47865988965428e-05	0	0	0	0	0	0	0	0	0	1.01899015528136e-06	0.000132323150164394	0.000748921371626256	1.91060654115255e-05	0	0	0.00110101886278151	0	0	0	0	0	0	0	6.41599872771801e-05	0	5.92469990285021e-05	0	0	0	0	3.05333121528951e-05	0	0	0	0.000341616449558077	0	0.00241205887506762	0.0678992080444906	0.00302454474340281	0	0	0	0.00711637249694621	0.0971503394419974	0	0	0.000159362781784896	0	0	0.304055817369306	0.0180920246369984	0	0	0	0	0.000437001206593521	0.00430767170393532	0.0422150880780517	0	0	0.0337548859213227	3.86488408896002e-05
NS13	0	0.000103800158640081	0	0	0	0	0.0945510420212301	0	0	0	2.49050716200195e-05	0	0	0	0	0	0.014081327493959	0.0632089672748056	0	0	0	0.00438499938625544	0	0.00604886716408074	0.00648319071377308	0.00248385419881395	0.0152109031129319	0.0329508030440058	0	0	0	0	0	5.88665329200461e-06	0	0	0	0	0	0	0	0	0	0	0	0	0	0	0	0	0	0	0	0	0	0	0	0	0	0	0	0	0	0	0	0	0	0	0	0	0	0	0	0	0	0	6.09564690000478e-06	0.000183113232876144	0	0	0	0	0	0	0	0.000143090956944112	0	0	0.650930167851126	0	0	9.50920916400746e-06	0	0	0.0911103454204554	0	0.000475007638716372	0.000770594264964604	0	0	0.000222613024788175	0.0126517067184339	0	0	0	0	0.00326071827201856	0	0	0.000426799779804335	0.000197498959560155	7.41927308400582e-05	0
NS21	0	3.81295216028353e-06	0	0	1.10973980784371e-05	0.0019666012138334	0.257112315314754	0	0	0	0.00252138575315466	0	0	0	0	0.00120051083315196	0.0844751014650757	0.000350791598746085	0	6.22023389729836e-05	0.000976485666301866	0.00103959856101462	0.000686189114516697	0.00453180746196445	0.00429019718739007	0	0.00304828452294548	0.0256473105185436	0	0	0	0	0	0	0	0	0	0.000387299192937457	0	0	0	0	0	0	0.0096271066525117	1.5934725445961e-06	0	0	0	0	0	0	0	0	0	0	0	0	0	0	0	0	0	0.000463899694545541	0	0	0	0	0	0	0	0	0	0	0	0	1.61908192477711e-05	0	0.00135450857264042	0	0	0	0	0	0	0	0	0.000454708772547245	0.308405513608497	0	0	0	0	0.0049018914604469	0.244929876252914	4.14018312926309e-05	0	0.00257869385502638	0	0	0.000264516442402953	1.67030068513913e-05	2.60077483171578e-05	0	0	0	0.00366860062066325	0	0.006464803478027	0	0	0.0284729926179823	0
NS25	0.0298713991842532	0	0	0	0	0.00200239620288392	0.282407184635925	0	0	0	0.00562260432917771	0	0	0	0	0.0422773129529745	0.0632524998282201	0	0	0	0.00368679183864081	0.000373598473662139	0	0.00815750807872242	0	0.000666181696715143	0.00731910056653922	0.0545438975166201	0	0	0	0	0	0	0	0	0	0.0012570031978424	0	0	0	0	0	0	0	0	0	0	0	0	0	0	0	0	0	0	0	0	0	0	0	0	0	0	0	0	0	0	0	0	0	0	0	0	0	0	5.5942479780138e-06	0	0	0	0	0	0	0	0	0.0022919998808182	0	0	0.181210380410889	0	0	0	0	0.000621204753732488	0.291492344697291	0	0	0.00115590135394989	0	0	0.000164685742106384	0.0120354975303219	0	0	0	0	5.62059769675082e-05	0.000682599598389748	0.00878090188601152	0	5.19089459119324e-05	1.32964734549893e-05	0
NS27	0	0	0.00688820476734981	0.00113534958867835	0	0	0.110760248320687	0	0	0	0.184241913606252	0	0	0	0	9.21434556573508e-05	0.0199077269213142	0.0238624884843827	0.000545342598293605	0	0	0.000374721657693358	0	0.00709515719106897	0.00295429399428733	0.000181805556198527	0.00367436843494081	0.00842405247880895	0	0	0	0	0	0.00015221447055937	2.72208359759457e-05	0	0	0.00152651485341024	0	0	7.99588909824037e-05	0	0.00525613973362468	0	0.016090291698108	0.024967913671063	0	0	0	0	0	0	0	0	0	0	0	0	0	0	0	0	0	0	3.05169644138493e-05	0	0	4.49236381480573e-05	0	0	0	0	0	0	0	0	0	0	0	0	0	0	0	0	0	0	0	0	0.242863150487707	0.000364833272379647	0	0	0	0	0.28676072977765	0.000239654462041285	0	0.00339049400262024	0	0	0.00228914268254857	0.00767164635134322	0	0	0	0	0.0195750031248409	3.56278152501493e-05	0.00751461731115545	0	0	0.0109815889005652	0
NS28	0.00372777402509204	0	0.0328763333604055	0.00089929792051398	0	4.90270234033793e-05	0.0153782733292263	0	0.0114690914982398	0	0.0147815302665892	0	0.000740592154696236	0	5.16073930561888e-06	1.85838743682134e-05	0.0120657563678571	0	0.000309070942858731	3.51868589019469e-06	0.000343814707981912	0.000472937447982094	0.000131677045313063	0.00409653230638444	0.00482359706865837	5.5517044045294e-05	0.000410070260077282	0.00881097191942699	9.90444917239987e-07	0.000166837839875083	5.0564819459094e-06	5.95830810739634e-05	0	0.000213675458724563	0	0	0	0	0	0.00798697387696318	0.00252412280724618	4.6811554509553e-05	0	0.000264005699124311	0	0.1111805175523	0.00896837446824837	0.000359844277037244	0	0	0.000294344590799768	0	0	6.4509241320236e-05	0.000110564929971895	0	0.000130895115115242	0.0172531073645418	0.000120573636504005	0	0	0.00012794984470345	0.000205647642026934	9.12251897457882e-06	3.84709657327953e-05	0	0	0.000836873826387934	0.000423389137780167	0.000194622426237657	0.00274702504230503	0	1.14422452281146e-05	4.59514312919499e-05	0	8.23111854906284e-05	4.16508152039342e-05	9.77412747276303e-06	3.17724303714617e-05	0	0.000565726498123524	2.37446136738323e-05	0	0.00183826576639742	0.000998994020736163	0	0.000947777592778885	0	0.134209925738525	0	0	0	0	0.00143205302862938	0.14147861853577	1.94439975858166e-05	1.79062015301019e-05	0.000173093281457651	0	0.000187819633516614	0.409945620403749	0.00991031364888352	0	0	0	0	0.00121717861026816	0.00339813831803061	0.00724528701998999	2.6272854646787e-05	0	0.0203379001879656	0
NS29	0	0.000108299716147859	0	0	0	4.03019553270115e-05	0.0275790807199438	0.00555689144416838	0	0	0.195487369313758	0	0	0	0.000388495759696731	0.000188494948627739	0.0501405680016747	0.000114712819803639	0.0198804012754406	0	0.000331909550969257	0.00744731093062276	0	0.0470044345668676	0.0543832133113649	0.0105256949957452	0.00651140647505298	0.0300102128675718	0.000943606467313244	0	0.00101880325135553	0	0	0	0.00073668956406645	0	0	0.00167199672076633	0	0.000490193751493051	0	0.000118013681979408	0	0	2.5715288188374e-05	0	0	0	0	0	0	0	0	0	0	0	0	0	0	0	0.00164540120266442	0	0	1.2606149833176e-05	0	0	0.00634020175686975	0	0	0	0	0	0	0	0.000137787418251397	0	0	0	0	0.00422010513654708	0	0	0	0	0	0.00135791182554623	0	0	0.239132563599519	2.87017825378795e-05	0	0	0	0	0.239667994881212	0	0.00018519408645197	0.0204368008911448	0	0	0.000229111271781014	0.0025377971510793	0	0	0	0	0.00497238734479621	6.69603469941767e-06	4.71551739395611e-06	0	2.21943685342201e-05	0.0183580122031932	0
NS30	0	0.000123419702171855	0	0	0	0	0.0142326480914373	0	0	0	0.086093379112322	0	0	0	0	2.89020821541685e-05	0.0317919323482974	0	0.0243363017637756	0	0	0.00160816653067282	0.00395971544468034	0.00549250222054567	0.0197403499430258	0	0.000208400936974258	0.00748570437270927	0	0	0	0	0	0	0	0	0	0.00557159237779187	0	0.000488210847198793	0	0	0	0	0.000160100610491391	0	0	0	0	0	0	0	0	0	0	0	0	0	0	0	0	0	0	0	0	0	0	0	0	0	0	0	0	0	0	0	6.79914973198852e-05	0	0	0.00276174366782394	0	0	0	0	0	0	0	0	0.687338023846171	1.65015266353192e-05	0	0.000413416945407938	0	0	0.0807970400101808	0	0	0.00529969148329196	0	0	0.000890952248747983	0.000678743267165575	0.00145519379855053	0	0	0	0.00261729835183273	0.0125681745763876	3.85035621490781e-05	2.62982909691083e-05	0	0.00370910054311829	0
NS32	0.00135136877943285	8.55187571255573e-06	0.00278218724290493	0	0	0.000233245513385996	0.0374978025472589	0	0.000803393549802917	0	0.0140150070246073	0	0.000640701011045506	0	0.000377696349514609	0	0.0189524393639253	0	0.000998293555961647	0	0.00225417788439423	0.000210072688874555	0.000203244981652433	0.000559492675146035	0.000913774816560542	0.000260694275753715	0.00369916901285768	0.009279681715738	7.13805755039934e-06	0.000915464501681168	0	0	0.000676184398578651	0.000805359101882013	1.84486028476505e-05	0	0	0.00178179020138495	0.000237969735049787	0.0259028039324559	0.000129209186673171	0	0	0	3.41385361106055e-06	0.0528628334998765	0.0107412248617096	0	3.17247002239971e-06	0	0	0	0.000112277852097103	0	7.48289124848627e-05	9.64499853549128e-05	6.62425534024982e-05	0.00077615168765405	0.00120933177919084	1.12070951878251e-05	0	0.00161051130354517	0.00016852022825508	0.000118967625839989	2.58280439867107e-05	0.000527423141223951	0.00015138199346016	0.00260201163565451	0.00120943522930027	6.47252851309158e-05	0.000872187872571259	0	0.000272453104858479	1.71382347949202e-05	5.06905536187779e-06	0.000662460017394791	0.143279125705883	0	0	0	0.000388455160894921	3.40695693709882e-05	2.43797424547456e-05	0.0194453101686009	0.000379248101156	0.000154451013373134	0.000878532812616058	0.00071497818961343	0.184898380612677	0.007416786628563	0	4.01041590875093e-05	0	0.00130533348073824	0.226659672519713	0	0	0.000620804106665891	0	6.593220307422e-05	0.116238060219412	0.00626324894172262	2.92074142279625e-05	0	0	0	0.00065825304627813	0.00069070189726811	0.0027547039971674	4.65870326115435e-05	0.000107105346625799	0.0871140957463867	1.18622792141902e-05
NS34	0.0164513316444058	0.00736423171109653	0.0105348543030806	0.000110363362033502	0	9.83656171328115e-05	0.439284875607023	8.34280274551309e-05	0	0.000315159305619787	0.0289236628384193	0	0.00101631228493198	0	0.000117196514758398	3.03519109408191e-05	0.0859713507359166	0.00685639338968751	0.00724775029371632	0	0	0.00404546477893142	0.00670928196794163	0.00324972030753796	0.000998514305741553	0.00119377561761868	0.00679549092964526	0.0160982324501099	0.000417140137275655	0	0.000173172748417579	0	8.63281445999998e-05	0	0.00767756354563873	0	0	0.00455254827533013	0	0	0	0	0	0	0	0	0	0	0	0	0	0	0	0	0	0	0	0	0	6.31669350731705e-06	0.000158751617957478	0	0.000830267783707039	0	0	0	0.0071854176389177	0	0	2.54256845577542e-05	0	0.000513519372802392	0	0	0.000115567681841417	0	0.0167017746372996	0.00655120571973022	0	0	0	0	0	0	0	0.000116084141058996	0	0	0.134610049652786	0	0	0	0	0.00719296588902078	0.0763434385465376	0	0.0128998799709051	0.00661278354951853	0	0.00566313423128641	0.00146789627925697	0.0230719415374522	0	0	0	0	0.000448922242972847	0.000263910660183064	0.0341116943171648	0.00272122361742576	0.00248397019839622	0.00350099758070639	0
NS36	0.0189425436424905	0	0.166804403003568	0	0	9.47081614302434e-05	0.104557445676412	0	0.0119301297283086	0	0.020802913774234	0	0	0	0.00201074394463794	0.000126241094315987	0.013711977389028	0.00093322899638731	0.0117712256191191	0	0.00596223965918477	0.000631606468414318	0	0.00876076011210122	0.0580790326848145	0.000769731650731174	0.0582187983087266	0.0314216015828147	0.00170769970061576	0	0.000851936001780134	0	0.00013506302467246	0	0.00152451705581708	0	0	0.002029262707535	0	0	0	0	0	0	0	0	0	0	0	0.000125147466585845	0	0	0	0	0	0	0	0	0	0	0.000169184209852871	0	0.000586877094251535	0	0	0	0.00969690544910224	0	0	0	0	0	0	0	0.000165575238343405	0	0	0	0	0	0	0.000101525107614791	0	0	0	0.000148660462783885	0	0.000488231872992783	0.0944261512928976	2.99289455482024e-05	0	0	0	0.00510771540510997	0.238689647333491	0	0.000125840097481601	0.00333662175040368	0	0.0006869075773018	9.23021804239324e-05	0.103838968711967	0	0	0	2.24193684678983e-05	0.000479847393728366	0.00074293777134271	0.0183709044279456	7.53144963490696e-05	0.000666420284490485	4.81560743838921e-05	0
NS38	0	0	0.108614203738203	0	0	0	0.139864927964344	0	0.00732569754162476	5.75421590018663e-05	0.18327636923547	0	0	0	0.000284384963800967	0	0.0201419728714588	0.00521812358398117	0.00417529073175836	0	0.00224477769273152	0.00448712700077122	0.000464718922654522	0.00358836070993932	0.00163535871702735	0.00147756650303049	0.0162210818316546	0.0101891326300837	0.000146811691912101	0.00234180749846128	3.257202945335e-05	0	0.000245636390674939	7.32210775555859e-05	0.00345749189143875	1.10861040278825e-05	0	0.00230158077813153	0.000208471546695752	0.0700124423040873	0.00125816722522154	0	0	0	0	0.0308762778648565	0.0211405668895132	0	0.000129812999069348	0	8.94806967964802e-05	0.000421113580144851	0.000989355598031171	0	0.00193389166120676	0.000689925207335221	0	0.00339197829573112	0.00265913402851652	1.97966143355045e-05	0	0.000121524816534217	0.000643469152361237	0	0	0.00786173706685866	0.000338073381878855	0	0.00148010046966544	0.0011081352840442	0.0198282361274697	0	0.000323503073727924	0	2.42310559466575e-05	0	0	0	0	0	9.05365162277071e-05	0.000132769293476783	0.00112582025951725	0	2.42310559466575e-05	3.13050461358777e-05	0	0.000378722429981091	0.110089711393342	0.00245889787338434	0	0	0	0.00351619545181496	0.139503309809148	8.64188204459222e-05	0	0.00181384499187626	0	0	0	0.035342552431861	0	0	0	0	0.000503256331894304	0.000309407884321044	0.0128284700442647	0	0	0.00823745041146075	0.000100830755682169
NS39	0.00287879659575712	0	0.00236619748609792	0	0	0.000177178855843488	0.0634252202776693	0	0.00439458859868834	0	0.0642633921630512	0	0	0	0.000430789291655372	0	0.0136945090348528	0.000131312332879301	0.0058777324242495	0	0.000441242768400306	0.0023586982527809	1.28017215209703e-05	0.0121394028693809	0.0307109133047345	0.000481920427907768	0.0431110849690026	0.0382533997755305	0.000368863804416359	0	0	0.000129683711502373	0	0.00087657704994478	0	6.8174848336528e-06	0	0	0.0030377954920442	8.35141892122468e-05	0	6.9197471061576e-05	0	0	0.0134510869513757	0.0465981527115845	0.0457820619020805	0	0	0	0	0	0	0	0	0	0.000362387193824389	0	0	1.47333422238386e-05	3.64356689443e-05	0.000240013341060321	1.43167181506709e-05	0	0	0	0.000103701519303008	0.000184072090508626	0.00318005367557309	0	0.000670764757799951	0	0.000140553812320475	0	0	0	0	0	0	0	0	0	0	0.0372429727733517	0.000106352763404984	0.000552367771188847	0	0	0.1381101985066	0	0	0	0	0.00320107425381019	0.320833260266308	0.000147863671058781	0.000361364571099341	0.000977854574640267	0	0	0.0198291091376681	0.0261514173229032	8.12795691834384e-05	0.0066274663813726	0	0	0.00149337005281165	0.000495934146732499	0.00355039460170341	0	3.93899123722162e-06	0.0397171895191473	1.66270880109643e-05
NS4	0	0	0	0	0	2.51165341086499e-05	0.188249782836403	0	0	0	0.0565335413561486	0	0	0	0	0	0.0264105077305482	0	0.00135040084288822	0	0.000106018212395459	0.000129888362104732	0.00411699651726207	0.00122833071019776	0.00215428101126191	1.58630741738841e-06	0.00422157949913703	0.0125231039065728	0	0	0	0	0	0	0	0	0	0.001359994225841	0	0	0	0	4.41899923415344e-05	0	0	0	0	0	0	0	0	0	0	0	0	0	0	0	0	0	0	0	0	0.000111381442235201	0	0	0	0	0	0	0	0	0	0	0	0	2.98376871365916e-06	0	0	0	0	0	0	0	0	0	0	0	0.453803763121548	0	0	0	0	0.000888181076840618	0.196053055637882	0.00149116674156933	3.64850705999335e-05	9.07216765849279e-05	0	0	0.000221289884725684	0.00567678993924556	0	0	0	0	0.00283348497047372	0.0321421763525905	0.00176068792562847	0	2.42856111757322e-05	0.00640822873555851	0
NS40	0.00120534357731568	1.607767876905e-06	0	0.00639875537329423	0	0.000903324381639077	0.0211696404119959	0	0.00422181087183357	0	0.0670641515460564	0	0	0	0.000366222726227678	0.000191592338664513	0.0189257055823308	0	0.00768038753636905	0	0	0.00264705582866768	7.29926616114872e-05	0.0058847519830477	0.0681587199166533	0.00192208649683993	0.0654400916213321	0.0153955296550105	0.001202235226087	0	0	0	0.000972726361658809	4.86885705389399e-05	0	0	0.00479181817645896	0	0	0.192620265056612	0	0	0	0.00486122015647869	2.47060330417736e-05	0	0	0	0	0	0	0	0	0	0	0	0	0	0	0	0	0	0.000304511235885808	0.000335005233284439	5.39138161388811e-05	0	0	0	0	0.000122806669664261	0	0	0	0	0.000111713071313616	0.00042091363017373	0	5.19844946865951e-06	0	0	0	9.72967526840345e-05	0	0	0	0.000563603029249049	0.00247296136373015	0	0.208603862608732	0.0123796250792496	0	0	0	0.000337416885099797	0.230155883814118	0	3.30932221329613e-05	0.000254000528419709	0	0.000164099507969437	0.0180734546269148	0.015630102988251	4.78042982066421e-05	0.00345670093534576	0	0	0.000508831736909152	0.000671430661526811	0.00605396955209195	7.69048967786227e-05	0	0.00685667446076805	3.67910882498428e-05
NS41	0.00192932401341427	0	0.00182777581406392	0.00036611039698004	0	0.000663344224947479	0.073214255641833	0	0.00942581123956395	0	0.00671677326168457	0	0.000100446908440096	0	0.000240540289649605	0.000112767600498646	0.0117496038908975	0.014180244704087	0.00144952827351037	0	6.81423750724271e-06	0.000203302890746389	0	0.00318238657724613	0.00900273198153851	0.000305034638581791	0.00300874971039491	0.00498526862802601	0.000720817844326748	0	0.000103337797079533	0	0.000215095880910439	0.000721207884857466	0	0	0.000357713053789297	0	0	0.0162122182077619	0.000227118306680793	0	0	0.00148550377657891	0.0402358698984477	0	0	1.90202117626404e-05	0	0	0	0	0	0.000907371935812911	0	0	0	0.000343396271955898	0	8.7185530395698e-06	0	0.000978474030206666	0.000335870784069111	0.000188274858533447	0	0	0	0	0.000676651490113138	0	0.000101043441016488	0	0	0	1.09211348600927e-05	0.000332268645050131	0	7.11250379543852e-07	0	0	0.000901980199064756	7.35111682599516e-05	0	0	0	0.000396969486027991	0	0.000185957558909772	0.187417893600339	0.00260969236034954	0	0	0	0.00182155810913307	0.227917201461945	0	0	0.000143007213409575	0	7.45895156095826e-05	0.305206210528185	0.0396625332618534	0	0.00298351179370141	0	0	0.00028961656583813	0.00453830512338427	0.0177267455885384	0	0	0.00115743380312415	4.08624814828258e-05
NS46	0	9.11344942122285e-06	0.00155942001327775	0	0	6.59024812624249e-05	0.0629702289111465	0	0	0.00282285695281549	0.0390120925612251	0	9.12025050288048e-05	0	0.00185421289772768	0.000133369211306105	0.00373909867373127	0.00481074511052387	0	0	0.00047111092642396	0.00953613664624449	0.000388511789692056	0.00394234899906951	0.0935658809048309	0.000500695631634646	0.11045582311502	0.0110877694210243	0.00155921598082802	0	0.00063610516743804	0	0.00201244006249242	0.00152636675642167	0	9.19166186028558e-05	0	0.00422510396898544	4.04324304546044e-05	0.074786768237194	0.000597645050664148	0	0.00020090395216636	0	0	0.0530283737386161	0	0	0	0	0.000260175378812597	0.000192436605502612	0.00151592709607721	0.000474001386128453	0.0012635389557626	0	0	0	0	1.48263580136312e-05	0	5.31164477460824e-05	0.000830072016313619	0	6.29440107413563e-05	0.000440200010290037	0.0167827571632648	0.00137776312220248	0.000170605133381623	6.45762703391873e-05	0.00501882420383903	0	0.00134399575177235	0.00110078907169554	7.36897197604101e-05	0	0.0291964314588521	0.000780356109396351	0	0	0	0.000294248797917318	0	0	0	0.000150031861367296	0	0.000159859424362569	0.277369669426965	0.000306150690818169	0	0	0	0.00164195113919308	0.145612042430452	0	0.000178630409737625	0.00254931744854565	0	0.000458222876682753	0.00408520571928801	0.00681828839422279	0	0	0	0.000168666825109199	0	9.04883914547537e-05	0.00177191980967037	5.67890318412021e-05	0.00305103324242894	0.0084455491970354	5.31164477460824e-05
NS51	0.000428094039091413	0.000125221259250966	0	0	0	0.000381777457367593	0.0143875624175301	2.87124596190097e-05	0.000224131861588695	0	0.121654391180406	0.000661341833677019	6.71413029113724e-06	0	5.81345427647249e-06	6.31019074516639e-05	0.0488685516851293	0	0.0324173221723017	0	3.19057654891847e-05	0.00225512898144515	0.0027716530292491	0.00255650063459449	0.011535803809401	0.000982528359148982	0.019395648577617	0.0664848465627447	0	0	0	0	0	0	0	0	0.00518942226437265	0.000868169798499124	0	4.94007147437334e-05	0	0	0	0	0.000272550020680067	0	0	0	0	0.000212532246248316	0	0	0	0	0	0	0	0	0	0	0	0	0	0	0	0	0	0	0	0	0	0	0	0	0	0	0.0153651507052048	6.54218305197397e-05	0	0	0	0	0	0	0	6.30200278139671e-05	0	4.47062821824504e-05	0.429519290651589	0.00183915312873286	5.7042814262101e-06	0	3.14144876630039e-05	0	0.16573306593991	0	0.00208138039025255	0.0420098492470321	0.000547201618727685	0.00247628588286419	0.000398590076308001	8.14975327208773e-05	6.02088269197104e-05	0	3.20968179771439e-05	0	0.00597857821249436	0.000130625315338955	0.000341874780596687	0.000790848127300784	0.000120827052027905	0.000424382162182492	0
NS55	0	2.78597079239841e-05	5.15822112652513e-05	0	0	6.21719367567929e-05	0.0216785724533836	0	0	0	0.0157357627403507	0	0	0	2.56582596139146e-05	2.17108350579277e-05	0.0177930920981214	0	0.00249883361195572	0	0	0.00183900641502038	0.000128329254074919	0.0663221602493436	0.0254324213821057	0.000355344122049509	0.0353711634259576	0.00767109846045888	0	0	0	0	0.00012191468917144	0	0	0	0	0.00213028080004579	0	0	0	0	0	0	0	0	0	0	0	0	0	0	0	0	0	0	0	0	0	0	0	0	0	0	0	0	0.00022902653625793	0	0	0	0.000519693625197808	0	0	0	1.68145103682902e-05	0	0	0	0	0	0	0	0	0	0	0.000575337129035084	0	0	0.648991896089211	0	0	0	0	0.00017733045697664	0.142016948722803	0	1.40437219780302e-06	0.00620770467434279	0	0	0	0.000163931987089493	0.000114551224134311	0	0	0	0.00274991258731969	0	0	3.71209732284148e-05	5.52259877784699e-05	0.000876138471402351	0
NS58	0.000127512210753657	0.0012366123956945	0	4.79323009098083e-06	0.000373134527082508	0	0.000469060580569958	0	0	0	0.0380377220653316	0.000477049297388259	0	0.000311129794238923	0	0	0.00497082541101846	1.02009768602925e-05	0.0038689970067712	0	0	0.00152264942556824	0	0.0297052241332826	0.00153186717574321	5.04108515124095e-05	1.04058157530695e-05	0.0622050038290534	0	0	0	0	0	0	0	0	0	0.00124232740080298	0	4.56995569785395e-05	0	0	0	0	0	0	0	0	0	0	0	0	0	0	0	0	0	0	0	0	0	0	0	0	0	0	0	0	0	0	0	0	0	0	0	0	0	0	0	0	0	0	0	0	0	0	0	0	0.783622983038479	3.99435840915069e-06	7.70194236841365e-06	0.000344026920418902	0	0	0.0296622079657994	5.80103744344347e-05	0	0.0141660433077761	1.28024307985599e-05	0	0.00314632539305409	0	0.00026510249503194	0	0	0	0.0118819052983095	1.99922759350312e-05	6.30903789753033e-06	0	0.0104669601625634	0.000135009314229293	0
NS6	0	4.13963334676072e-05	8.79922064045756e-06	0	0	0.000349597607069088	0.242844262365333	0	0	0	0	0	0	0	0	7.09080052909599e-05	0.0386321782927798	0.000182298139307661	0.00372201319311718	0	3.07115655470516e-05	0.00206790255720208	7.5993269167588e-06	0.0128890012598884	0.0480997683062357	0.000638486305498656	0.00257620039367942	0.011684336530193	0	0	0	0	0	0	0	0	0	0.00195179855498513	0	0	0	0	0	0	0	0	0	0	0	0	0	0	0	0	0	0	0	0	0	0	0	0	0	0	0	0	0	0	0	0	0	0	0	0	0	0	0	0.000391308198416712	0.000301801840408421	0	0	0	0	0	0	0	0	0	0.403343989532356	3.95107861875091e-05	0	0	0	0.00366681808182704	0.135153314992101	0	0.00160931460356368	0.00235501998394428	0	0.00449585893820833	0.00238084626790199	0.0548603409412309	8.99920292774069e-06	0	0	0	0.000938602580914262	0.000274090009170616	0.0211873234084981	0.0015826026837623	0	0.00161299999142933	0
NS62	0.000667182573051936	7.02297445317827e-05	0.00839318513596483	0	0	0	0.00681757179153972	0.000240603494424063	0	0.000269787090835985	0.0276942014686785	0	0	0	0.000304042357905649	0.000210302411257046	0.0118052160413504	0	0	0.000220316811793096	0	0.00404057422486713	0	0.0129874740479819	0.00136543987394749	0.00294174090252958	0.0428182672121435	0.00812262440045224	0.000363398096705155	0	1.84385314590788e-05	0	0.000275159623312407	0	0.00111018011092775	0	0	0.00265897377323056	0	0	0	0	0	0	0.0289328065959226	0.00691569572468909	0	7.32813429783902e-05	0	0.000112565300445985	0	0	0	0	0	0	0	0	0	1.79227683413423e-05	3.75217668153282e-05	0.000214342555679315	0.00021670646996894	0	0	1.21634135266184e-05	0.000784604642856606	0	0	1.80517091207765e-05	0	0	0	0	6.40405871189451e-05	0	0	0	0	0	0.00020574650371704	0.000389487114410658	0	0	0	0	0	0.000298540884649794	0.609292375151479	0	0	0	0	4.68914634542074e-05	0.202808674018154	0	0	0.00431435847986558	0	0	1.46132883358667e-06	0.008472440735057	1.0616124173409e-05	0	0	0	0.00232845557528111	1.01003610556725e-05	0.00102623966351614	0	0	0	0
NS67	0	0.000424378631701752	0.00356623244179686	0	0	0	0.00402222192093759	0	0	0.00110130750157381	0.0799700353204946	0.000144760854203464	0	0	0.00492210942959031	0.000376661877202603	0.0150254170444343	0	0.00854540966744812	0	0.000299521793984583	0.00484383952901135	0.000423128621004545	0.00270826836883508	0.00016769374276376	0.00786033168937696	0.0131816031887196	0.0433664528475292	0.00142840164689871	0	7.68275805437181e-05	0	0.000421325720960497	7.57218018500351e-05	0.00474398290523832	0.0002609637717092	0	0.00173001480493439	0	0.091101452695124	0	0	0	0	0.0458545510629851	0	0	0	0.000128029941794694	0	0	0.00100325377784483	0.00145092587811569	0	0	0	0	0	0	0.000192237222030073	0.000733083196577355	0	0.00040781598996376	0	0	0	0.00428027701390906	0	0	0.000977796829222865	0	0.000202141152938713	0.00029110826044569	0	0	0.000128534753807028	0	0	0	0	0	0	0.000437359512018901	0	0	8.38468713818801e-05	0	0.00148438770293323	0.197238899448274	0.0109034346543927	0	7.08419523974772e-05	0	0	0.255658101304905	0	0.00161251379939694	0.00328091750015938	9.42315756355992e-06	0	0.00347760187563144	0	0.000123005860338613	0	0	0	0.00107046589148696	0	0.000168102400107078	7.29333164485735e-05	0.000478441594355952	0.177391902680706	0
NS7	0.000472286741256422	0.00101236887705158	0	1.83059114725544e-05	0.000122424392182383	0	0.00648280467121818	0	0	0	0.149845983473689	0	0	5.25212191933382e-05	0	4.13182323615541e-05	0.0201004971440901	0	0.00848897665075217	0	0.000374058490736501	0.00149389519507648	0.000111423521092409	0.00152698442937861	0.000696028867440687	0.000341257993208391	0.00196196637943229	0.0217123990587066	0	0	0	0	0	0.000126524454373396	0	0.000139315493462263	0	0.00111689158924503	0	0	0	0	0	0	0	0	0	0	0	0	0	0	0	0	0	0	0	0.000158920720417885	0	0	0	0.000129931548306774	4.03076536525014e-05	0	9.89212187775572e-05	0	0	0	0	0	0.000275454882410361	0	0	0.000483893959571828	0	0	0.0186117414635911	0	0	2.26080894053787e-05	8.11061598208284e-05	0	0	0	0	0	0	0	0.295545533630457	0.0668399934271961	1.59093962482294e-05	0.000386358677309543	0	0.000221749842443561	0.198153666923825	0.000527204475674086	0	0.099342687846587	0	0	0.0477060426341213	0.0155935759648118	0.000285964900984509	0.00318040669209841	0	0	0.00765285270055938	0.00191163955972146	0.0005735178542261	0	0.0046667369836957	0.0212550400086667	0
NS70	0.000648622202205666	1.27858102131158e-05	0	0	0	1.96104801525785e-05	0.00994839101024391	0	0	0	0.0505385750958267	0.000668399817132273	0	0	4.79119685545951e-06	7.40964164855947e-05	0.0178325839938592	0	0.019950070157607	0	1.79112766166306e-05	0.000783499964845986	0	0.0177803822327713	0.00173538821452484	0.00129632516315418	0.00700868532566712	0.00372757900934317	0	0	2.40116958686401e-05	0	7.49042345600617e-05	0	0	0	0	0.000555388854093905	0	0	0	0	0	0	0	0	0	0	0	1.88862294651253e-05	0	0	0	0	0	0	0	0	0	0	0	0	0	0	0	0	0	0	0	0	0	0	0	0	0	0	0.0649001598142709	0	0	0	0	0	0	0	0	2.13096836885263e-05	0	0	0.566294509522392	2.83014884020166e-05	3.5599706867891e-05	0	1.40114652226519e-05	0	0.12783453612802	0	0	0.00402981439237651	0.000532992794374199	0	0.0851821874888925	0.000170393902121197	6.49040039140736e-06	0	1.13094530425381e-05	0	0.0160827664771767	0.000198611823136199	0.000608704847008728	0	0.00118501340365176	0.000142398827471564	0
NS71	0.00650529380254471	0.000299509564455832	0.0369594363512855	0	1.99756666902277e-05	0	0.0294284845731721	0	0	1.21986410400292e-05	0.118309068908775	0	0	3.66900000432754e-06	0.000949675180607309	0	0.10616910050984	0.0196056935103042	0.0165215070194869	0	0	0.00389754420972531	0	0.00900378872856857	0.00122952266811687	0.0078185449322988	0.00627816075099475	0.0244346306185639	0.00108730971923119	0.00598335503269832	0.000273952000323123	0	1.86585897655973e-05	0	0.000979842513976225	0.00157588254032027	0	0.00218129890000871	0	4.62858462084397e-05	0	0.00139676007857054	0	0	0	0.000490830667245595	0	3.35541026036792e-06	9.09723847226854e-05	0	0	0	0.000472705180044729	0	0.000164101513014068	0.000115557820649119	0	0.0134890941953974	0	4.72579744147145e-05	0.000253349154144976	0.000742894103440337	3.98258974828716e-06	0	0	0.00880299721551123	0.000330711743979814	0	0.0220371429490695	0.00758771152177012	0.00225100990009093	0.00100110389861669	0	0	1.91916923303287e-05	0	0.0305807387283773	1.16655384752978e-05	0	0	6.31256154590712e-05	5.89235128900123e-05	0.000254760307992794	0	0	0	0	0.00549026651929621	0.324755545818942	0.000122550871939419	9.72128206274818e-07	0	0	4.21778205625687e-05	0.131894811463261	0	3.57492308113965e-06	0.0371057886847914	0	0	7.99653847097028e-05	0.00140967997602167	0	0	0	0	0.00457612105667953	0	0.000660451359753353	0	0.00389324803023306	5.53485898088727e-05	4.71638974915266e-05
NS72	0	0.00217739815368227	0.00138470418793275	8.4038875619872e-05	0.000286387025489018	0.00327061295582052	0.00026745099312532	0	0	0	0.206021849289101	3.49252470108559e-06	0	5.48435519467346e-05	0	0	0.0540587980176102	0.00108159124336744	0.0218722633647392	6.90319335448948e-06	0	0.00623980465872781	0	0.0349104037808763	0.00172871787098968	0.0102182268588519	0.0215078129551111	0.0316561347492429	0	0	0	0	0	0	0	0	4.56211039079305e-05	8.33567418891912e-05	0	0.0673238706832702	0	0	0.000718559671899133	3.76264965843518e-05	0	0.00166926309502355	0.0012660129187943	0	0	0.000185322091951354	0	0	0	0	0	0	0	0	0	0	0	0	0	0	0	0	3.19238585958605e-05	0	0	0	0	0	8.4038875619872e-06	0	0	0	0	0	0	0	0	0	0	0	0	0	3.30152725649497e-06	0	0.355393228949592	0.100125417107723	6.60305451298994e-06	0.000242866893471585	0	0	0.0419748535492987	0	3.84177717119415e-05	0.00215270491263163	5.59349659158239e-06	0	0.0024595832353903	0	0.000665735235795213	0.00734775354944876	0	2.14189991433765e-05	0.0169384719467728	0	1.50069420749771e-06	0	0.000103575185666569	0.0043175790910186	0
NS77	0.0270790097416246	0	0	0	0	0.000641982303767202	0.120655152480706	0	0.00213471208595173	0	0.00704437185380553	0	0	0	8.29350307660748e-05	0.00038340236580153	0.0675380700847029	0	0.00722629819103884	0	0.000713395781048966	0.000376314762929257	0.0136240186567206	0.00593390235923458	0.0393503711468591	0.000450113168191739	0.00177159840325377	0.0160140188082139	0	0	0	0	0	0.00315492381313975	0	0	0	0.00381880714568763	0	0	0	0	0	0	0	0	0	0	0	0	0	0	0	0	0	0	0	0	0	0	0	0	0	0	0	0	0	0	0	0	0	0	0	0	0	0	0	0	0	4.27271604432755e-05	0	0	0	0	0	0.000822329885858355	0	0	0.241701063654366	0	5.71039093974594e-06	0	0	0.0016664936194275	0.254646855820119	6.78192900432179e-05	0	0.000235738374206688	0	0	0.141750948957805	0.0199514677233084	0	0	0	0	0.00392105673404402	0.0052534253024265	0.0117761025580838	0	0	0.000164862345483959	0
NS78	0	0	0	0.00268907241356211	0	0	0.000407419951572063	0	0	0	0.0740376100172377	0.00018461645816347	0	2.28939060222557e-06	2.49085697522142e-05	0	0.0102546841733008	0.0501886618113576	0.00259039967860619	0	0	0.00177565135108615	0	0.0823505246573549	0.0299620332041308	0.00132697658086199	0.0123290094223533	0.013974531811609	0.000537457337778475	0.000206915122629147	0	0.00026337149488003	0	0	0	0	0.00268485993485402	0	0	0.0115293252849959	0	0	0	0.00271109635115552	0	0.0768753096686963	0.0677288736981209	0	0	0	9.28576828262692e-05	0	0	0.000322300408981316	0	0	0.000196841803979355	2.48169941281252e-05	8.69968428845717e-06	0	0	3.07236218818672e-05	0	0	0	0	2.55953869328819e-05	0.000199451709265892	0	0	0.000901790958216653	0	0.00141223348688887	0	0	1.84982760659826e-05	0	0	0	0	0	0	0	0	0	0.000159707888411256	0.00158132787676925	0	0.392669362134111	0.00119707655809171	0	0	0	0	0.102233515735188	0	0	0.0159575561634447	0.00017152114391874	0	0.00359956305606722	0.000275825779756137	0	0	0	0	0.0249236339423769	0	5.37548913402564e-05	0	0.000628437720310919	0.00867930871209736	0
NS79	0.00606362421340824	0	0	0	0	0.000351070210644798	0.0268552869658285	0	0	0	0.142856373958904	0.000629765829642045	0	0	0	6.08083989950162e-05	0.0209825240173136	0	0.0020248089870004	0	0.000105966174268779	0.00154410580524005	0	0.0181376223473195	0.0057680946308474	0.000791348976500741	0.0116613179069589	0.0410144062464464	0	0	0	0	0.000217696358737337	0	0	0	0	0.000455318633529537	0	0	0	0	0.014293294749838	0	0	0	0	0	0	0	0	0	0	0	0	0	0	0	0	0	0	0	0	0	0	0	0	0	0	0	0	0	0	0	0	0	0.0248392957692661	0	0	0	0	0	0	0	0	0	0	0	0.439628768732222	0	0	0	2.40103471235814e-05	0.00017208051642783	0.232538875863032	0	0	0.000602587185521234	0.000503606533547551	0	0	0.00511832654064454	0	0	1.70248248284854e-05	0	0.00103164330900145	0.00132179060389229	0.000388555363069849	0	0	0	0
NS81	0	7.49463854174348e-05	0.0001522120286071	0	0	0	0.000362319603083943	0	0	0	0.0398089429806611	0.00120128962757917	0	0	0	0	0.0174463588962927	2.80458393567822e-05	0	0	0	0.00287429051649914	0	0.0214295982216619	0.00544205246410186	0.00184484071015501	0.133800815528341	0.01064466303783	0	0	0	0	0	0	0	0.000268389663308625	0	0.00148342304064916	0	0	0	0	0.000859499750701264	0	0	0	0	0	0	0	0	0	0	0	0	0	0	0	0	0	0	0	0	0	5.62634755855815e-06	0	0.00295331707762698	0	0	0	0	1.17251365151632e-05	0	0	0	0	0	0	0	0	0	0	0	0	0	0	0	0	0.556550397836459	0.000127988669652697	0	0	3.35433392613276e-05	0	0.141443371176891	0	0	0.0444325121972558	0.000810709439048424	0	0	0.000128804704794778	0.000112484001953159	0	3.2469608811221e-05	0	0.00723990672976021	0	3.19542181951699e-05	0	0.00124926390408993	0.00711423731787975	0
NS83	0.00639502863572911	0.000237762691958971	0.00417622041349435	0	5.25185311470955e-05	0.000547422588266782	0.0122484848486863	0	0.000319099936083618	0.000187670649909178	0.0379159862386823	6.22577271129809e-05	0	0	0.000205819458773934	6.47506953636342e-05	0.040466758113174	0	0.000303942689119646	0	0.000231746328580728	0.0042861769331365	0.000608350732312748	0.0740106098734373	0.0135107910125104	0.00269413416869265	0.0073993956845523	0.0225108717514422	0	0.0042332595270693	0.000199204783015534	0.00501684930761463	0	0.000665589283347747	6.05292691258613e-05	0	0	0.000607154107552434	0	0.0706034203059045	0.00175711050221377	0	0	0	0	0	0	0	0	0	0	0	0	0	0.000297992804894754	7.2495516728997e-05	0.00017723342283311	0	0	0	0	0.00094323946731717	0.00019930450174556	0	0.000371917623420792	0	0.000215558654739819	0	0.00150309365726054	0.000151904865406472	0.000302313949862553	0	0	0	0	0	0	0	5.12221876567558e-05	0	0	0	0	0	0	0.000454551211035779	0	0.00546594922807565	0.376764552012442	0.00896384960035558	0	0	0	0.000246803856814673	0.23526600087573	0	0	0.018760383836006	3.44362014356904e-05	0	0.0117973573140481	0.00380855745588801	6.74763406510151e-05	0	0	0	0.0191870138026345	0.000418918384839775	0.00139546390798567	0	0.00138140356705199	0	0.000122088965128659
NS86	0	6.6686950467626e-05	0	0.00134164863710962	4.93912311054373e-05	0.000145818381939754	0.00112559276068683	0	0	0.000116218797177634	0.0453044494819985	0.000235601445458107	0	4.28877593940452e-06	3.42047458118082e-05	7.51941945441497e-05	0.015817532973041	0	0.000649151938500359	0	0	0.000106410858758832	9.95910019371557e-05	0.00659220015787617	0.0091921826863873	0.000208216556467975	0.0134294581606178	0.0258401562661214	0	0	0	2.50998854158592e-05	9.56889189103205e-05	0	0	0	0	0.000550721015300911	0	0.0132666604444262	0	0	0	0	0.0136604544450262	0.00632555781770909	0	0	0	0	0	0	0	0	0	0	0	0	0	0	0	0.00188488187146714	0	5.95155546345233e-05	0	0	0.000104020393481131	0	0	0	0.00111174212363662	0	0	0	0	0.000308018481811987	0	0	0	0	0	0	0	0.000679419447384189	0	0	0	0	0.50229075123711	0.00639684992922641	3.74037508157902e-05	0	0	0	0.298775747815756	7.09054186047452e-05	0	0.00675148248395356	2.02134931570295e-05	0	0.0059931425285041	0.00212976394682691	3.17088188306793e-05	0	0	8.29983605978202e-05	0.0108633288389071	0.000105602319032551	0.000161391560145952	0	0	0.00778293309738035	0
NS9	0.00687798184478609	0	0	0	0	0	0.0862486109843428	0	0	0.00402086668115191	0.0016091397138457	0	0	0	0.000857145563553933	0.00022539264176551	0.0370700219562319	0.000947097016938116	9.86161648122104e-05	0	0.00179924935695725	0.00139252192814502	0.0002293578486902	0.00409793121203085	0.00237574638595253	0.00108496138732898	0.0436386075162553	0.00988926278505707	0.000520396693986698	0	0	0	0	0	0.00275732412269613	0	0	0.00141869963682376	0	0	0	0	0	0	0	1.34009308102966e-05	0	3.57970069590116e-05	0	0	0	4.03129370676869e-05	0	0	0	0.000853290501266039	0	0	0	1.96791751077233e-05	4.13409536777918e-05	0.00103701175544337	0.000422074248205946	0.00011506443057389	0	0	0	0	0.000134009308102966	0.000230716299210696	0	0	0	0	0.000254397396122042	0	0.145746834608355	0	0	0	0	0	0.000453098320903756	0	0	0	0	0.000104270256167788	0.330147938198872	7.35031876225038e-05	0	0	0	0.00643681585953533	0.160932769402584	0	0	0.00284569683628623	0	3.39245481334633e-05	0.0541648734507881	0.0712761364962271	4.7105189670166e-05	0	0	0	0.00566025945523784	0	0.011710394209858	1.35845052049582e-06	0	8.9951453384183e-06	0
