feature	Acetobacteraceae	Acholeplasmataceae	Acidaminococcaceae	Actinomycetaceae	Aerococcaceae	Aeromonadaceae	Akkermansiaceae	Alcaligenaceae	Alicyclobacillaceae	Alteromonadaceae	Atopobiaceae	Bacillaceae	Bacteroidaceae	Barnesiellaceae	Beutenbergiaceae	Bifidobacteriaceae	Brachyspiraceae	Bradyrhizobiaceae	Brevibacteriaceae	Brucellaceae	Bruguierivoracaceae	Burkholderiaceae	Campylobacteraceae	Cardiobacteriaceae	Carnobacteriaceae	Caulobacteraceae	Chitinophagaceae	Christensenellaceae	Chrysiogenaceae	Clostridiaceae	Colwelliaceae	Comamonadaceae	Coriobacteriaceae	Corynebacteriaceae	Dehalococcoidaceae	Dermabacteraceae	Dermacoccaceae	Desulfocapsaceae	Desulfomicrobiaceae	Desulfovibrionaceae	Dysgonomonadaceae	Eggerthellaceae	Enterobacteriaceae	Enterococcaceae	Erwiniaceae	Erysipelotrichaceae	Erythrobacteraceae	Eubacteriaceae	Eubacteriales.Family.XIII..Incertae.Sedis	Fervidobacteriaceae	Fibrobacteraceae	Flavobacteriaceae	Fulvivirgaceae	Fusobacteriaceae	Gemmatimonadaceae	Geobacteraceae	Gordoniaceae	Gottschalkiaceae	Halomonadaceae	Helicobacteraceae	Heliobacteriaceae	Jiangellaceae	Lachnospiraceae	Lactobacillaceae	Lawsonellaceae	Leptotrichiaceae	Limnochordaceae	Listeriaceae	Methylobacteriaceae	Microbacteriaceae	Micrococcaceae	Moraxellaceae	Morganellaceae	Muribaculaceae	Mycobacteriaceae	Mycoplasmataceae	Nanosynbacteraceae	Neisseriaceae	Nitrospiraceae	Nocardiaceae	Nocardioidaceae	Odoribacteraceae	Oscillospiraceae	Oxalobacteraceae	Paenibacillaceae	Pasteurellaceae	Peptococcaceae	Peptoniphilaceae	Peptostreptococcaceae	Phyllobacteriaceae	Planococcaceae	Polyangiaceae	Porphyromonadaceae	Prevotellaceae	Propionibacteriaceae	Pseudoalteromonadaceae	Pseudomonadaceae	Pseudonocardiaceae	Rhizobiaceae	Rhodocyclaceae	Rhodothermaceae	Rikenellaceae	Roseobacteraceae	Selenomonadaceae	Sphingobacteriaceae	Sphingomonadaceae	Sporomusaceae	Staphylococcaceae	Steroidobacteraceae	Streptococcaceae	Streptomycetaceae	Succinivibrionaceae	Sulfurovaceae	Sutterellaceae	Symbiobacteriaceae	Synergistaceae	Tannerellaceae	Tepidanaerobacteraceae	Thermaceae	Thermoactinomycetaceae	Thermoanaerobacteraceae	Thermoanaerobacterales.Family.III..Incertae.Sedis	Thermohalobacteraceae	Tissierellaceae	Treponemataceae	Turicibacteraceae	Vallitaleaceae	Veillonellaceae	Vibrionaceae	Weeksellaceae	Xanthobacteraceae	Xanthomonadaceae	Yersiniaceae
NS10	0.00447110390770288	0	0.028993397555698	0.00681839965170768	0.000393657447359619	0.0018464180965317	0.0112591158657677	0	0	0	0.0111484538715829	0.00523729551084575	0.128949348928888	0.00215615225345482	0	0.426446597903294	0	0	0	0	0	0	0.0310215842779483	0	0.00326997008906465	0	0	0.0139183415381989	0	0.10509846482024	0	0.00162309190650688	0.440212154787801	0.00215615225345482	0.000681834734825179	0	0	0	0	0.00118097258609338	0	0.0558479303650507	0.0479638602520625	0.0333045499142355	0	0.102217225970235	0	0.0293204493327175	0.0036293502108778	0	0.000393657447359619	0	0	0.00204550547241397	0	0.000681834734825179	0	0	0	0	0.001524629289022	0	0.722443770295958	0.00821046905711267	0.000681834734825179	0	0	0.000556715715363833	0	0.00118097258609338	0.00118097258609338	0.0037963039624179	0	0.000787314955722848	0	0	0.00272734210915143	0	0	0	0	0.00526680190658522	0.374295000906536	0	0.00248971081092934	0.00096426000400071	0.000681834734825179	0.00651623616190067	0.0574948708650264	0	0	0	0.000787314955722848	0.100838644267024	0.00356472725592891	0	0.00219179360484334	0	0.00188791586816663	0.000681834734825179	0	0.0185364335300602	0	0.00162309190650688	0	0	0.000787314955722848	0.00338637579074919	0	0.0386442423809743	0	0	0	0.00438359773906227	0	0.000681834734825179	0.0406323547094443	0	0	0.000393657447359619	0.000556715715363833	0.000393657447359619	0	0.000787314955722848	0.00532532427424882	0.00423983305632873	0.00141935255132693	0.107453571741058	0	0.00104151986886247	0	0.000556715715363833	0
NS11	0.00301876803023766	0	0.0711396758301695	0.00372951439416055	0.000799690057547042	0.00164860385858509	0.0540423851322205	0	0.000282733104901505	0	0.0035986126424162	0.00234855968372586	0.700215156192338	0.0057039566512559	0	0.173205812671511	0	0	0	0	0	0.000979416348878674	0.00966697680407585	0.000282733104901505	0.00174288477011536	0	0	0.0126950257495792	0	0.0396747482331583	0	0.00775851317336837	0.0876746808587164	0.000894080688626641	0.000565466232404134	0	0	0	0.000282733104901505	0.00584926123253797	0	0.0203405073584054	0.0671941582437531	0.0180272904092041	0	0.0330821818801521	0	0.0174801081406024	0.00224412630263309	0	0	0.000565466232404134	0	0.000565466232404134	0	0.000282733104901505	0	0	0	0	0.00116573870386605	0	0.161497204749507	0.0401309865150244	0	0	0.000489708115719872	0	0	0	0.0018754403239613	0	0	0.0151261371084105	0	0	0.000848199405109028	0.000937719749702932	0	0	0	0.0816591002424084	0.259368363195759	0.000979416348878674	0.000692551886535831	0.00727460609149276	0	0.00246481252742511	0.0156840497172457	0	0	0.000282733104901505	0.00123240532780736	0.554428816609792	0.0015993806264998	0	0.0303257134451707	0.000399844996810698	0.00167267236361194	0.000282733104901505	0	0.114161891122951	0	0.00193832169922103	0.000399844996810698	0	0	0.0013851041052393	0.000282733104901505	0.0306262312307848	0	0	0	0.0228824252554808	0	0.000489708115719872	0.303949909287878	0	0	0	0	0	0	0.000399844996810698	0.00416493069658863	0.0030054986159351	0	0.22135994679746	0	0.00178816209196475	0	0.000399844996810698	0
NS13	0.00554381484751399	0	0.00402807043340858	0.00701367844468055	0.000585996470001985	0.00253744172545825	0.00595446259650772	0	0	0	0.00127714997110706	0.00495506976019251	0.601400642033463	0.00257105176312895	0	0.0158821441387276	0	0	0	0	0	0	0.00721876820442968	0	0.00215309005418761	0	0	0.00984071238127999	0	0.069827229302867	0	0.00175799021491274	0.00430619008974414	0.00211284177090029	0.000292998222424341	0.000414362065832401	0	0.000292998222424341	0	0	0	0.083742549386108	0.00424596032417462	0.0200968444148112	0	0.0769812059631305	0	0.0211137117908745	0.0030308017760907	0	0	0.0026206587327285	0.000292998222424341	0.00311461881841835	0.000292998222424341	0	0	0.000292998222424341	0	0	0	0.000292998222424341	0.814176678311472	0.00730154285119001	0.00152246398966786	0.0020509889655578	0	0.000585996470001985	0.000775200497668186	0.000585996470001985	0.00105642029595387	0.00273290884525011	0	0.000585996470001985	0.00354031833671423	0	0.00105642029595387	0.00101497577527763	0	0.000585996470001985	0	0.0177218706726242	0.297954399995568	0	0	0.0031420610140558	0.000828724202809101	0.0154880072533331	0.133415339351295	0	0.00134268691697035	0	0.00194353153179209	0.0157682049147584	0.0023622293521025	0	0.0026206587327285	0.000655163980123761	0	0.000655163980123761	0	0.144299409168918	0	0.00124308648207451	0	0.0019872119084381	0	0.00180616330133368	0.000585996470001985	0.0663258257575713	0	0.000585996470001985	0	0.00124308648207451	0	0.000878994767886254	0.0378841103464861	0	0	0	0.000292998222424341	0	0.000292998222424341	0.0019872119084381	0.00710488898206683	0.0182682272731295	0.00305899597564271	0.00577886031891395	0	0.00963796474578161	0	0.00109629916716167	0
NS21	0.00222704501427171	0	0.00396791055637765	0.00601813400816899	0.00146076524416824	0	0.00644837154436022	0	0	0.000240148243734248	0.00186018135211715	0.00236518808634412	0.806473645750389	0.00104678210701389	0	0.0459956687146274	0	0	0	0	0	0.00110049771647964	0.0166335250457981	0.000415948967492241	0.00205182891387525	0.00067924185223957	0	0.00599893712890342	0	0.0598818602420561	0	0.00254149283440539	0.00407546208187058	0.0105557971780147	0.00192118711324503	0	0	0	0	0.0016637965896179	0	0.0351477436619945	0.0662510132633194	0.0117601811292256	0	0.0523453642431633	0	0.0103181768023798	0.00448635443426657	0	0	0	0	0.00135848401786086	0	0.000588240688044882	0.000339620906533443	0.000240148243734248	0	0	0.000865866906367606	0	0.455354523691731	0.0040966335740586	0	0.00148037372294267	0.000240148243734248	0	0	0.000339620906533443	0.00193613822982133	0.00721650730200403	0	0.0017971058502234	0.00604204434110283	0	0.00168103848172013	0.000960593113433371	0.00067924185223957	0	0	0.0753968492842664	0.511940943404105	0	0.00117648157963711	0.0125433338665035	0	0.00168103848172013	0.0324994728540172	0	0	0	0.000588240688044882	0.0104762715980198	0.00309409858844366	0	0.00178098796626653	0.000240148243734248	0	0	0	0.00981984260969867	0.000898552562366999	0.000796481695086062	0	0	0.000480296501318129	0	0	0.0632993336743993	0	0	0	0.00067924185223957	0	0.000240148243734248	0.118227877261563	0	0.000240148243734248	0	0.000240148243734248	0	0	0	0.00538598950682104	0.00226555591659501	0.000831898006949308	0.0740934459789333	0	0.000831898006949308	0	0	0
NS25	0.00550224733068612	0.000208861400101114	0.140915054486149	0.00418245844114793	0.000208861400101114	0.00108527587529872	0.00461391547011931	0	0.000552595347254224	0	0.00165778671672913	0.00230695159617468	0.856486654003155	0.00902960461756202	0	0.0664131850147013	0.000208861400101114	0	0	0	0	0.000467028302084016	0.0525414965522597	0.000511603875809129	0.000626584236748062	0	0	0.00794780192278113	0	0.0622911343777156	0	0	0.00277086311478233	0	0.00110519086324995	0	0	0	0.000467028302084016	0.00537389611740042	0	0.0238792474170669	0.00847380166250664	0.0720288857407295	0	0.0531826520311605	0	0.0298050626499876	0.000552595347254224	0	0	0	0	0.00214019410201999	0	0.000590749279423817	0	0	0	0	0.000590749279423817	0	0.258017063297307	0.00445028210331885	0	0.0013043393859366	0	0	0	0	0.000910405855391335	0.00104430718272923	0	0.00387381154644503	0.0022300313448336	0	0.00128750848581457	0.000208861400101114	0.000753060553231425	0	0	0.035432671258018	0.581662585049271	0.000208861400101114	0.00114398124347763	0.00343829933257148	0.000910405855391335	0.00470287853873119	0.0353648362402604	0	0	0	0.00121786106887747	0.0143831473890889	0.00390186282619227	0	0.0176345562972658	0.000417722809313407	0	0	0	0.0322677563701979	0	0.00072351717129397	0	0.00195929484462948	0	0.000957123314893419	0.000208861400101114	0.0151109430540747	0	0	0	0.0161655508680403	0	0	0.130037652973098	0	0	0	0	0	0	0.000361758561975442	0.00498214211605979	0.00904408714590924	0	0.00621344719200532	0	0.00172231606644553	0	0	0
NS27	0.00472129874735034	0	0.0069771902675605	0.0048726333273221	0.00272583635148711	0.00206645011685864	0.102661925420965	0	0	0	0.0261662169213938	0.00360298412360075	0.573495466410994	0.00425509103353582	0	0.460014596962873	0.000826579552588852	0	0	0	0	0	0.029893043871797	0.000413289740997733	0.00220636518000095	0	0	0.0142454942556892	0	0.0661383914362806	0.000292239974294575	0.00123986950536685	0.0938456100274619	0.000876720022717848	0	0	0	0	0	0.000292239974294575	0	0.0231278288196797	0.00702598320242526	0.0102827100656743	0	0.0890484286028448	0	0.0259234520929038	0.00293697957369695	0	0	0.000715838870412163	0	0.00120493655646216	0.000506174497890638	0	0	0.000292239974294575	0	0	0	0	0.447930812589651	0.0213110976405675	0	0.000584479973547676	0	0	0	0.000292239974294575	0.00105368639203792	0	0	0.000969250481441692	0.000826579552588852	0	0.00123986950536685	0.00127384484158824	0	0	0	0.0063893476343479	0.483141403848379	0	0.000969250481441692	0.0278508648262002	0	0.00359111259334561	0.0344663650117184	0	0.00120493655646216	0	0.00271012530970951	0.032247485768967	0.00182503904167392	0	0.000715838870412163	0.000292239974294575	0	0	0	0.110912934400751	0	0.000876720022717848	0.000413289740997733	0	0	0.00354322874781995	0	0.152561528124834	0	0	0	0.0107457397622574	0	0	0.145299925483	0	0	0	0	0	0	0.00143167810763859	0.00536483844792702	0.00420461337215734	0.000924144060508626	0.101017801502296	0	0.00837877648380885	0	0.000506174497890638	0
NS28	0.00200908646658575	0	0.081592690773648	0.00858781840264598	0.000579972948498331	0.00190156951716511	0.301152011893687	0	0	0.000410102793292449	0.0310253966184105	0.00310976332585043	0.303149873792496	0.0120965892229332	0	0.163747022782156	0.00750618384139819	0	0	0	0	0	0.061696555843027	0	0.00310976332585043	0	0.00279653177137985	0.0100873657488165	0	0.0561491842336881	0.000502271299867805	0.00115994609208148	0.0373494364878894	0.00538628544297047	0	0.000502271299867805	0	0	0	0.00173991962583485	0	0.0130239567184632	0.053636359631418	0.014488225659861	0	0.0590506530072516	0	0.0165147092888557	0.00273573018571579	0	0	0.00181096583959629	0.000410102793292449	0.0102936799141589	0	0	0	0.000410102793292449	0.000579972948498331	0.000289986462056371	0	0	0.317096440231887	0.0111071261393095	0.00306893302307295	0.000502271299867805	0.000289986462056371	0	0	0.000289986462056371	0.00136015747208983	0.00458510455486471	0	0.0170312023984718	0.0143276995568882	0.00166584614504911	0.00166584614504911	0.00115994609208148	0.000289986462056371	0	0.000410102793292449	0.059728358208085	0.474987060832572	0	0.0421024509744357	0.0212221829971212	0.0006484294780646	0.00750058001481652	0.0352654173516234	0	0.00213095817596676	0	0.00881493932532583	0.637781048270917	0.00181096583959629	0	0.00181096583959629	0.000289986462056371	0	0	0.00194528952475231	0.148917768375558	0.000869959483711485	0.00123030865576894	0	0.00326798723037394	0.000410102793292449	0.00325509566613656	0.000289986462056371	0.0563058011800866	0	0	0	0.0553670918024238	0	0.00139072664487781	0.202898578733735	0	0.000289986462056371	0	0	0	0	0.000502271299867805	0.00526788997788072	0.00630683061047337	0.00100454272644689	0.188444822494495	0.000410102793292449	0.005950059763022	0	0	0
NS29	0.00128762692631489	0	0.0217031830378827	0.0113645785720593	0.000511650939258795	0	0.0059301843990649	0	0	0	0.00672328128097354	0.00509944771987633	0.344692050740189	0.00280243115593807	0	0.58822440362073	0	0	0	0	0	0.00147700951014744	0.0246486378219272	0	0.00306991032359168	0	0	0.0271690670573414	0	0.205080154226694	0	0	0.0476262889263302	0.00204660509647171	0.000417761236457469	0	0.000417761236457469	0	0	0.00186828607869598	0	0.135320708653491	0.01707546235898	0.0363592389234813	0	0.256198335636269	0	0.119196595562939	0.0128800098681246	0	0	0	0	0.00602507451370572	0	0	0	0.000511650939258795	0	0	0	0.000511650939258795	0.479950968212519	0.0122621507675446	0	0.000417761236457469	0	0	0	0	0.00182097996566421	0.00164472832635488	0.00298341630938405	0.00072358372907149	0.00484496861940767	0	0.00200351378911684	0.00072358372907149	0	0.00102330201246105	0	0.00213017424575252	0.455131357006361	0	0.00195947508424186	0.00234468120457298	0.000660538541486923	0.0180204847785084	0.105080464699944	0.00234468120457298	0.000590803623616855	0	0.00114408648060543	0.017923354349226	0.00295402224248775	0.000295401798919717	0.00110529253196996	0	0.00110529253196996	0	0	0.0770042874262014	0	0.00350770915563569	0.000590803623616855	0	0.000511650939258795	0.00322245871282226	0	0.0928542506081612	0	0	0	0.000511650939258795	0.000417761236457469	0.00114408648060543	0.0241910589651694	0.000417761236457469	0.000295401798919717	0	0.00174762147465518	0.0020888076404812	0.000590803623616855	0	0.00436156905783955	0.0131382876887691	0.00221058641424727	0.00970804607685715	0	0.00138555767630741	0	0.000590803623616855	0
NS30	0.00677630711145378	0	0.0099896036118848	0.0119585723387494	0.00265549494745501	0.00140281857133977	0.00829927913994271	0.000701409113131951	0	0	0.00665419966775537	0.00670330955150869	0.237816224733646	0.00134309649075525	0	0.341341338635057	0.000286349051785711	0	0.00040495871814218	0	0	0.00273159921757085	0.02193317955027	0.000495971119947871	0.00528779922393841	0	0	0.0073787657636098	0.000286349051785711	0.116864048518016	0	0.00298957628157741	0.0498832558696379	0.001248166886346	0	0	0	0	0	0.00110902532095101	0.000286349051785711	0.0619486501171434	0.254501025895527	0.0503560334496434	0	0.0896884186228337	0.00040495871814218	0.0365645031984321	0.00502542654764671	0.000286349051785711	0	0	0.000286349051785711	0.00254512875645799	0	0.00137328222210378	0	0	0	0	0.000859047249274819	0	0.844918834073061	0.0192569660328534	0	0.000495971119947871	0	0	0.00287777628744006	0	0.00218077110621481	0.00330234432078433	0.00040495871814218	0.00121487642006597	0.0140753287912027	0.000286349051785711	0.0100509800176081	0.000572698127050839	0	0	0	0.00323967532358806	0.411454664495734	0	0	0.000949712493634647	0.000572698127050839	0.00789418046342393	0.092015717746173	0.00159432469950261	0	0	0.000949712493634647	0.0250462944254822	0.00477441088197574	0	0.00169406462331468	0	0	0	0	0.0344473539593907	0	0.0026708892865279	0	0.001248166886346	0.000286349051785711	0.00294814815879333	0	0.0712957179292106	0	0	0.00118064764446305	0.00997728302922523	0	0	0.0183251274358661	0	0	0.000701409113131951	0	0	0.000495971119947871	0.00103244635820642	0.0111126380182849	0.00541800475055276	0.00225471656806453	0.00968112087477695	0.000757608441304853	0.000859047249274819	0	0	0.00159432469950261
NS32	0.00732993450150013	0	0.0482888639259583	0.00750211861740225	0.000313402566671923	0.00256531333947398	0.0840762859417526	0	0	0	0.00303855524543021	0.00337545529957411	0.432099809114318	0.0100486196467521	0.00044321816752554	0.14604441534759	0.00527227156103575	0	0	0	0	0.00140157932274131	0.0471394883151662	0	0.00136609051930642	0	0	0.01289183537648	0	0.105724662762557	0	0.00203108213203544	0.0661233652382199	0.00273218358802381	0.00044321816752554	0	0	0	0.00044321816752554	0.0280405071292466	0.00573624017706207	0.0243592527541135	0.0657483779586236	0.0280124557682611	0	0.0399150029439646	0	0.0254714129189995	0.00351794228456613	0	0	0.0012921922241832	0	0.000700789489289578	0	0.00044321816752554	0	0	0	0	0.000829185333106817	0	0.514265377150316	0.089052224218902	0	0.00258438660602455	0.000313402566671923	0	0	0	0.0016583712363193	0.00353187484159962	0	0.00979618030167999	0.00876978587547425	0	0.00275009978296564	0.000542829186470704	0	0	0	0.0793362580765375	0.592359672762025	0	0.00177287354077154	0.00480438877550194	0.000700789489289578	0.00549128408698877	0.0286301086289226	0.00193194434073336	0	0	0.00558000292534888	0.419762794229834	0.00223814383115431	0	0.00136609051930642	0	0	0	0.000991066081241599	0.122629305912986	0	0.00203108213203544	0.000700789489289578	0.00125361057451557	0.000991066081241599	0.00260332013696869	0	0.0466749985445772	0.000626805164126618	0	0	0.031765873713268	0.000313402566671923	0.00143619145498249	0.116239592323934	0.000626805164126618	0	0.000626805164126618	0.000313402566671923	0.000542829186470704	0	0.000542829186470704	0.00740990124530629	0.00720150484029387	0.000886436422117925	0.0174700947354565	0	0.00265931205250146	0	0.00044321816752554	0
NS34	0.00138820925811649	0	0.0923679886747248	0.0221448750034528	0.00104938741689093	0.000677376592368072	0.090489127646112	0	0	0	0.00326268326007305	0.00179217082966104	1.03432768079319	0.00236597674826965	0	0.130201400815475	0	0	0.000605864033494399	0	0	0.000605864033494399	0.0188706468908289	0	0.00565926696302306	0	0	0.00939102997878263	0	0.0559133094494238	0	0.00113346799151234	0.0121478341297845	0.00304443360663614	0.00138820925811649	0.00163133945931031	0	0	0	0.00090879611974014	0.0009579552370189	0.0497576831241178	0.197690723778354	0.0201730911410268	0	0.0514292556673009	0	0.0313201433012994	0.00189181085094756	0	0	0.00138820925811649	0	0.0388193461286048	0	0	0	0	0	0	0	0	0.284319564166618	0.0037957361727443	0.0173607522629804	0.00165922764943957	0	0.000742028890481013	0	0	0.00113346799151234	0.000677376592368072	0	0.00285785864563948	0	0.000302932002847496	0.0010922370697101	0.0020767986400701	0	0	0	0.0831377943493588	0.154455737044281	0	0.000801482817247512	0.00176638282754753	0.000677376592368072	0.0457526735468924	0.0402324200016307	0	0	0	0.0228186123637184	0.0217580557796587	0.00349358933797025	0	0.00319159206224021	0	0	0	0	0.108577369136915	0	0	0	0	0	0	0	0.0336413475408542	0	0	0	0.000801482817247512	0	0.000742028890481013	0.219463818090345	0	0	0	0.00117325085328389	0	0.000302932002847496	0.000302932002847496	0.00772335763407488	0.0442071821832847	0.000524693636220457	0.0140957595147085	0	0.00571574063276164	0	0.000428410553456156	0
NS36	0.0030258092699967	0.000415626245480976	0.139968379645435	0.00897225765819255	0	0	0.536290214562628	0.00383189391504497	0	0	0.00444740957343921	0.00194946107066149	0.545926234288722	0.0107020753918412	0	0.159041766019734	0	0.000415626245480976	0	0	0	0.00121174858347213	0.0260269161930073	0	0.00244125378973931	0	0.000929368645157806	0.0148355481206358	0	0.158113689998986	0	0.00355111955933345	0.123165453456999	0.00434922003849175	0.00134678333057072	0	0	0.000293892132387999	0	0.0407118568259511	0.000293892132387999	0.0492228940702094	0.015336589722409	0.032171636688228	0	0.0944016694835303	0	0.0240098940496807	0.00295358362834684	0.000293892132387999	0	0.00071988581558442	0	0.00201482428362514	0	0.000293892132387999	0	0	0	0.000587784290160225	0.00211928786147392	0	0.219100238235893	0.0119563136717928	0.00101807237169309	0.000657162823912506	0.000293892132387999	0	0.00105964333582871	0.000657162823912506	0.00163632284789374	0.00629647040125427	0	0.00225743018783431	0.00071988581558442	0	0.00231411099660645	0.00105964333582871	0	0	0.000415626245480976	0.100764430919135	0.407698731459967	0	0.00160971417582586	0.00600867491155136	0.000657162823912506	0.012479497254604	0.0497760641126148	0.001281046437323	0.000293892132387999	0.000777565561737476	0.0088266694265758	0.0158381487251908	0.00251101808244458	0.000293892132387999	0.0204073524099637	0.000777565561737476	0	0	0.00249375998580288	0.310876546911938	0	0.000657162823912506	0	0.0035021360521766	0	0.0264157839757938	0	0.0436516471289602	0	0	0	0.0311714731086505	0.000509036119896362	0.00358741830212861	0.230433869255196	0	0.000415626245480976	0	0.000293892132387999	0.000974730072285081	0	0.0014094575993347	0.00620666308716216	0.0360380641639304	0.00101807237169309	0.00337656989921606	0.000831252562759403	0.00424876199261396	0	0.000509036119896362	0
NS38	0.00454037348464039	0.000335632918912869	0.00318409876502491	0.00465068282348466	0	0.00298317500484932	0.398360331136773	0	0.000335632918912869	0	0.0066790602890882	0.00212273051730139	0.616728470657761	0.0075125519781079	0	0.447122653351676	0.00311253661173668	0	0	0	0	0.00142397033221015	0.00702433423914932	0	0.00111316866832225	0	0	0.0225293508983695	0.000474656634817084	0.0729991691779408	0	0.00449047741858506	0.115586063073122	0.000822129469394497	0.00116266677661816	0	0.000335632918912869	0	0.000335632918912869	0.0480609253748663	0	0.0545299196760911	0.1156956531919	0.0248892465322294	0	0.0560468635235046	0	0.0216675733219115	0.00327135080942486	0	0	0.000949313376573838	0	0.000750498078537992	0.000335632918912869	0.000335632918912869	0	0	0	0	0.00111316866832225	0	0.365318872213031	0.0400932365570537	0.000474656634817084	0	0	0	0	0.000335632918912869	0.0047347025742356	0.00767572931163344	0	0.0121203167743477	0.000474656634817084	0	0.00244344691767544	0.00100689890797414	0	0	0	0.0754508644493375	0.28866396182904	0	0.00067126587563461	0.0154178201572064	0.000474656634817084	0.0057939548107491	0.0355624127929118	0	0	0.000474656634817084	0.00116266677661816	0.00787852348679361	0.00146299047008232	0	0.0131886632694834	0.000335632918912869	0	0	0	0.169626627224278	0.00111316866832225	0.00106136466083856	0	0	0.00100689890797414	0.00186872605747161	0	0.0460677702872116	0	0	0	0.0222955543466054	0	0.000888001335283049	0.172792070530935	0	0.000335632918912869	0	0	0	0	0.000474656634817084	0.00465068282348466	0.00636822981255999	0.000474656634817084	0.0844350314817291	0	0.00465068282348466	0	0.000581333290078695	0
NS39	0.00395778149365841	0.00166259720621539	0.0631242489164506	0.00699482769656595	0.00121418906414012	0.00279857047953036	0.0715003363343624	0	0.000678752206580245	0	0.00451256873125991	0.0033251990082532	0.487470914482113	0.048185184833438	0.000429280568154587	0.299864465543374	0	0	0	0	0	0.00169008003957862	0.0128142134637883	0.000910641700213098	0.0045633307316746	0	0	0.0172844016076873	0	0.0575312938541378	0.000429280568154587	0	0.0951216427218247	0.00125155745944985	0.000303547196112203	0	0	0	0.000803110466083177	0.00242837991830925	0	0.017123696856786	0.0329726527052668	0.0134766725842575	0	0.0533278482211981	0	0.0238050711585608	0.00452276670915985	0	0	0.00157727812825593	0	0.00362990443459304	0.000607094420193523	0.000607094420193523	0	0	0	0	0.000607094420193523	0.000303547196112203	0.34424353538594	0.00571929849238595	0	0.00074353580041916	0.000303547196112203	0	0	0	0.0045633307316746	0.00480911047395576	0	0.00713826181506204	0.00117563348808645	0.00121418906414012	0.00347426339386543	0.00298959757808161	0	0	0	0.0866202937697843	0.73950942921369	0	0.00171712306370537	0.0397821254192867	0.000303547196112203	0.0227761016478199	0.0335589063743386	0.0013231319181921	0.0013231319181921	0	0.00255773688718305	0.180571663141079	0.00292730728457398	0.000525759182309386	0.00279857047953036	0.000858561215417797	0	0.000429280568154587	0	0.156632219208213	0.00335279459691264	0.0965701110242755	0	0.00113576983531135	0.00194365160256418	0.00179581036778649	0	0.0568377332683852	0	0	0	0.0187105350116544	0	0.00395778149365841	0.118497746567942	0	0	0.000303547196112203	0.0015477936705025	0	0	0.00105151850995062	0.0127457129657739	0.0112027296853003	0.000910641700213098	0.035734735364558	0	0.00229173304478931	0	0	0
NS4	0.00202319881887225	0.000295113681463817	0.00263958003821856	0.00255576219676071	0.000978781493989518	0	0.00646566176996384	0.00177068298835647	0.000295113681463817	0	0.00114297060581603	0.00169529981847173	0.769887101399224	0.00435731501434464	0	0.259158533770661	0.00121678516283328	0	0	0	0	0.00540954944061761	0.0114337619587124	0.0006598942911577	0.00181920388752014	0	0	0.00281520877397241	0	0.0388337559470895	0	0.005607189248582	0.0595061931698478	0.000295113681463817	0	0.000511151905143125	0	0	0	0	0	0.0211037421140672	0.144323542703665	0.0131022256749955	0	0.043028055815325	0	0.0154990063517933	0.00125206162126395	0	0	0	0	0.00438719428695482	0.000417353776826019	0	0	0	0	0.0023237295090921	0	0	0.453457196620216	0.00753558973171046	0	0.000590227388629704	0	0	0	0	0.00310922053010191	0.0014755689213609	0	0.0012863710504554	0.00347934596040882	0	0.00118045498287609	0.00699618102430475	0	0	0	0.0410822192440927	0.47532153116778	0	0.00102230394383818	0.0609649755099583	0.000295113681463817	0.00570725787925511	0.0225370788082457	0.0006598942911577	0	0	0.00110421449455196	0.0133328719175545	0.00177068298835647	0	0.000978781493989518	0	0	0	0	0.0462184762841297	0.00202319881887225	0.0006598942911577	0	0	0.000295113681463817	0.00114297060581603	0.000295113681463817	0.0653393405157238	0	0	0	0.0166949261141104	0	0	0.0771843454933341	0	0	0	0	0	0	0	0.00747757708498087	0.0100730188017963	0.000834707626348484	0.0257387172974896	0.000417353776826019	0.00667770986377569	0	0	0
NS40	0.0055078007203114	0	0.0381085804141708	0.00908935717072976	0.00138682852206725	0.00135494312468744	0.00785630080285501	0	0.000934999435357931	0.00029567274389761	0.0782443005038456	0.00557877103078077	0.304658011036452	0.00955819845315329	0.000418144410536596	0.371411866399958	0.000418144410536596	0	0	0	0	0.00184647671617056	0.0180854289878842	0.00029567274389761	0.00302974864060904	0.00110630631582345	0	0.0101007610716828	0	0.0737582108222	0	0.00329247823372797	0.154722792279276	0.00186999968811601	0.000418144410536596	0.00029567274389761	0	0.00029567274389761	0	0.00051212022976755	0.00029567274389761	0.0354462392132583	0.0573859062841459	0.0273783091839833	0	0.0760162005087395	0	0.0282075724105933	0.00601608655100207	0	0	0	0	0.00557877103078077	0	0.000661144392981487	0	0	0	0.000418144410536596	0.000836288894183569	0	0.450293359476505	0.126669641795218	0.000418144410536596	0.000591345513643636	0	0.000418144410536596	0	0.000934999435357931	0.00262799981836668	0.008451377163042	0	0.00242018804119768	0.00706533815841654	0	0.00485841798655253	0.000980635695125753	0	0.000418144410536596	0.000418144410536596	0.0325243589676024	0.718346535030785	0	0.00217274373805548	0.00553945533092927	0.000661144392981487	0.017490627882926	0.0567865900044604	0.00206971065479715	0	0.00106606342527561	0.0113980378194731	0.183747951343772	0.00461857225704533	0.000591345513643636	0.00727265190300745	0.000724247406160616	0.0016985113921297	0.000591345513643636	0	0.0924497393896151	0.000836288894183569	0.0844136177565289	0.000782276618201655	0.00221261398567322	0	0.00292701496795175	0	0.0453200636854147	0	0	0	0.005861517249554	0	0.00029567274389761	0.178866403220355	0	0	0	0.00029567274389761	0	0	0.000887018335086515	0.0147041184823769	0.00436556955040861	0.00159224710445752	0.048253269924141	0	0.00294191085749078	0	0	0
NS41	0.00302295731248801	0	0.0338572036253984	0.00232117977264067	0.000726788990144105	0.00380438648789071	0.054060531324805	0.000513917400800733	0.00117191219850824	0	0.0155239911272244	0.00204278259629342	0.482218312878002	0.0105674177433012	0	0.0829858038407055	0	0	0	0	0	0.00154175274532792	0.0302908953788853	0	0.00143529361911108	0	0	0.00684500079350882	0	0.0400276624701447	0	0.00130011992161781	0.0419537580020643	0	0.000325029894560391	0	0	0	0	0.000859948360517117	0.000325029894560391	0.00970761508102518	0.00731143169532182	0.0178302488741259	0	0.0315364770334759	0	0.0143883475044381	0.00107800239571391	0	0	0	0	0.0014167729130412	0	0	0	0	0	0	0	0	0.324344068889537	0.0429368312243813	0	0.000229830840508639	0.000513917400800733	0	0	0.000229830840508639	0.00139800686802806	0.00646805822082802	0	0.00299663199494488	0.00205567096051837	0	0.00125883567895971	0.000459661693157452	0	0	0	0.0630884248940677	0.478052980493651	0	0.00105321740911047	0.00554938438666478	0	0.00388000085383653	0.0193520909958221	0.00114915444534682	0	0	0.00582795576057608	0.659462304249498	0.00125883567895971	0	0.0193534560561208	0	0	0	0	0.130644665961744	0.00117191219850824	0.0556815359114118	0.000325029894560391	0.00105321740911047	0	0	0	0.027275888265411	0	0	0	0.016315475996649	0	0.000325029894560391	0.227787456118123	0	0	0.000398078699916355	0	0	0	0	0.00318463489825966	0.00248600317919488	0.000459661693157452	0.0142685188436405	0	0.00270966893921007	0	0	0
NS46	0.00493489899356538	0	0.0043095679044276	0.0128287363376564	0.00105211992424842	0.00178826063131238	0.0688268050729499	0.00367824990183904	0	0	0.00594138114483953	0.00327117901134949	0.560724771747753	0.00799742565449162	0	0.30527077694032	0	0.00110903180015721	0	0	0	0.00291319173956474	0.0286740577316169	0.000495974017535544	0.00519000668569737	0	0.000350706583902519	0.048057617008288	0	0.174868599508176	0	0.00748911313269507	0.0165806889995754	0.0026709048905688	0.00297584837539686	0	0	0	0.000859052268045124	0.00293422594824328	0.0014460007632993	0.150137194773338	0.0940013726532502	0.0228840896913368	0	0.101689425320278	0	0.0455617320005863	0.0127566197785772	0	0	0.00135828114867115	0	0.00148792254062616	0	0	0	0	0	0	0.00201465726334551	0	0.601979800419033	0.0311271475929112	0.000859052268045124	0.000607441646772201	0.000495974017535544	0.00435216790183574	0.0022728403417458	0.000350706583902519	0.00791238357807617	0.00812710430992703	0.000350706583902519	0.00242976882846543	0.000350706583902519	0	0.00182232583686621	0.00126449088195588	0.000495974017535544	0	0	0.079039555507067	0.422599405517132	0.000784203826064935	0.00264777968335967	0.00364465772547745	0.00135828114867115	0.0164690231280204	0.0616537162892353	0.00293422594824328	0	0.000495974017535544	0.0171783083483941	0.0437159589144746	0.00235261340726455	0	0.0021332664419812	0	0	0.000350706583902519	0	0.142874184437425	0.000784203826064935	0.00110903180015721	0.000350706583902519	0.00557835852409873	0.000607441646772201	0.0321693759047146	0	0.0316467128955266	0	0.000701413210940242	0	0.000991948157075902	0	0.00182232583686621	0.0978307516782968	0	0	0.000350706583902519	0.000350706583902519	0.000701413210940242	0	0.00171810517004656	0.00916558823736581	0.0948915516973945	0.00156840813439664	0.0129859834156571	0	0.00756265913821641	0	0.000607441646772201	0.000607441646772201
NS51	0.00335853348472453	0	0.023598214507595	0.0110492837239425	0.00181645509223528	0	0.00381828247803178	0	0.000391746574581757	0	0.0102830621674326	0.00354742345890046	0.17512948446484	0.00159128273926144	0	0.462743833009949	0.000277006655850784	0.0133916020671663	0	0.000783493209283066	0	0.0358015807658754	0.0149845467936983	0	0.00597336781895477	0	0	0.0114282420500666	0.000277006655850784	0.230316403709425	0	0.00181645509223528	0.0512806805260199	0.00425546978273878	0.000554013332957036	0.000479789614240154	0	0	0	0.00554016138717466	0	0.0194371444972124	0.129993073787884	0.0257719168249479	0	0.065433162001998	0	0.0229484667900538	0.0029705697735645	0	0	0.000732890779127518	0	0.0154733669908561	0.000554013332957036	0.000998761854590216	0	0.000391746574581757	0.000554013332957036	0	0	0.000277006655850784	0.719836044009235	0.0531033616593415	0.00203557626629372	0.00156698689952305	0	0	0.00904005177762874	0.000479789614240154	0.00872911747875865	0.000918727259382206	0	0.000959579338926998	0.00161521316648646	0.000391746574581757	0.00183745529422628	0.00279763370234307	0	0	0	0.00275618487999999	0.447695848151962	0	0.00293156705309333	0.00859177861430472	0.000479789614240154	0.0275653046693853	0.212770240623814	0.0452592102151117	0.000277006655850784	0	0.0192207346337844	0.0204230294738396	0.00422833563640195	0	0.003828317452255	0	0.000678525005576711	0.000732890779127518	0	0.0176099073336304	0	0.000918727259382206	0	0.00406172599882688	0	0.00277007006567168	0	0.117039703538178	0.000277006655850784	0	0	0.00129927673311816	0	0.000277006655850784	0.0416414424802097	0	0	0	0.00376770672623899	0.00107284235698361	0.000391746574581757	0.00177370893935222	0.00929947468335355	0.0196784936874423	0.00218115429087767	0.0210394734121049	0	0.00443212094745654	0.000554013332957036	0.000391746574581757	0
NS55	0.00991220832990071	0	0.00459627896150079	0.0101073700756824	0.00156838637611087	0.00076077890154629	0.0201332699793144	0	0	0	0.00459627896150079	0.00478143901224857	0.348904949396973	0.0012028972363983	0	0.186923106383305	0.000380389423252702	0	0	0	0	0	0.00586839574626688	0.00053795189432051	0.00458051112373626	0	0	0.0184175466637247	0	0.107074957863132	0	0.00186352101467872	0.105691481142292	0.00137151396708749	0.00126160929539898	0.000380389423252702	0	0	0	0.00131770796502775	0	0.0835682290087214	0.0706247775474838	0.0227332095539559	0	0.331988967994036	0	0.0248038163747114	0.00387923581972852	0	0	0	0	0.00182428455504956	0	0.00263541821807033	0	0	0	0	0.00190194821708272	0	0.758823934655743	0.0133898913503719	0.00114116848992172	0.00053795189432051	0	0	0	0	0.00289696352157649	0.00448474008435492	0	0.000380389423252702	0.000380389423252702	0	0.00433712021631122	0	0	0	0	0.0316782849963613	0.484450346009562	0	0.00234487997960283	0.00279528354435895	0.00076077890154629	0.00704496881245718	0.0722135042528733	0	0.00100641596091046	0	0.00335951466066345	0.00902585841293161	0.00274303051407059	0	0.00065885383951337	0	0.00131770796502775	0	0	0.0285254656346037	0	0.00137151396708749	0.000380389423252702	0	0	0.00208348013463281	0	0.0818698432236299	0	0	0	0.000931760102872454	0	0.000380389423252702	0.0264613524861323	0	0	0	0.000380389423252702	0.00170115399610679	0	0	0.00843754548117225	0.017895437067997	0.00297094066852424	0.00837730584797101	0	0.00221803419347204	0	0	0
NS58	0.00701031059384073	0	0.0115855776441206	0.0211443223084169	0.00412031469624907	0	0.00523871237148562	0.000437571453332737	0	0	0.00622935295342587	0.0102247537209675	0.0454374314064326	0.00025263199099678	0	0.250839286831762	0.00035727559175736	0.00460319015534632	0	0	0.00025263199099678	0.034425068114913	0.0409963027730434	0.000505263998117274	0.0104470649626921	0	0.00035727559175736	0.0156454746149079	0	0.0783217718347628	0	0.00312489020235399	0.131139888381455	0.00739575831106581	0	0	0.00035727559175736	0	0	0.00025263199099678	0	0.0249082972512699	0.00674584563387516	0.0128920167297647	0	0.202430490078714	0	0.0115054152525417	0.00468564250440147	0.00025263199099678	0.00025263199099678	0.00035727559175736	0	0.00545945056502631	0	0.00140659584524821	0.00025263199099678	0.00025263199099678	0	0	0.00140659584524821	0.00025263199099678	1.08611268993376	0.0085858771099586	0.00025263199099678	0.0013604653122738	0	0.000505263998117274	0.00850746373040186	0.00025263199099678	0.0101840970671871	0.00178637887088302	0	0.00101052812522431	0.00230158898149937	0	0.00500825497235661	0.00167577181484817	0	0.000505263998117274	0	0.00387278472691296	0.168623395014793	0	0.00294617420396547	0.0213202226166692	0.000564902329195729	0.00605266918956601	0.0936927520188665	0.0115469480276084	0.000714551229119476	0	0.00161763471298409	0.0721211033381483	0.00485292107086068	0	0.0013604653122738	0	0	0.000437571453332737	0	0.00890337930723424	0	0.00121158074975069	0.00025263199099678	0.00209852044286762	0	0.00652949595796335	0.000437571453332737	0.151042463022947	0	0	0.000437571453332737	0.00161763471298409	0	0	0.0166668255716491	0	0	0.00035727559175736	0.00025263199099678	0	0.000564902329195729	0.000714551229119476	0.00464459929313428	0.135467674105376	0.0017502866511448	0.0152152423717304	0.00183918967331993	0.0012376392440852	0	0	0
NS6	0.00376819733003652	0	0.00226625363241112	0.0042362170339337	0.00143330391067761	0	0.00730023479942756	0	0.000491619036996921	0	0.00351086923800965	0.00309954493015783	0.855606481983865	0.00664145602455801	0	0.0126230783291108	0	0	0	0	0	0.000695254337647771	0.00837928235065759	0	0.00479172779343181	0	0	0.00978325098068201	0	0.0516517388705105	0	0	0.0658888317360043	0.000952016276942723	0.000919735093250015	0.00024580951107227	0	0	0	0.000886278903269874	0	0.0525377301773329	0.025131784127607	0.0165687565923325	0.000602107906367371	0.0986226914972208	0	0.0215307037270752	0.00170301905469679	0	0	0.000425754570735862	0	0.00101349874123363	0.000347627147819443	0	0	0	0	0	0.000602107906367371	0	0.471154608260101	0.0137745441832656	0.00185582215778686	0.000491619036996921	0	0	0	0	0.0025188005957575	0.00115294904847144	0	0.00552390977380547	0.00244577616811758	0	0.00149520142560287	0.00282413999661107	0	0	0	0.071384347700021	0.348301876804797	0	0.00122904785240915	0.00896795721549085	0.000347627147819443	0.0217235375356098	0.0510642244356332	0	0	0	0.026102795030942	0.0411176676223851	0.0023319558666144	0	0.0208852025021137	0	0	0.00024580951107227	0	0.172550581522266	0	0.000347627147819443	0	0	0	0.00208576435723017	0.000347627147819443	0.0445904165656273	0	0	0	0.000695254337647771	0	0.000695254337647771	0.209345605967781	0	0	0	0	0	0	0	0.00683426486928945	0.00130070202604481	0.00104288161149391	0.00929550420465081	0	0.0073825414214772	0	0	0
NS62	0.0071703256103695	0.000394710062045371	0.0368371263158709	0.0139443910568853	0.00157884086312479	0	0.151913631660884	0	0	0	0.00494572293563082	0.00388745296446065	0.184412959122916	0.00284629850455817	0	0.257509253902561	0.000394710062045371	0	0	0	0	0.0031576856619041	0.0429786477043544	0	0.00577414235021493	0	0	0.0296759469707569	0	0.1162107884406	0	0.000558204337444027	0.00697202606190523	0.0328831644395196	0.00216191767452194	0	0	0	0.000558204337444027	0.000882598621806873	0	0.122127539021842	0.0108097904744123	0.0413679190626422	0.000558204337444027	0.151459397427467	0	0.0196893525477371	0.00563761703295176	0	0	0	0	0.0016274319534342	0	0.000394710062045371	0	0.000394710062045371	0	0	0.00157884086312479	0	0.972255908532862	0.0157297327791266	0.000683657917224982	0.00596002636719379	0	0.000882598621806873	0	0	0.00601208061199291	0.00517659691880487	0	0.00118413043211331	0	0	0.00346357357288978	0	0	0	0	0.0199253810686829	0.313099764538503	0	0.00240092982007702	0.00334923211231661	0.000558204337444027	0.00732084626642085	0.0662798762336486	0	0	0	0.0023015373563381	0.00904406674253459	0.00243315857122733	0	0.000558204337444027	0	0.00205097502981177	0	0	0.150893803396914	0.00104430482684553	0	0	0	0.000558204337444027	0.00853898775284722	0.00104430482684553	0.090104512690929	0	0.00078942018558502	0	0.00147687031781588	0	0.00078942018558502	0.0762898247872168	0	0	0.000394710062045371	0.000394710062045371	0	0	0.00118413043211331	0.0120373295009295	0.014033499334932	0.00384716719080563	0.00796305986721686	0.000966838373878136	0.00559600999862312	0	0	0
NS67	0.00305740787010589	0.000430236277111744	0.0082702604290427	0.0292317434404553	0.00163829161651735	0	0.109487617236916	0.000680263315331984	0.000430236277111744	0	0.0126063298454809	0.00596156385832745	0.183235429755078	0.000912669065721708	0	0.495186999719542	0	0.00445041320918148	0	0.00169384267454383	0	0.0254340363886595	0.0165913766623404	0.000526929682007253	0.0096060816568558	0	0	0.0248875625485353	0	0.0796377347066953	0	0.00174762885484957	0.175396531599715	0.00506330111703837	0.000430236277111744	0	0	0	0.000430236277111744	0.00305740787010589	0.00132607761334344	0.0762036701688564	0.117443439900571	0.0323664542033492	0	0.0993362478058333	0.0010968917723426	0.030379779661708	0.00931750680938344	0.000304222984365447	0	0.00060844599688723	0	0.00381191224108115	0	0	0	0	0	0.000304222984365447	0	0	0.62572211535384	0.138833588460609	0	0.0103482389001201	0	0	0.00471301958323821	0.00060844599688723	0.00764206843533539	0.0032765876302291	0	0.00266954898320649	0.00152111548495444	0.000304222984365447	0.00602334411550708	0.00132607761334344	0	0.000804898434235535	0.000304222984365447	0.00669295552190757	0.533751838873284	0	0.00391964894171849	0.0147420130975072	0.00142693274259578	0.0215500201874604	0.0617252267100893	0.0141067071211223	0	0	0.0062198936182974	0.142626185000604	0.00452261514794409	0	0.00149038268820423	0.00105385951031918	0.00129070914988801	0.000304222984365447	0	0.00654614487961857	0	0.00296520316305658	0	0.00291800845308949	0.00404743454972982	0.00403598486184761	0	0.0663476419537818	0	0	0.00117825080642872	0.00599253359937831	0	0.00348199819038547	0.0593473911058382	0.000680263315331984	0.000745191137195934	0.00105385951031918	0.00750149593806167	0	0.000430236277111744	0.00086047263386165	0.00616008479959303	0.0456736564853383	0.00145900267365763	0.0385066465543402	0	0.00172094590482938	0	0	0
NS7	0.0036480150776796	0.000451323832948696	0.0273920016999496	0.0188705580157873	0.00806519901755525	0.00119409086596701	0.00509285351207062	0.000638268307246744	0.000260571930547209	0	0.0137664278053071	0.00815311903647504	0.201171025700913	0.00505269863831573	0	0.478972506986763	0.000368504362323704	0	0.000260571930547209	0	0	0.00176728571727215	0.0548169957492579	0.000582656576105955	0.00637740474830026	0	0	0.00731466780111776	0	0.0651280115330059	0	0.00534016080732671	0.212384496122577	0.00374898597533015	0	0.000260571930547209	0	0	0.000260571930547209	0.00348622185319882	0	0.0565881120907856	0.0394065710384034	0.0178667622164689	0.000368504362323704	0.0530177592004674	0	0.0164126317026145	0.00552759345832458	0.000864219422321222	0.000260571930547209	0.00107436578724265	0	0.00667903223388429	0	0.000638268307246744	0	0.00104228789911135	0	0	0	0	0.445724017647928	0.239338788327269	0.000260571930547209	0.00160627392999756	0	0.00357278986935492	0	0	0.00919060137560911	0.0027576375713858	0	0.00415284509987962	0.00294803910206863	0	0.00488183288972937	0.00135397186657278	0.000260571930547209	0.000451323832948696	0	0.0336564716378344	0.585178732018875	0.000451323832948696	0.00149687232100739	0.0277113004363861	0.000582656576105955	0.00906787759452682	0.171703340699183	0	0.00156343220251243	0	0.00187901199750583	0.257004321950914	0.00612209236339096	0	0.00263165050719815	0.000368504362323704	0.00116531335001734	0.00093950558411523	0.00166847519931997	0.0845513400429031	0.000368504362323704	0.058897353607692	0.000521143878786662	0.00260572222470106	0.000781715862410617	0.00145080360138623	0	0.113363287055292	0	0	0	0.0507316264638713	0	0.000521143878786662	0.0648661176446566	0	0.00093950558411523	0.000521143878786662	0.000260571930547209	0	0.00107436578724265	0.000737008774688642	0.00738396016087833	0.090958518054622	0.00135397186657278	0.0669307091023315	0	0.0048329081080533	0	0.00113580694413481	0.000260571930547209
NS70	0.00665947821456875	0	0.0288114020922718	0.0157952201840079	0.00207500282236584	0	0.00373501108408291	0	0	0	0.011752913998178	0.00460259185771888	0.218526974826584	0.000973262049203199	0.000293449506965575	0.316800325792608	0.000415000278578541	0.0130316415457789	0	0.000508269470109885	0.000293449506965575	0.0408978785982689	0.0179230140740909	0.000776394484642798	0.00306370754645149	0.000776394484642798	0	0.0118877016640031	0.000293449506965575	0.0657164116041171	0	0.00406616679060152	0.194228152470684	0.00250723627743611	0.00207500282236584	0.000718801608918536	0	0	0	0.000973262049203199	0	0.0640918710948927	0.00981208379695002	0.0312336757725299	0.000293449506965575	0.163290416781267	0	0.0199839269144917	0.00734803229781777	0	0	0	0	0.00250723627743611	0	0	0	0	0	0.000293449506965575	0	0	0.600750983078312	0.013839316215009	0.000415000278578541	0.000508269470109885	0	0.000508269470109885	0.00979890983969892	0.000508269470109885	0.0114372531370627	0.00217628147624691	0	0.00345972551519405	0.00105804742634653	0.000293449506965575	0.00143760358922477	0.000656173083208682	0	0	0	0.00593468375354073	0.525909412683667	0	0.00173607154267371	0.0124434105237909	0.000293449506965575	0.00444071136951574	0.054527312480439	0.0469976390755059	0	0	0.00152480893555118	0.411034731923296	0.00303546992095587	0	0.00279933349918628	0	0	0	0	0.03226903494492	0	0.000718801608918536	0	0.00438214959805546	0	0.00554459349644167	0.000415000278578541	0.186380037845514	0	0	0	0.0111358558364711	0	0.000776394484642798	0.0540688730496988	0	0	0.000293449506965575	0	0	0	0.000586899039200858	0.00838782766106456	0.0522561423042068	0.00178498458776365	0.0194819478297191	0	0.0016338584106526	0.000586899039200858	0	0
NS71	0.0103537902671552	0	0.0935706213779092	0.0267968420102612	0.000973124617080566	0	0.304518811228851	0	0	0	0.0060302682929529	0.00640346893017482	0.367075812381679	0.00847243389633807	0	0.493366390794613	0.000307728980003785	0	0	0.00106600464172642	0.000435194503925204	0.00319801877068657	0.0238368547217291	0	0.0102987633550811	0.000307728980003785	0	0.0359936456268324	0	0.114705453522539	0	0.00199431301530555	0.180156325493903	0.00242306274442894	0.000615457989148625	0	0.000688102961376059	0	0	0.00150755850740541	0.000307728980003785	0.0736917605480631	0.0141426184551833	0.036310869027177	0.000753779039560335	0.162994036163208	0	0.0522216787235279	0.0113820585794991	0.000435194503925204	0	0.000533002245152498	0	0.00325670311461536	0.000307728980003785	0.00126879940902376	0	0.00106600464172642	0	0.000533002245152498	0.000814174429397577	0	0.589018873781016	0.0271341372870972	0.00248099285947343	0.00328565225977385	0	0.000870389090273775	0.0011514166474	0.000533002245152498	0.00852258477552505	0	0	0.000814174429397577	0.00276956431697209	0.00102062172487462	0.00106600464172642	0.00123091621142584	0.000307728980003785	0.000615457989148625	0	0.0191571459651169	0.313884689896881	0.00266501425419914	0.00184637489996101	0.00358871340455071	0.000923187056575599	0.013282737454734	0.167540869532754	0.00119182947804676	0	0	0.00262924054547922	0.0142294101178656	0.00882287108764754	0	0.00250000461649331	0	0.00303078355766488	0	0.00153864548284054	0.0494851738867522	0	0.00189696994122104	0.000435194503925204	0	0.000307728980003785	0.00535663163265023	0.000973124617080566	0.116590399411801	0	0	0	0.00130558384146922	0	0.00210968512909685	0.0673302961273286	0	0.000435194503925204	0.000533002245152498	0.000307728980003785	0.00153864548284054	0.000923187056575599	0.000435194503925204	0.00858348241704505	0.0993250466569961	0.000814174429397577	0.00315328888323385	0.000307728980003785	0.00282038638344717	0	0.00201791520615792	0
NS72	0.00912252043856902	0.000278101090140977	0.01053505166498	0.0397623983402865	0.0102635798237255	0.0017367416019767	0.0567508087157687	0.000278101090140977	0.000278101090140977	0	0.0189712201241454	0.00789541057019487	0.0469438627571357	0.000278101090140977	0	0.604611260765182	0.000278101090140977	0.00263830162056432	0.000393294338457691	0.00215416341962584	0.000393294338457691	0.00956536795197873	0.0113241139494845	0.000393294338457691	0.0106989665292647	0	0	0.0189099558847832	0	0.115529304922637	0	0.000786588737750339	0.24567665405194	0.00295625940679418	0.000393294338457691	0.000481685230182346	0	0	0	0.00130441008911324	0	0.0289225338274051	0.0157078189416554	0.0155394847203787	0	0.178608574892538	0	0.0319507661914547	0.0174083190336173	0.000963370572125662	0	0	0	0.00351773866817123	0	0	0.000393294338457691	0.000556202201790356	0	0	0.00147157315985132	0	0.639636047605092	0.322481686586547	0.00587317054158542	0.000621852974234855	0	0.000481685230182346	0.00225930582964387	0.000556202201790356	0.0134560161123904	0	0	0.000621852974234855	0.00460340834829298	0	0.00921111364842358	0.000621852974234855	0	0	0.000278101090140977	0.00449287566791068	0.163170555808864	0	0.00217204062900604	0.00298230632533654	0	0.010331180623351	0.123905436949522	0.0097654244990863	0.000481685230182346	0.000393294338457691	0.000278101090140977	0.0787609150114453	0.00516552139365771	0	0.00280868698986262	0.000834303356456552	0.0020054167988776	0.000556202201790356	0	0.00816035554832997	0	0.122372245539735	0.000278101090140977	0.00104055917256292	0	0.0316073856618561	0.000393294338457691	0.190898530354114	0	0	0.000278101090140977	0.00462854106172045	0	0	0.0208868917455736	0	0.000278101090140977	0	0	0	0	0.00104055917256292	0.0115540101337144	0.0194504163012955	0.00225930582964387	0.0602811827883864	0	0.000481685230182346	0	0.00100270789536506	0
NS77	0.00148306725144153	0	0.155651743105591	0.00751174805354183	0.00136422337631491	0.0007695256045399	0.00406155661739882	0.000650367820459994	0.00071244226192774	0	0.00396672070360177	0.00253560309606888	0.510612314851794	0.00809710197385371	0	0.101229995128713	0.000290853314982098	0.00136422337631491	0	0	0	0.00197266441048708	0.0268957730739945	0	0.00275928028351174	0	0	0.0126850129600267	0	0.104035233013584	0.0007695256045399	0.00314606476787339	0.0761499268795881	0.0007695256045399	0	0	0	0	0.000290853314982098	0.00454328958411465	0	0.0240007869175592	0.29453668796159	0.0134678890972489	0	0.0885537521944044	0	0.0187831132303435	0.00444921480239668	0	0	0.00176919254418291	0	0.00533938240323113	0	0.00071244226192774	0	0	0	0	0	0	0.298939487859414	0.0052756257022494	0.00108827365394083	0	0	0	0.00161940340694124	0	0.00927101080568565	0.00264980287096905	0.00580253788947904	0.00499559044474381	0	0	0.00234493650829798	0.00355032457381247	0	0	0.000290853314982098	0.0681173112215162	0.542366901900702	0	0.00100754559445999	0.0110870426067687	0.000411328708508294	0.00372474838158198	0.0460492656149878	0	0	0	0.00357407292981232	0.46235745990657	0.00388047690447844	0	0.00376989870790262	0	0	0	0	0.0895650131432752	0	0.000581706654569126	0.000503772733304491	0.0023807392034026	0	0.00130073591601167	0	0.0757776572144362	0.000411328708508294	0.000290853314982098	0	0.0212458395161414	0	0.000964651450835575	0.206811693820922	0	0.000503772733304491	0	0	0	0	0.000411328708508294	0.0028645768177406	0.00835928425362527	0.00100754559445999	0.0170548538453126	0	0.00183951889220803	0	0	0
NS78	0.0109865651080999	0.00220641958071661	0.00744302934881731	0.0132007936353569	0.00100360877464119	0.0020072185601496	0.00542013248795255	0	0	0.00108402140217884	0.0635707844135696	0.00655559091934078	0.0751044542406678	0.00122916480279648	0	0.430603566217876	0.000409721509224561	0.00946816611802082	0	0	0	0.0313401202777797	0.0145845305844609	0	0.0123328616569621	0	0	0.0141877299424019	0	0.0778523513043358	0	0.00141931737867768	0.194781875294539	0.00135889289483568	0	0	0	0	0	0	0	0.021479813799963	0.0147846165606048	0.0165069841595155	0	0.125142911396855	0	0.020065153354515	0.00819452166552255	0.000409721509224561	0	0	0	0.00235367298465859	0	0	0	0	0.000409721509224561	0.000579433731353105	0	0	0.844197877797052	0.0459085902790492	0	0.00309333440587255	0	0	0.00593746347104207	0.000579433731353105	0.00938803678890171	0.00588064367357865	0	0.00443183011418177	0	0.000579433731353105	0.00196495653920872	0	0	0	0	0.0142938371404734	0.307828667846681	0	0.00292600092704506	0.00552747334704678	0.000916165249002107	0.00431669724163175	0.0931876084939142	0.0358530434859002	0	0	0.000709658510641277	0.11481597294705	0.00340340894083935	0	0.00417836798262081	0	0	0	0	0.0375358137850947	0	0.00158684520337848	0	0.00364169237835677	0	0.00853569503334912	0.000409721509224561	0.27200243992693	0	0	0	0.00472515640246838	0	0.00141931737867768	0.0262891449333471	0	0.000409721509224561	0.000819443087229795	0	0	0.000409721509224561	0.00108402140217884	0.0198548372955614	0.0476268657531497	0.00238906861638919	0.0176332249921127	0	0.00168932581586103	0	0	0
NS79	0.00779631591904159	0	0.0768993666942886	0.00619919075088143	0.00103845003520535	0.00121264846321202	0.00464410559900581	0	0	0	0.00393567156825117	0.00531358304278361	0.319461581806266	0.00246538908814959	0	0.455320779150282	0.000442796517696627	0.0116020356769278	0	0	0.000313104415233241	0.0346895424844313	0.0159382736313724	0.000313104415233241	0.0021692526868818	0	0	0.0104129695086695	0	0.0576277858515241	0	0.00103845003520535	0.146075792469982	0.00232204653932231	0.000828396498314808	0	0	0	0	0.00136479090616758	0	0.0556839066197682	0.00993598817400131	0.0504613572552207	0.000442796517696627	0.14932671786491	0	0.0222476777248554	0.00298683015046873	0	0	0	0	0.00177118693897335	0	0.000313104415233241	0	0.000442796517696627	0	0	0	0	0.589263579366291	0.0124144250569622	0	0.00103845003520535	0	0	0.00811064151596139	0	0.00619919075088143	0	0	0.000542312772979882	0.00342989369048494	0	0.00177118693897335	0	0	0	0	0.0230997392325183	0.606409902827601	0	0	0.00300319651465621	0.000766946116189862	0.00446106595553139	0.0439414718464622	0.0407365098609314	0.000542312772979882	0	0.000990123243191373	0.00545020263178088	0.0046123323275592	0	0.000885593122211846	0	0	0	0	0.0595480907372554	0	0.000313104415233241	0	0.00407036857109378	0	0.00187862756572599	0	0.0530339052170617	0	0	0	0.00464410559900581	0.000313104415233241	0.000442796517696627	0.0506051617221737	0	0	0.000313104415233241	0.000442796517696627	0.000313104415233241	0	0.000542312772979882	0.0109050633533015	0.00620709294697091	0.00193010640849323	0.00722863958213811	0	0.00140024594772936	0	0.000442796517696627	0
NS81	0.00829999552302803	0	0.00436376297193034	0.0151817529160344	0.00287419959650214	0.00149675415970876	0.0268014730851303	0.00129622700453179	0	0	0.00379760662673579	0.007000481136828	0.0706296886161781	0.000374188408945244	0	0.308849814438375	0.000916570776525975	0.0195236930649817	0.000529182335162259	0	0	0.062417851747578	0.0193036631221549	0	0.0116181935619981	0.00149675415970876	0	0.037126810900909	0	0.091587780763745	0	0.00583305296468394	0.00321889588843742	0.00406473764685427	0.000836710796896544	0.000374188408945244	0	0.000374188408945244	0	0.000529182335162259	0	0.101502598149883	0.0226889989017321	0.0512972292180214	0.000374188408945244	0.19121846729225	0.00144922594966025	0.0270848333355302	0.00620525244434555	0.000648113366145483	0.000374188408945244	0.000648113366145483	0.00105836481851361	0.00183314232306601	0	0.00194434118740078	0.000916570776525975	0.00105836481851361	0	0	0.00499231666974972	0	0.964615965670376	0.0329812985936914	0.000374188408945244	0.0028001732427495	0	0.000529182335162259	0.014770317747458	0.000648113366145483	0.00211673082254217	0.00171474750847983	0.000529182335162259	0	0.00221373023767245	0	0.00470349260002768	0.00134915587294599	0	0	0	0.00118328789482217	0.339860150665144	0	0.0031529727276533	0.00556273917093538	0.000529182335162259	0.0133825401729048	0.12289911631873	0.0689856516543213	0.000748376870283226	0	0.000990009612170235	0.00272413604210902	0.00282506422700697	0	0.00140008524911939	0	0.00272413604210902	0	0	0.0246677339679629	0	0.00124104284298333	0	0.00659893220770802	0.000529182335162259	0.00385251490138977	0.000529182335162259	0.14348815132844	0.000529182335162259	0.000374188408945244	0	0.00267224285927361	0	0.000648113366145483	0.0345398143953415	0.000374188408945244	0	0	0.000748376870283226	0.00154281891001898	0.000916570776525975	0.00134915587294599	0.0297282244327289	0.0599071400426025	0.00124104284298333	0.0433678043503263	0	0.00144922594966025	0.000374188408945244	0	0
NS83	0.0089672931769543	0	0.0947534617023527	0.0209240865415429	0.00491477717105936	0.00197986603905929	0.100011303144323	0	0.000325487764923746	0	0.0140342307151655	0.00568442994989953	0.214114455372471	0.00529858163074514	0	0.259973747186971	0.000325487764923746	0.00525843991126619	0.000325487764923746	0	0.000563761365998688	0.0166420759303788	0.0155424532356239	0.000325487764923746	0.0038512326236574	0	0	0.0204165337117438	0	0.10221036727923	0	0.00178277082328319	0.277170800357712	0.00442712661892186	0.000563761365998688	0	0.000325487764923746	0	0	0.00243572976529575	0	0.0762337810649694	0.0604988235018006	0.0455048733921759	0.000650975564330417	0.156836287698656	0	0.0592869091366029	0.00548524472286498	0.000325487764923746	0	0	0	0.00121786397948207	0	0.00112752291117599	0.000563761365998688	0.00086115977201574	0.000650975564330417	0.00046030921966937	0	0	0.567362855132412	0.101873727848778	0	0.000325487764923746	0.000563761365998688	0.00707146309631636	0.00402607210938929	0.00079727901197012	0.00972129065082994	0.0102981538447009	0	0.00565640435243022	0.00189790460550815	0	0.0027232293381923	0	0	0	0	0.0309930373284589	0.633673782324844	0	0.0026442781373451	0.0144141320392716	0.000920618536871202	0.00815029332414347	0.0911767862428227	0.0179057422845711	0	0	0.00126060900456495	0.161982924862211	0.0059929010790097	0	0.000976463432702968	0.000325487764923746	0.00130195140452442	0.000325487764923746	0	0.0598919275015173	0.000325487764923746	0.00205856679293498	0.00046030921966937	0.00178277082328319	0	0.00655036164115325	0.00079727901197012	0.206565783475908	0	0	0.000325487764923746	0.0292328916572044	0	0.00149157284728085	0.0840729560915372	0.00046030921966937	0.000325487764923746	0	0	0	0.00046030921966937	0.00086115977201574	0.0144324976121323	0.0587751322121169	0.00181224013804484	0.00729273392410434	0	0.000727812819618079	0	0.000563761365998688	0.0016274395142779
NS86	0.00411922661730736	0	0.0190142917326739	0.0160545469040276	0.00406868176457911	0.00430348594503671	0.00744000848024946	0.0030852270865144	0.000719246194144355	0	0.0367179976809233	0.00298292547110982	0.0697633632777864	0.00192994109086613	0	0.285446696577751	0.000321656654346577	0.00435130422342828	0	0	0	0.0273423297251736	0.0159770128505399	0.000719246194144355	0.00401750106313478	0.000454891210848553	0	0.013192227307564	0	0.0821033033959433	0	0.00452612569789587	0.0920036877576663	0.00173217493130996	0.000787894743451537	0.000643313341972723	0	0	0.000643313341972723	0	0.000321656654346577	0.0227487961624804	0.0379564192134174	0.0180510491446368	0	0.0989145250079887	0.000557125687134859	0.0172327654405606	0.002133630449634	0	0	0	0	0.00187556554543689	0	0	0	0	0	0	0.00096497009615804	0	0.680090440093348	0.0825023470362788	0	0.00101716781014359	0.000321656654346577	0.000321656654346577	0.00863106074729258	0.000643313341972723	0.0135061600812812	0.00392632986083323	0	0.00287698849736026	0.00628676280677127	0	0.00203433667268177	0.00181956578468385	0	0	0	0.00891412858783833	0.719637982585829	0	0.00124577116622742	0.0309943727287372	0.000321656654346577	0.00495186140331974	0.0652418791878623	0.0134984965455207	0.000557125687134859	0	0.00120352926653594	0.10687947581238	0.00356735237239685	0	0.00500382402790868	0.000321656654346577	0.000454891210848553	0	0	0.0383513589329651	0	0.0032960058115717	0.000321656654346577	0.00176178693459228	0.000321656654346577	0.0173613939886671	0.000454891210848553	0.162697705315189	0	0	0	0.00658419496463432	0.000321656654346577	0.000321656654346577	0.0322708252434437	0	0	0	0	0	0	0.000454891210848553	0.0110354381025694	0.00406868176457911	0.000909782515825965	0.0425968683404688	0	0.000557125687134859	0.000454891210848553	0.00296553212026315	0
NS9	0.00837882774967974	0	0.090445248752365	0.0072957514136249	0.000297349995289447	0	0.00638441843013107	0	0.00107211084436083	0	0.00388836548196329	0.00341629794675018	0.565168796562938	0.0145250762332685	0	0.0526737786165438	0	0	0	0	0	0	0.0394368570517699	0.000297349995289447	0.0026429076059407	0	0	0.0219553776768922	0	0.117828413237104	0	0.00206010262471554	0.0909129090306437	0.000841032878975066	0.000940303372063256	0	0	0	0.00107211084436083	0.00424702012395583	0	0.0419776718196233	0.0797515631816732	0.0280981576478211	0	0.0933112887208325	0	0.0296261242415775	0.00454859590286412	0	0	0.000728355817144011	0	0.00160127939074313	0	0	0	0	0	0	0	0	0.541636502709628	0.0146040065446852	0	0.000297349995289447	0	0	0	0	0.00190397008412864	0.00300309221552098	0	0.0060575168919193	0.0112210122889088	0	0.00270899065530225	0.000728355817144011	0	0.000297349995289447	0	0.11780190206131	0.492971712444576	0	0.0026429076059407	0.00237880217074842	0.00107211084436083	0.00473899677811713	0.133963445208675	0	0	0	0.00513307924226413	0.0276330754849542	0.00115163181733996	0	0.0013626292629076	0.000594700016869699	0	0	0.00148675050226376	0.300394598329744	0.00173383436161854	0.00452911561175784	0.000297349995289447	0.000420516402306713	0.00145671202068274	0.00603558227342571	0	0.0945389651565459	0	0.00168206635284396	0	0.00180871036925658	0	0.00154507649039673	0.201135226815485	0	0	0.000515025314650691	0.000297349995289447	0	0.000297349995289447	0	0.00471092724034063	0.00713026271696557	0.00145671202068274	0.00850452019164791	0	0.00354334149807957	0	0.000515025314650691	0.000594700016869699
