feature	Absiella	Acidaminococcus	Actinobacteria.gen...Trueperella.Streptomyces.	Actinobacteria.gen...Xylanimonas.Schaalia.Sanguibacter.	Actinomyces	Adlercreutzia	Akkermansia	Alistipes	Anaerococcus	Anaerofustis	Anaeromassilibacillus	Anaerostipes	Anaerotignum	Anaerotruncus	Atopobiaceae.gen..incertae.sedis	Atopobium	Bacteria.gen..incertae.sedis	Bacteroidales.gen..incertae.sedis	Bacteroides	Barnesiella	Bifidobacterium	Bilophila	Bittarella	Blautia	Bradyrhizobium	Butyricicoccus	Campylobacter	Catabacter	Christensenella	Clostridia.gen..incertae.sedis	Clostridiaceae.gen..incertae.sedis	Clostridiales.Family.XIII..Incertae.Sedis.gen..incertae.sedis	Clostridiales.gen...Clostridium.Eubacterium.	Clostridiales.gen...Clostridium.Flavonifractor.	Clostridiales.gen...Ruminococcus.Blautia.	Clostridiales.gen...Ruminococcus.Clostridium.Blautia.	Clostridiales.gen...Ruminococcus.Clostridium.	Clostridiales.gen...Ruminococcus.Eubacterium.	Clostridiales.gen...Sellimonas.Drancourtella.	Clostridiales.gen..incertae.sedis	Clostridium	Collinsella	Coprobacillus	Coprococcus	Coriobacteriia.gen..incertae.sedis	Corynebacterium	Desulfovibrio	Dialister	Dielma	Dorea	Eggerthella	Eggerthellaceae.gen..incertae.sedis	Eisenbergiella	Erysipelatoclostridium	Erysipelotrichaceae.gen..incertae.sedis	Escherichia	Eubacterium	Faecalibacterium	Faecalicatena	Faecalitalea	Fenollaria	Finegoldia	Firmicutes.gen...Carnobacterium.Phascolarctobacterium.	Firmicutes.gen...Catenibacterium.Roseburia.	Firmicutes.gen...Clostridium.Eubacterium.	Firmicutes.gen...Coprobacillus.Clostridium.	Firmicutes.gen...Erysipelatoclostridium.Clostridioides.	Firmicutes.gen...Lactobacillus.Lachnospira.	Firmicutes.gen..incertae.sedis	Flavonifractor	Fusicatenibacter	Gemella	Gemmiger	Haemophilus	Holdemanella	Holdemania	Hungatella	Intestinibacter	Intestinimonas	Lachnoclostridium	Lachnospira	Lachnospiraceae.gen..incertae.sedis	Lactobacillus	Lactococcus	Leuconostoc	Massilimaliae	Massilioclostridium	Massiliomicrobiota	Mediterraneibacter	Megamonas	Megasphaera	Merdibacter	Merdimonas	Mesorhizobium	Mobiluncus	Mogibacterium	Neglecta	Odoribacter	Oscillibacter	Parabacteroides	Paraprevotella	Parasutterella	Parvimonas	Peptoniphilaceae.gen..incertae.sedis	Peptoniphilus	Peptostreptococcaceae.gen..incertae.sedis	Peptostreptococcus	Phascolarctobacterium	Phocea	Porphyromonas	Prevotella	Pseudoflavonifractor	Ralstonia	Romboutsia	Roseburia	Rothia	Ruminococcaceae.gen..incertae.sedis	Ruminococcus	Ruthenibacterium	Saccharibacteria.gen..incertae.sedis	Senegalimassilia	Solobacterium	Staphylococcus	Stoquefichus	Streptococcus	Sutterella	Sutterellaceae.gen..incertae.sedis	Tissierellia.gen..incertae.sedis	Turicibacter	Tyzzerella	Urmitella	Veillonella	Veillonellaceae.gen..incertae.sedis
NS10	0.000772499034376207	0.000386249517188104	0	0	0.000128749839062701	0	0.000128749839062701	0.000257499678125402	0	0	0	0.0276812153984808	0.00193124758594052	0.000257499678125402	0	0	0.00141624822968971	0	0.00424874468906914	0.000128749839062701	0.0780224024719969	0.000128749839062701	0.000128749839062701	0.14110982361272	0	0.00708124114844856	0	0	0	0	0	0	0.000128749839062701	0	0.00270374662031672	0.00141624822968971	0	0	0	0.105188618514227	0.0354062057422428	0.134543581820523	0	0.0288399639500451	0.000257499678125402	0	0	0.0468649414188232	0	0.0772499034376207	0.0119737350328312	0.00102999871250161	0	0.00102999871250161	0	0.000128749839062701	0.102098622376722	0.038367452040685	0	0	0	0	0.000257499678125402	0	0.000257499678125402	0	0.000128749839062701	0	0.000772499034376207	0.000386249517188104	0	0	0.00939873825157718	0	0	0	0	0	0	0.00205999742500322	0	0.0627011716235355	0	0.000128749839062701	0	0	0	0.000386249517188104	0.000128749839062701	0	0.0346337067078666	0	0	0	0	0	0	0	0.00231749710312862	0.000514999356250805	0.000386249517188104	0	0	0	0	0	0	0	0	0	0.00386249517188104	0	0	0.000386249517188104	0.00167374790781512	0	0.0221449723187846	0.000772499034376207	0.000901248873438908	0	0.00128749839062701	0	0	0.000128749839062701	0.000514999356250805	0.000128749839062701	0	0	0	0.00270374662031672	0	0	0
NS11	0	0.00242248062015504	0	0	0	0	0.00254360465116279	0.016109496124031	0	0	0	0.00375484496124031	0	0.000363372093023256	0	0	0.000121124031007752	0.00254360465116279	0.183018410852713	0	0.0334302325581395	0.000363372093023256	0	0.0155038759689922	0	0.00254360465116279	0	0.000121124031007752	0.000242248062015504	0	0	0.00169573643410853	0	0	0.00193798449612403	0.00121124031007752	0	0.000363372093023256	0	0.0651647286821705	0.00738856589147287	0.0104166666666667	0	0.00230135658914729	0.000242248062015504	0	0.00726744186046512	0	0	0.00593507751937985	0.000121124031007752	0.000726744186046512	0	0.000121124031007752	0	0.00060562015503876	0.00847868217054264	0.0443313953488372	0.000121124031007752	0.000242248062015504	0	0	0	0	0	0	0	0.000363372093023256	0.0208333333333333	0.00060562015503876	0.000121124031007752	0.000121124031007752	0	0.000121124031007752	0.00484496124031008	0.000363372093023256	0.000121124031007752	0	0	0.000363372093023256	0	0.0209544573643411	0.00278585271317829	0.000242248062015504	0	0	0	0	0	0	0.0359738372093023	0	0	0	0	0	0.000363372093023256	0.00339147286821705	0.0276162790697674	0.0371850775193798	0	0.000121124031007752	0	0	0	0	0	0.0145348837209302	0.000121124031007752	0	0.286337209302326	0	0	0.000121124031007752	0.00363372093023256	0	0.0380329457364341	0.064437984496124	0.00254360465116279	0	0.000484496124031008	0	0	0	0.000847868217054264	0.00314922480620155	0	0	0	0	0	0	0.00750968992248062
NS13	0	0	0	0	0.000355829676194995	0	0	0.00948879136519986	0.000118609892064998	0	0	0.117186573360218	0.000118609892064998	0.000118609892064998	0	0	0.00106748902858498	0	0.118372672280868	0	0	0	0	0.276598268295576	0	0.00201636816510497	0	0	0	0	0	0.00154192859684498	0	0.000118609892064998	0	0.00865852212074487	0	0	0	0.0226544893844147	0.00889574190487487	0	0	0.00806547266041988	0	0	0	0.000237219784129996	0	0.0532558415371842	0.00332107697781995	0.000237219784129996	0.000118609892064998	0.00189775827303997	0.000474439568259993	0	0.0779266990867038	0.0792314078994188	0.000237219784129996	0	0.000474439568259993	0.000118609892064998	0	0	0	0	0.000830269244454988	0	0.064405171391294	0.000948879136519986	0	0	0.0129284782350848	0	0	0.000830269244454988	0.000474439568259993	0.000830269244454988	0	0.00213497805716997	0	0.0555094294864192	0.000118609892064998	0	0	0	0	0	0	0	0	0	0	0	0	0	0	0	0.000355829676194995	0	0	0	0	0	0.000355829676194995	0	0	0	0	0.000237219784129996	0.000593049460324991	0	0	0	0.0151820661843198	0	0.0460206381212193	0	0.000237219784129996	0	0	0	0	0	0.00415134622227494	0	0	0.000711659352389989	0.000118609892064998	0.000118609892064998	0	0	0
NS21	0	0	0	0	0.000211931757973932	0	0	0	0	0	0.000105965878986966	0.0682420260676062	0	0.000211931757973932	0	0	0.000741761152908763	0.00858323619794426	0.208222952209389	0	0.00222528345872629	0.000741761152908763	0	0.0458832256013564	0	0.00423863515947865	0	0	0	0	0.000423863515947865	0.000529829394934831	0	0	0.00699374801313977	0.00105965878986966	0	0	0.000105965878986966	0.0481085090600827	0.0498039631238741	0	0.000317897636960899	0.00635795273921797	0	0.000211931757973932	0	0.0183320970647452	0.000529829394934831	0.00678181625516584	0.000953692910882696	0	0.000423863515947865	0.000317897636960899	0	0.00105965878986966	0.0127159054784359	0.205891702871675	0.000211931757973932	0	0	0	0	0.000211931757973932	0.00105965878986966	0	0.000211931757973932	0.00487443043340044	0.000953692910882696	0.0225707322242238	0.00158948818480449	0.000105965878986966	0.00529829394934831	0.000317897636960899	0	0.00169545406379146	0.000529829394934831	0.00286107873264809	0	0.00254318109568719	0	0.0292465826004027	0	0	0	0	0	0	0	0	0	0	0	0	0	0	0	0	0.00434460103846561	0.006251986860231	0	0	0	0	0	0.000105965878986966	0	0	0.000211931757973932	0	0.000423863515947865	0	0	0.000211931757973932	0.14983575288757	0	0.0338031153968422	0.0122920419624881	0.00286107873264809	0	0	0	0	0.000211931757973932	0.00434460103846561	0	0	0	0	0.000741761152908763	0	0.00974886086680089	0
NS25	0	0	0	0	0	0	0	0.0130746820152064	0	0	0	0.0118666950898884	0.0360974916506786	0.000213174163291409	0	0	0.00206068357848362	0	0.265046543025652	0	0.00525829602785476	0.0030554963405102	0.000781638598735167	0.0303417892418106	0	0.0134299722873588	0	0	0	0	0	0	0	0	0.00575570240886805	0.00106587081645705	7.10580544304697e-05	0	0	0.113763945143182	0.0696368933418603	0	0	0.0063241668443118	0	0	0	0	0	0.00682157322532509	0.000213174163291409	0	0	7.10580544304697e-05	0.000355290272152348	7.10580544304697e-05	0.0100191856746962	0.194628011085056	7.10580544304697e-05	0	0	0	0.0265046543025652	0	0	0	0.000355290272152348	0	0.0016343352519008	0.0463298514886662	0	0	0.00788744404178214	0	0	0.00319761244937114	0.000213174163291409	0.000142116108860939	0	0.00284232217721879	7.10580544304697e-05	0.0341078661266255	0	0	0	0	0	0	0	0	0	0	0	0	0	0	0	0.000568464435443758	0.00362396077595395	0.00767426987849073	0	7.10580544304697e-05	0	0	0	7.10580544304697e-05	0	0	7.10580544304697e-05	0	0.000142116108860939	0	0	0.000923754707596106	0.000710580544304697	0	0.0326867050380161	0.000497406381013288	0.000994812762026576	0	0	0	0	0.000213174163291409	0.000213174163291409	0.000284232217721879	0.000142116108860939	0	7.10580544304697e-05	0.0376607688481489	0	0	0
NS27	0	0	0	0	0	0	0.0060755843888374	0.0075172484811039	0	0	0	0.0509731232622799	0	0	0.00092678405931418	0	0	0	0.103078982597055	0	0.194521676449387	0	0	0.0411904026361858	0	0.00164761610544743	0	0	0	0	0	0.000102976006590464	0	0	0.00483987230975183	0.00483987230975183	0.000308928019771393	0.000720832046133251	0	0.102976006590464	0.0567397796313459	0.00864998455359901	0	0.00350118422407579	0.000205952013180929	0	0	0.00916486458655133	0	0.00875296056018948	0	0.000308928019771393	0.000102976006590464	0.000102976006590464	0	0	0.062300483987231	0.132118216455566	0.000102976006590464	0	0	0	0	0	0	0	0.000102976006590464	0.000720832046133251	0.0258469776542066	0.000205952013180929	0	0	0	0.000617856039542787	0.00689939244156112	0.000205952013180929	0	0.00164761610544743	0	0	0	0.0547832355061271	0.000308928019771393	0	0	0	0	0	0.000308928019771393	0	0.000514880032952322	0	0	0	0	0	0	0	0.00370713623725672	0.00700236844815158	0.00185356811862836	0	0	0	0	0.000205952013180929	0.000102976006590464	0	0	0	0.000102976006590464	0	0	0.00247142415817115	0.0297600659046442	0	0.00679641643497065	0.03326125012872	0.000102976006590464	0	0.000617856039542787	0	0	0	0.0192565132324168	0.000102976006590464	0	0	0	0	0	0.000720832046133251	0
NS28	0	0	0	0	0	0	0.0277129521586931	0.00780338389731622	7.2928821470245e-05	0	0.000218786464410735	0.00794924154025671	0	0	0.000510501750291715	0	0.00342765460910152	0.000364644107351225	0.014002333722287	0.00904317386231038	0.0116686114352392	0.00029171528588098	0	0.00481330221703617	0	0.00240665110851809	0.00058343057176196	0	0	0.0014585764294049	0	0.000218786464410735	0.00328179696616103	0.00014585764294049	0.00058343057176196	0.000510501750291715	0.00014585764294049	0.00029171528588098	0	0.0937864644107351	0.200043757292882	0.000948074679113186	0.0304842473745624	0.00481330221703617	0	7.2928821470245e-05	0	0.0169194865810968	0	0.00204200700116686	0.00014585764294049	0.000510501750291715	0	0	0	0.000218786464410735	0.0126166861143524	0.0796382730455076	0	0	7.2928821470245e-05	0	0.00284422403733956	0	0	0	0	0	0.00773045507584597	0.000510501750291715	0.00058343057176196	0	0	0.000218786464410735	0.00299008168028005	0	0	0.00043757292882147	7.2928821470245e-05	0	0.00029171528588098	0.0114498249708285	0	0.000218786464410735	0	0	0	0	0	0	0.00014585764294049	0	0	0	7.2928821470245e-05	0	0	0.000802217036172695	0.00758459743290548	0.00619894982497083	0.000510501750291715	7.2928821470245e-05	0	7.2928821470245e-05	0.000218786464410735	7.2928821470245e-05	0	0	0	0.00029171528588098	0.372374562427071	0	0	7.2928821470245e-05	0.0121061843640607	0	0.0136376896149358	0.0142211201866978	7.2928821470245e-05	0	7.2928821470245e-05	0	7.2928821470245e-05	0	0.00109393232205368	0.00247957992998833	0.00014585764294049	7.2928821470245e-05	7.2928821470245e-05	0	0	0.000218786464410735	7.2928821470245e-05
NS29	0	0	0	0	0.000389256520046711	0	0	0.00282210977033865	0	0	0.000681198910081744	0.0362008563643441	0	0.000291942390035033	0	0	0.00136239782016349	0.00535227715064227	0.0354223433242507	0	0.184702218762164	0.000389256520046711	0.000194628260023355	0.0869988322304399	0	0.000194628260023355	0	0	0	0	0	0.00107045543012845	0.00447644998053717	9.73141300116777e-05	0	0	0.000194628260023355	0	0.0142078629817049	0.0475866095757104	0.0351304009342156	0.0155702608018684	0.000194628260023355	0.00116776956014013	0	0	0	0.0170299727520436	9.73141300116777e-05	0	0.00496302063059556	0.000486570650058388	0.00233553912028026	0.0237446477228494	0.00272479564032698	0	0.0118723238614247	0.0608213312572986	0.000291942390035033	0	0	0	0	0	0.0173219151420786	0	0.000973141300116777	0	0.0502140910860257	0.00194628260023355	0	0	0	0	0	0	0.00233553912028026	0.0091475282210977	0.000194628260023355	0.0394122226547295	0	0.00243285325029194	0	0.00107045543012845	9.73141300116777e-05	0	0.000291942390035033	9.73141300116777e-05	0	0	0	0	9.73141300116777e-05	0	0	0.000194628260023355	0	0	0.0043791358505255	0	0	0	0.000389256520046711	0	0	0.000291942390035033	9.73141300116777e-05	0	0	0	0.000194628260023355	0	0	0.0154729466718568	0.0393149085247178	0	0.0417477617750097	0.150447644998054	0.0155702608018684	0	0	9.73141300116777e-05	0	0.000681198910081744	0.0043791358505255	9.73141300116777e-05	0	0	0.000291942390035033	0.00165434021019852	0	0	0
NS30	0.000419727177334732	0	0.000104931794333683	0.000104931794333683	0.000209863588667366	0	0	0.000314795383001049	0	0	0.000104931794333683	0.034102833158447	0	0	0	0.000104931794333683	0.0012591815320042	0	0.0153200419727177	0	0.080797481636936	0	0	0.21395592864638	0	0.00104931794333683	0	0	0	0	0	0	0	0	0.00566631689401889	0.00115424973767051	0	0	0.0012591815320042	0.05299055613851	0.036096537250787	0.0196222455403987	0	0.0124868835257083	0	0	0	0.00346274921301154	0	0.0388247639034627	0.000734522560335782	0.000209863588667366	0	0.00167890870933893	0	0.00965372507869885	0.0320041972717733	0.0727177334732424	0	0	0	0	0	0.000104931794333683	0.0012591815320042	0	0.000419727177334732	0.00346274921301154	0.00199370409233998	0	0	0.000209863588667366	0	0	0	0.000944386149003148	0	0.00220356768100735	0	0.00136411332633788	0	0.154774396642183	0.000104931794333683	0	0	0	0	0.000209863588667366	0	0	0	0	0	0	0	0	0	0	0	0.000209863588667366	0	0	0	0.000104931794333683	0.000104931794333683	0.000104931794333683	0	0	0	0	0.000314795383001049	0	0	0.00335781741867786	0.182791185729276	0	0.000734522560335782	0.00241343126967471	0.000104931794333683	0.00178384050367261	0	0	0	0	0.00356768100734523	0	0.000734522560335782	0	0.000104931794333683	0	0	0.000104931794333683	0
NS32	0	0	0	0	0	0	0.00203345965431186	0.00536093908864035	0	0	0.000462149921434513	0.00277289952860708	0	9.24299842869027e-05	0	0	0.000277289952860708	0	0.037064423699048	0.000831869858582124	0.0115537480358628	0.00101672982715593	9.24299842869027e-05	0.0183011368888067	0	0.0035123394029023	0.000462149921434513	0	0	0	0.000462149921434513	0.00147887974859044	0	0	0.000739439874295221	0.00129401978001664	0	0.000369719937147611	0	0.0985303632498382	0.0770866068952768	0.00194102967002496	0.0273592753489232	0.0468620020334597	9.24299842869027e-05	0	0.00120158979572973	0.0742212773823828	9.24299842869027e-05	0.00767168869581292	0	0.000554579905721416	0	0.000184859968573805	9.24299842869027e-05	0.000277289952860708	0.144375635456142	0.127645808300213	0.000184859968573805	0	0	0	0.00120158979572973	0	0	0.000184859968573805	0	0	0.00942785839726407	0.000369719937147611	0.00221831962288566	0	0.000369719937147611	0	0	0.000277289952860708	0.000184859968573805	0.000277289952860708	0	9.24299842869027e-05	0	0.0251409557260375	0.0068398188372308	0	0	0	0	0	0	0	0	0	0	0	9.24299842869027e-05	0	0	0.00120158979572973	0.0205194565116924	0.00221831962288566	0	0.000184859968573805	0	0.000277289952860708	0	0	0	0	9.24299842869027e-05	9.24299842869027e-05	0.149736574544782	0.000184859968573805	0	0.000462149921434513	0.0181162769202329	0	0.0167298271559294	0.0439966725205657	0.000924299842869027	0	0.000277289952860708	0	0	0	0.00110915981144283	0.000554579905721416	0	9.24299842869027e-05	0	0	0	0	0
NS34	0	0	0	0	0	0	0.0077319587628866	0.0231958762886598	0.00292096219931271	0.000343642611683849	0.000343642611683849	0.000343642611683849	0	0.000859106529209622	0	0.000171821305841924	0.000343642611683849	0.000343642611683849	0.406357388316151	0	0.0274914089347079	0	0	0.0634020618556701	0	0.000343642611683849	0.00103092783505155	0	0	0	0	0.0013745704467354	0.000687285223367698	0	0	0.000515463917525773	0.00532646048109966	0.000171821305841924	0	0.103436426116838	0.0180412371134021	0.0056701030927835	0.00601374570446735	0.0013745704467354	0	0	0	0.00395189003436426	0.000171821305841924	0.00257731958762887	0.00223367697594502	0.00240549828178694	0.00481099656357388	0.000515463917525773	0.000171821305841924	0.0175257731958763	0.0164948453608247	0.00807560137457045	0.000343642611683849	0	0.0013745704467354	0.000343642611683849	0.0144329896907217	0	0	0	0.000859106529209622	0	0.00463917525773196	0.00206185567010309	0.000171821305841924	0	0	0	0	0.00103092783505155	0.0548109965635739	0.00481099656357388	0.000343642611683849	0.00979381443298969	0	0.00206185567010309	0	0	0	0	0.000171821305841924	0	0.000171821305841924	0	0	0	0	0	0.000859106529209622	0	0.00292096219931271	0.00670103092783505	0.00274914089347079	0.0321305841924399	0	0	0.000687285223367698	0.00309278350515464	0.0146048109965636	0.000687285223367698	0.000859106529209622	0	0	0.0132302405498282	0.00274914089347079	0	0	0.000515463917525773	0.00171821305841924	0	0.027319587628866	0.00532646048109966	0.00292096219931271	0	0	0	0	0	0.000687285223367698	0	0	0.00240549828178694	0.00274914089347079	0.036254295532646	0.00412371134020619	0	0.000515463917525773
NS36	0	0	0	0	0	0.00113019891500904	0.156645569620253	0.0968580470162749	0	0	0.00192133815551537	0.00689421338155515	0.000791139240506329	0.000565099457504521	0	0	0.00519891500904159	0.00971971066907776	0.108047016274864	0.00994575045207957	0.0235081374321881	0.000565099457504521	0.000113019891500904	0.0122061482820976	0	0.000452079566003617	0	0.000113019891500904	0	0	0	0.00135623869801085	0.0511980108499096	0.000452079566003617	0.00169529837251356	0.00158227848101266	0	0.000113019891500904	0.00135623869801085	0.139127486437613	0.0209086799276673	0.0149186256781193	0.000791139240506329	0	0.00113019891500904	0	0.00497287522603978	0.000226039783001808	0.000226039783001808	0.00327757685352622	0.000678119349005425	0.000904159132007233	0.000339059674502712	0	0.000452079566003617	0.000113019891500904	0.0162748643761302	0.008250452079566	0.000113019891500904	0	0.000113019891500904	0	0.0166139240506329	0	0.000113019891500904	0	0.000113019891500904	0	0.00610307414104882	0.00960669077757685	0.00203435804701627	0	0	0	0	0.00180831826401447	0.00339059674502712	0.000678119349005425	0.00734629294755877	0.00452079566003617	0	0.0237341772151899	0.000226039783001808	0	0	0	0.000226039783001808	0	0.000226039783001808	0	0	0	0.000226039783001808	0	0	0	0.00350361663652803	0.00248643761301989	0.0167269439421338	0.0189873417721519	0	0	0	0.00113019891500904	0.000904159132007233	0.000452079566003617	0	0	0.000226039783001808	0.00124321880650995	0.000226039783001808	0	0	0.00305153707052441	0.000565099457504521	0	0.100135623869801	0.0487115732368897	0.0103978300180832	0	0	0	0.000113019891500904	0.000226039783001808	0.000791139240506329	0.000565099457504521	0	0.000339059674502712	0.000565099457504521	0.00632911392405063	0.000113019891500904	0	0
NS38	0	0	0	0	0	0.00118500962820323	0.0894682269293438	0.0296252407050807	0	0	0.00222189305288105	0.0303658717227077	0	0.000296252407050807	0	0	0.00162938823877944	0.00429565990223671	0.137757369278625	0.00548066953043993	0.200266627166346	0.000148126203525404	0.000148126203525404	0.00977632943267664	0	0.000444378610576211	0	0.000148126203525404	0.000148126203525404	0.000740631017627018	0.000296252407050807	0.00118500962820323	0	0	0	0.00118500962820323	0.00207376684935565	0.000444378610576211	0	0.103688342467783	0.0556954525255518	0.0112575914679307	0.00459191230928751	0.00977632943267664	0	0	0.00118500962820323	0.00651755295511776	0.000148126203525404	0.00325877647755888	0.000444378610576211	0.00474003851281292	0.000148126203525404	0.00133313583172863	0.000148126203525404	0.00162938823877944	0.0601392386313139	0.0516960450303659	0.000148126203525404	0	0	0	0	0	0.000148126203525404	0.00192564064583025	0	0.000592504814101615	0.00192564064583025	0.000296252407050807	0.00148126203525404	0	0	0.000296252407050807	0	0.000296252407050807	0	0.000296252407050807	0	0.00148126203525404	0	0.0119982224855577	0.00222189305288105	0.000148126203525404	0	0	0	0	0	0	0	0	0	0	0	0	0.000592504814101615	0.00251814545993186	0.00696193156569397	0.0111094652644053	0	0	0	0	0	0	0	0	0	0	0	0	0	0.00162938823877944	0.00444378610576211	0.000148126203525404	0.0303658717227077	0.0801362761072434	0.00177751444230484	0	0	0	0.000148126203525404	0	0.000296252407050807	0.000444378610576211	0	0	0.000148126203525404	0	0	0.000296252407050807	0
NS39	0	0	0	0	0.000102438024994878	0	0.00204876049989756	0.0221266133988937	0	0	0.000307314074984634	0.000614628149969269	0	0	0	0	0.039541077648023	0.000614628149969269	0.0593116164720344	0.00286826469985659	0.0562384757221881	0.000409752099979512	0.000102438024994878	0.0232534316738373	0	0.00194632247490268	0	0	0.000307314074984634	0	0	0.00133169432493342	0.0249948780987503	0.000102438024994878	0.000204876049989756	0.00194632247490268	0	0.000409752099979512	0	0.07559926244622	0.0977258758451137	0.00460971112476951	0.000204876049989756	0.0191559106740422	0.00051219012497439	0	0	0.0330874820733456	0.000102438024994878	0.01259987707437	0.000307314074984634	0.00286826469985659	0	0	0.00911698422454415	0.000102438024994878	0.0208973570989551	0.24759270641262	0.000102438024994878	0	0	0	0.00194632247490268	0	0	0	0	0	0.0488629379225569	0.000204876049989756	0.00174144642491293	0	0	0.000819504199959025	0.00143413234992829	0.000204876049989756	0	0.000204876049989756	0.000102438024994878	0.000102438024994878	0.000204876049989756	0.0242778119237861	0	0	0	0.000102438024994878	0.000102438024994878	0	0	0.0051219012497439	0	0.000102438024994878	0	0	0	0	0	0.00266338864986683	0.013419381274329	0.00348289284982586	0	0	0.000307314074984634	0	0	0.000409752099979512	0	0	0	0	0.0187461585740627	0	0	0.000307314074984634	0.00604384347469781	0	0.0828723622208564	0.0173120262241344	0.000307314074984634	0	0.000307314074984634	0.000102438024994878	0	0	0.00184388444990781	0.000409752099979512	0	0	0.000204876049989756	0	0	0.00204876049989756	0.000307314074984634
NS4	0	0	0	0	0	0	0	0.00509741730856366	0	0	0	0.0746488445854101	0	0.000113275940190304	0	0	0.000906207521522429	0	0.169687358405075	0	0.0446307204349796	0.000226551880380607	0	0.0144993203443589	0	0.00271862256456729	0	0	0	0	0	0	0	0	0.000566379700951518	0.000906207521522429	0	0	0.000113275940190304	0.0558450385138197	0.0224286361576801	0.0031717263253285	0	0	0	0	0	0.00475758948799275	0	0.00294517444494789	0.000113275940190304	0	0	0.000226551880380607	0	0.00351155414589941	0.197553239691889	0.167535115541459	0.000113275940190304	0	0	0	0	0	0.000113275940190304	0	0.000113275940190304	0.0031717263253285	0.000566379700951518	0.00271862256456729	0.00135931128228364	0	0.00464431354780245	0.0032850022655188	0	0.000226551880380607	0	0.000113275940190304	0	0.000113275940190304	0.000226551880380607	0.0714771182600816	0	0	0	0	0	0	0	0	0	0	0	0	0	0	0	0.000679655641141822	0.00362483008608971	0.00192569098323516	0	0	0.000113275940190304	0	0	0	0.000226551880380607	0	0	0	0.000339827820570911	0	0	0	0.0721567739012234	0	0.0122338015405528	0.0172179429089261	0	0	0	0	0	0.000113275940190304	0.00351155414589941	0.0263932940643407	0	0	0	0	0	0.00101948346171273	0
NS40	0	0	0	0	0.00022667170381564	0	0	0.0160181337363052	0	7.55572346052135e-05	0.00151114469210427	0.0142047601057801	0	7.55572346052135e-05	0.00528900642236494	7.55572346052135e-05	0.000982244049867775	0	0.0215338118624858	0.00362674726105025	0.0596146581035134	0	7.55572346052135e-05	0.0272761616924821	0	0.00272006044578768	0	0.000151114469210427	0	0	7.55572346052135e-05	0.000151114469210427	0	0	0.00143558745749906	0.00324896108802418	0	0	0	0.179448432187382	0.0202493388741972	0.0120136003022289	0	0.0114091424253872	0	0	0	7.55572346052135e-05	0.000377786173026067	0.031507366830374	0	0.00256894597657726	7.55572346052135e-05	0.000453343407631281	7.55572346052135e-05	0.00022667170381564	0.0241783150736683	0.0996599924442765	0.000151114469210427	0	0.000302228938420854	0	0	0	0	0	0.000151114469210427	0	0.00173781639591991	0.000680015111446921	0.00136003022289384	7.55572346052135e-05	0	0	0.00460899131091802	0.00022667170381564	7.55572346052135e-05	0.000151114469210427	0	0.00105780128447299	0.000151114469210427	0.0479788439743105	0.0126180581790706	0	0	0	7.55572346052135e-05	0	7.55572346052135e-05	0.00324896108802418	0.00627125047223272	0	0	0	7.55572346052135e-05	7.55572346052135e-05	0	0.000302228938420854	0.020173781639592	0.00604457876841708	0.000604457876841708	0	0	0.000377786173026067	0.000302228938420854	0	7.55572346052135e-05	0.00136003022289384	7.55572346052135e-05	0.000302228938420854	0.0174537211938043	0	0	7.55572346052135e-05	0.028333962976955	0	0.0823573857196827	0.216320362674726	0.00219115980355119	0	0	0.000151114469210427	0	0	0.000680015111446921	0.000831129580657348	0	0.000151114469210427	0	0	0	0	0
NS41	0	0	0	0	0	0	0.00136054421768707	0.0369614512471655	0	0	0	0.00113378684807256	0	0	0.000226757369614512	0	7.55857898715042e-05	0.000302343159486017	0.0710506424792139	0.00861678004535147	0.00604686318972033	7.55857898715042e-05	7.55857898715042e-05	0.00317460317460317	0	0.00136054421768707	0.000226757369614512	7.55857898715042e-05	0	0	0	0.000831443688586546	0	0	0.000831443688586546	0.000302343159486017	0	0	0	0.0960695389266818	0.04572940287226	0.0018140589569161	0	0.036130007558579	0.000151171579743008	0	0	7.55857898715042e-05	0	0.00521541950113379	0	0.000302343159486017	0	0	0.000831443688586546	0	0.00559334845049131	0.137792894935752	0	0	0	0	0	0.000226757369614512	0	0	0	0.00408163265306122	0.0188208616780045	0.000453514739229025	0.000226757369614512	0	7.55857898715042e-05	7.55857898715042e-05	0.00211640211640212	0.000226757369614512	0	7.55857898715042e-05	0.000151171579743008	0.000302343159486017	0	0.0855631141345427	0.00287226001511716	0	7.55857898715042e-05	0	0	0	0	0.00219198790627362	0.00090702947845805	0	0	0	0	0	0	0.00143613000755858	0.0213907785336357	0.0179138321995465	0.00128495842781557	7.55857898715042e-05	0	7.55857898715042e-05	0	0	0	0.00264550264550265	7.55857898715042e-05	0.000151171579743008	0.306122448979592	0.000302343159486017	0	0.000226757369614512	0.0266061980347695	0	0.0133030990173847	0.0215419501133787	0.000755857898715042	0	0.000302343159486017	0	0	0	0.000529100529100529	0.00430839002267574	7.55857898715042e-05	0	0	0	0	0	0
NS46	0	0	9.51474785918173e-05	0	9.51474785918173e-05	0.0049476688867745	0.00133206470028544	0.00780209324452902	0	0	0.00123691722169363	0.0198858230256898	0	0.000190294957183635	0	0	0.00161750713606089	0.000856327307326356	0.061465271170314	0	0.0368220742150333	0.000475737392959087	9.51474785918173e-05	0.0554709800190295	0	0.000475737392959087	0.000190294957183635	0	0.000761179828734539	0.000190294957183635	0.000380589914367269	0.00171265461465271	0.076022835394862	0.000190294957183635	0.00599429115128449	0.00190294957183635	0	0.000666032350142721	0	0.0965746907706946	0.0629876308277831	0	0.00418648905803996	0.0450047573739296	0	0	0	0.00894386298763083	9.51474785918173e-05	0.0180780209324453	0.00171265461465271	0.0104662226450999	9.51474785918173e-05	0.00133206470028544	0.000190294957183635	0.000761179828734539	0.0380589914367269	0.0323501427212179	9.51474785918173e-05	0	9.51474785918173e-05	9.51474785918173e-05	0	0	0.000190294957183635	0	0.000190294957183635	9.51474785918173e-05	0.00485252140818268	0.000570884871550904	0	0	0.00294957183634634	0	0	0.000475737392959087	9.51474785918173e-05	0.000570884871550904	9.51474785918173e-05	0.000380589914367269	0	0.0624167459562322	0.000475737392959087	0	0	0.000190294957183635	0	9.51474785918173e-05	0	0	0	0	0	0	9.51474785918173e-05	0	0	0.000951474785918173	0.00466222645099905	0.00161750713606089	0	9.51474785918173e-05	0	0.000475737392959087	0.000570884871550904	0.000666032350142721	0	0	0	0.00161750713606089	0.00399619410085633	0	0	0.00190294957183635	0.0131303520456708	0	0.138820171265461	0.145956232159848	0.00504281636536632	0	0	0	0.000285442435775452	0	9.51474785918173e-05	0	0.000190294957183635	9.51474785918173e-05	0.00390104662226451	0	9.51474785918173e-05	9.51474785918173e-05	0
NS51	0	0	0	0.000155908949173683	7.79544745868413e-05	0	0	0.000155908949173683	0.000233863423760524	0	0	0.0784222014343623	0	0	0	0	0	0	0.0107577174929841	0.000233863423760524	0.109136264421578	0	7.79544745868413e-05	0.147256002494543	0.000155908949173683	0.00389772372934206	7.79544745868413e-05	0	0	0	0.000389772372934206	0.000233863423760524	0	0	0.00810726535703149	0.00288431555971313	0	0	0.000233863423760524	0.0487995010913626	0.0372622388525101	0.0247895229186155	0	0.00311817898347365	0	0	0.000233863423760524	7.79544745868413e-05	0	0.00701590271281572	0	0.00436545057686311	0	0.00062363579669473	0.00155908949173683	0.00304022450888681	0.0642344870595572	0.0956501403180543	0	0	0.000311817898347365	0	0.000311817898347365	0	0	0	0.000311817898347365	0	0.00218272528843156	0.000311817898347365	0	0	0.0170720299345182	7.79544745868413e-05	0	0.000155908949173683	0.000389772372934206	0.00218272528843156	0	0.00101340816962894	0	0.115762394761459	0.00148113501714998	0	0	0	0	0	0	0	0	0	0	0.000389772372934206	0	0	0	0	0.000233863423760524	0.000311817898347365	7.79544745868413e-05	0	0	0.00124727159338946	0.0045213595260368	0.0272840661053944	0	0	0	0.00420954162768943	0.000467726847521048	0	0.000545681322107889	0.0160586217648893	0.0235422513252261	7.79544745868413e-05	0.0744465232304334	0.0419395073277206	7.79544745868413e-05	0	0	0	0	0	0.00810726535703149	0.000155908949173683	0	0.000545681322107889	0.000233863423760524	0	7.79544745868413e-05	0.000467726847521048	0.000155908949173683
NS55	0.000126119308866187	0	0	0	0.000126119308866187	0.000126119308866187	0.000378357926598562	0.00050447723546475	0	0	0	0.0234581914491109	0	0	0	0	0.0566275696809182	0	0.0229537142136461	0	0.0148820784462101	0	0.000126119308866187	0.0968596292092319	0	0.00340522133938706	0	0	0.000126119308866187	0	0	0	0	0	0.0105940219447597	0.00353134064825325	0	0	0.000126119308866187	0.0716357674359945	0.0157649136082734	0.00844999369403456	0	0.00189178963299281	0	0	0	0.000756715853197125	0.000126119308866187	0.0145037205196116	0.00151343170639425	0.000630596544330937	0	0.00252238617732375	0.000126119308866187	0.000378357926598562	0.0471686215159541	0.0843738176314794	0	0	0	0	0	0	0	0	0.000126119308866187	0	0.00151343170639425	0.000378357926598562	0	0.000126119308866187	0	0	0	0.000630596544330937	0.000126119308866187	0.000252238617732375	0	0.000378357926598562	0.000252238617732375	0.357043763400177	0	0.000126119308866187	0	0	0	0	0	0	0	0	0	0	0	0	0.000126119308866187	0.000252238617732375	0.00189178963299281	0	0	0	0	0	0.000126119308866187	0.000252238617732375	0	0	0	0	0	0	0	0.00580148820784462	0.0398537016017152	0	0.0438895194854332	0.0588977172405095	0.000378357926598562	0	0	0	0	0.000126119308866187	0.00315298272165469	0.000126119308866187	0	0.000126119308866187	0.000126119308866187	0.000126119308866187	0	0	0
NS58	0	0	6.78195998643608e-05	0.000135639199728722	0.00122075279755849	0	0	0	0	0	0	0.093794506612411	0	0	0	6.78195998643608e-05	0.0262461851475076	0	0.000271278399457443	0	0.0346558155306884	0	0	0.252153272295693	0	0.000542556798914886	0	0	0	0	0	6.78195998643608e-05	0	0	0.00752797558494405	0.00963038318073923	0	0.00081383519837233	0	0.132519498134961	0.00569684638860631	0.00990166158019668	0	0.00528992878942014	0	6.78195998643608e-05	0	0	0	0.0254323499491353	6.78195998643608e-05	0.00149203119701594	0	0.00162767039674466	0	0	0.00990166158019668	0.0118006103763988	0	0	0	0	0	0	0	0	6.78195998643608e-05	0	0	0.000135639199728722	0	0.000610376398779247	0	0.000339097999321804	0	0.000474737199050526	0	0.000678195998643608	0	0.000678195998643608	0	0.23452017633096	0	0	6.78195998643608e-05	0	0	0	6.78195998643608e-05	0	0	0	0	6.78195998643608e-05	0	0	0	0	6.78195998643608e-05	0.000203458799593082	0	0	6.78195998643608e-05	0	0	0.000271278399457443	0	0.000135639199728722	0	0	0.00318752119362496	0	0.000406917599186165	0.0178365547643269	0.0530349270939301	0.000135639199728722	0.0265852831468294	6.78195998643608e-05	0.000135639199728722	0.000406917599186165	0	6.78195998643608e-05	6.78195998643608e-05	0	0.0169548999660902	0.000135639199728722	0	0	0.0111902339776195	0	0	0.000339097999321804	0
NS6	0	0	0	0	0	0	9.84736582964057e-05	0.0474643032988676	0.000393894633185623	0	0	0.079369768586903	9.84736582964057e-05	0.000295420974889217	0	0	0.00886262924667651	0	0.263613983259478	0	0	0	0.000295420974889217	0.0718857705563762	0	0.00305268340718858	0	0	0	0	0.000393894633185623	0.000196947316592811	0.0234367306745446	0	0.00905957656326933	0.00423436730674545	0.000295420974889217	0	0	0.0821270310192024	0.0285573609059577	0.0052191038897095	0.000196947316592811	0.00590841949778434	0	0	0	0.0016740521910389	0.000295420974889217	0.0266863613983259	0.00147710487444609	0	0.000196947316592811	0.000196947316592811	0.000393894633185623	9.84736582964057e-05	0.0351550960118168	0.0831117676021664	0	0	0.00118168389955687	0	0	0	0	0	0.000393894633185623	0	0.00246184145741014	0.000787789266371246	0	0	0	9.84736582964057e-05	0	0.000196947316592811	0.00758247168882324	0.000492368291482029	0	0.000492368291482029	0	0.116888232397834	9.84736582964057e-05	0	0	0	0	0	0	0	0	0	0	0	0	0	0	0.00334810438207779	0.00718857705563762	0.0193993106843919	0	0.000196947316592811	0	0.00462826193993107	0.00600689315608075	9.84736582964057e-05	0	0	0	0.00472673559822747	0.00216642048252093	0	0	0.00187099950763171	0.0176267848350566	0	0.00640078778926637	0.00738552437223043	0.000787789266371246	0	0	0	0	0	0.00128015755785327	0	0.000196947316592811	0.00147710487444609	0	9.84736582964057e-05	0	9.84736582964057e-05	0
NS62	0	0	0.000118680275338239	0	0.000237360550676478	0.000830761927367672	0.00747685734630904	0.0094944220270591	0	0.000237360550676478	0.000356040826014716	0.0807025872300024	0	0.000237360550676478	0	0	0.00723949679563257	0.000237360550676478	0.00522193211488251	0	0.0274151436031332	0	0.000118680275338239	0.210420128174697	0	0.000712081652029433	0	0	0.000237360550676478	0	0	0.00094944220270591	0	0	0	0.00403512936150012	0.000118680275338239	0	0	0.0977925468787088	0.0420128174697365	0	0	0.0436743413244719	0	0.000237360550676478	0	0.000118680275338239	0	0.0148350344172798	0.000237360550676478	0.00439117018751484	0.000118680275338239	0.0021362449560883	0	0	0.029314028008545	0.0225492523142654	0.000118680275338239	0	0	0	0.000593401376691194	0	0.00142416330405887	0	0.000237360550676478	0.00178020413007358	0.00415380963683836	0.000118680275338239	0.0119867078091621	0	0	0	0	0.000593401376691194	0.000118680275338239	0.00166152385473534	0	0.00130548302872063	0	0.145027296463328	0	0.000474721101352955	0	0.000118680275338239	0	0	0	0	0	0	0	0	0	0	0.00130548302872063	0	0.000118680275338239	0.000593401376691194	0	0.000118680275338239	0	0.000118680275338239	0	0.000237360550676478	0	0	0.000118680275338239	0	0	0.000118680275338239	0	0.00249228578210301	0.00557797294089722	0	0.0731070496083551	0.128293377640636	0.000474721101352955	0	0	0.000118680275338239	0	0	0.00344172798480892	0	0	0	0.000237360550676478	0	0	0	0
NS67	0	0	0.000248617067561688	0	0.000559388402013798	0.000186462800671266	0.00323202187830195	0	6.2154266890422e-05	0.000124308533780844	0.00553172975324756	0.000186462800671266	0	0.000248617067561688	0	0	0.000124308533780844	0	0.0042264901485487	0	0.0754552800049723	0.000248617067561688	0	0.104978556777923	0	0.0019889365404935	0	0	0	0	0.00124308533780844	0.00982037416868668	0	0	0.0352414693268693	0.00105662253713717	0	0	0.000186462800671266	0.129715955000311	0.0413325874821306	0.011933619242961	0	0.00814220896264529	0	0	0	0.159550003107713	0	0.0269127975635527	0.000186462800671266	0.00341848467897321	0.000808005469575486	0.0011187768040276	0.000497234135123376	0.000994468270246752	0.0134874759152216	0.0229349244825657	0.000559388402013798	0	0.000124308533780844	6.2154266890422e-05	0	0	0.000683696935794642	0	0.000186462800671266	0	0.0125551619118652	0.000372925601342532	0.000372925601342532	0	0.00441295294921996	6.2154266890422e-05	0	0	0.00031077133445211	0.00136739387158928	6.2154266890422e-05	0.0025483249425073	0	0.0108148424389334	0.00950960283423457	6.2154266890422e-05	0	0	0	0.000124308533780844	0	0	0	0	0	6.2154266890422e-05	6.2154266890422e-05	6.2154266890422e-05	0	0	0.000372925601342532	0.000372925601342532	0	0	0	0	0.00149170240537013	0.000186462800671266	0	0	0.000559388402013798	0	0.00385356454720617	0	0.000124308533780844	0.00261047920939773	0.00895021443222077	0	0.0901858412580024	0.168438063273044	0.00739635775996022	0.000248617067561688	0	6.2154266890422e-05	0.000435079868232954	0	0.00149170240537013	0	0	0.000124308533780844	0.000559388402013798	0.0019889365404935	0	0.000186462800671266	0
NS7	0	0	0	0.000242679178126517	0.0014560750687591	0	0	0.0131855686782074	8.08930593755056e-05	0	8.08930593755056e-05	0.0117294936094483	0	0	0	0	0.00129428895000809	0	0.00525804885940786	0	0.13679016340398	0.000404465296877528	0	0.0906811195599418	0	0.0014560750687591	0	0	0	0	0	0.000161786118751011	0	0	0.00169875424688562	0.00250768484064067	0	0.000889823653130561	0	0.0558971040284744	0.014722536806342	0.029606859731435	0	0.00533894191878337	0	0	0	0.00719948228442	0	0.0377770587283611	0.000970716712506067	0.000161786118751011	0	0	0	0.000242679178126517	0.0424688561721404	0.185892250444912	0	0	0	0	0.000323572237502022	0	0	0	0	0	0.00121339589063258	8.08930593755056e-05	0	0.000161786118751011	0	0.000566251415628539	0	8.08930593755056e-05	0	0.0210321954376315	0	0	8.08930593755056e-05	0.0455427924284096	0.0553308526128458	0	0	0	0	0	0	0.00202232648438764	0.00776573370004854	0.000161786118751011	0	0	0	8.08930593755056e-05	0	8.08930593755056e-05	0.00606697945316292	0.000647144475004045	0	8.08930593755056e-05	0	0	8.08930593755056e-05	0.00299304319689371	0	0	0	0	0.0557353179097233	0	0	0.0817019899692606	0.0184436175376153	8.08930593755056e-05	0.0246723831095292	0.00687591004691797	0	0.000485358356253033	0	0.000161786118751011	0	0	0.0101116324219382	0.00113250283125708	0.000161786118751011	0	0.00525804885940786	0	0	0.00258857790001618	0
NS70	8.41750841750842e-05	8.41750841750842e-05	8.41750841750842e-05	8.41750841750842e-05	0.000252525252525253	0.000420875420875421	0	0.000168350168350168	0	0	0	0.0515993265993266	0	0	0	0	0.0155723905723906	0	0.00841750841750842	0	0.0663299663299663	0	0	0.107996632996633	8.41750841750842e-05	0.0053030303030303	0	0	0	0	0	0.000336700336700337	0	0	0	0.00951178451178451	0	0.000673400673400673	0	0.0575757575757576	0.0253367003367003	0.0222222222222222	0	0.0101010101010101	0	0	8.41750841750842e-05	0	0	0.0174242424242424	0.000420875420875421	0.000505050505050505	0	0.000168350168350168	0.000252525252525253	0	0.0942760942760943	0.110521885521886	0	0	0	0	0	0	0	0	8.41750841750842e-05	0	0.0117003367003367	0.000168350168350168	0	0	0	0.000168350168350168	0	0.000168350168350168	0	0.000336700336700337	0	0.000420875420875421	0	0.247895622895623	8.41750841750842e-05	0.000168350168350168	0	8.41750841750842e-05	8.41750841750842e-05	0	8.41750841750842e-05	0	0	0	0	0.000336700336700337	0	8.41750841750842e-05	0	0	0.00109427609427609	0.000589225589225589	0.000841750841750842	0	0	0	0	0	0	0.000673400673400673	0	0	0.0793771043771044	0	0.000589225589225589	0.00505050505050505	0.00151515151515152	8.41750841750842e-05	0.00883838383838384	0.0108585858585859	0.000252525252525253	0	0	0	8.41750841750842e-05	0	0.019949494949495	0.000168350168350168	0	0	0.00151515151515152	0	0	0.000757575757575758	0
NS71	0	0	8.0638658172728e-05	8.0638658172728e-05	0.000322554632690912	0.000322554632690912	0.0321748246109185	0.000967663898072736	0	0.000322554632690912	8.0638658172728e-05	0.073219901620837	0	0.000161277316345456	0	0	0	0	0.0249979840335457	0	0.0964438351745827	0	8.0638658172728e-05	0.0502378840416095	0	0	8.0638658172728e-05	0	0.000322554632690912	0.000241915974518184	0	0.00233852108700911	0.000322554632690912	8.0638658172728e-05	0.00193532779614547	0.0139504878638819	0	8.0638658172728e-05	8.0638658172728e-05	0.262317555035884	0.0487863881945004	0.015401983710991	0.00499959680670914	0.0020159664543182	0	0	0	8.0638658172728e-05	0.000161277316345456	0.00967663898072736	0.000322554632690912	0.00790258850092735	0.000161277316345456	0.000161277316345456	0.000483831949036368	0	0.0508023546488186	0.00362873961777276	0.000564470607209096	0.00499959680670914	0	0	0.00467704217401822	0	0.000161277316345456	0.000161277316345456	0.00080638658172728	8.0638658172728e-05	0.0174179501653093	0.000161277316345456	0.00153213450528183	0.000161277316345456	0	0	0	0.000241915974518184	8.0638658172728e-05	0.00427384888315458	0	0.00241915974518184	8.0638658172728e-05	0.00935408434803645	0.000322554632690912	0.000241915974518184	8.0638658172728e-05	8.0638658172728e-05	0.000161277316345456	0	8.0638658172728e-05	0	0	0.000967663898072736	0.00129021853076365	0	0	8.0638658172728e-05	0.000725747923554552	8.0638658172728e-05	0.0663656156761551	0.000564470607209096	0	0	8.0638658172728e-05	8.0638658172728e-05	0	0.000564470607209096	0	0	0	8.0638658172728e-05	0.000241915974518184	0	0	0.0344327070397549	0.00120957987259092	8.0638658172728e-05	0.0129828239658092	0.0651560358035642	0.00782194984275462	0	0	8.0638658172728e-05	0	0	0.00516087412305459	0	0	0	0.00387065559229094	0.0441093460204822	0	0	0
NS72	0	0	7.62253220519857e-05	0.000304901288207943	0.00243921030566354	0	0.0010671545087278	7.62253220519857e-05	0	0	0	0.0145590365119293	0	0	7.62253220519857e-05	0.000152450644103971	0.0221053433950758	0	0.000381126610259928	0	0.225017150697462	0	0	0.158091317935818	0	0.000152450644103971	0	0	0	0	0	0.00884213735803034	0	0	0.00228675966155957	0.0129583047488376	0	7.62253220519857e-05	0	0.0389511395685647	0.0516045430291943	0.0393322661788246	0	0.00541199786569098	0	0	0	0.00190563305129964	0	0.0189801051909444	7.62253220519857e-05	0.00609802576415885	0	7.62253220519857e-05	0.000304901288207943	0	0.0650201997103438	0.00205808369540361	0	0	0	7.62253220519857e-05	0	0.000228675966155957	0.000152450644103971	0	0	0	0.0048021952892751	0	0	0.000304901288207943	0	0	0.0191325558350484	0	0	0.0005335772543639	0	0.000228675966155957	0	0.0471834743501791	0.0899458800213431	7.62253220519857e-05	0	0	0	0	0	0.00541199786569098	0.0026678862718195	0	0	0	0	0.000228675966155957	0	0	0.000152450644103971	0	0	0	7.62253220519857e-05	0	7.62253220519857e-05	0.000152450644103971	0	0	0	0	0.0021343090174556	0	0	0.00175318240719567	0.00396371674670325	7.62253220519857e-05	0.0484030795030109	0.0714993520847626	0.000152450644103971	0.000686027898467871	0	0.000152450644103971	0.000152450644103971	0	0.0205808369540361	0	0	0	0.000304901288207943	0	0	0.000228675966155957	0
NS77	0.000424133177817835	0.00731629731735765	0	0.000106033294454459	0.000212066588908917	0.000106033294454459	0	0.018025660057258	0	0	0	0.00731629731735765	0	0.000212066588908917	0	0	0.00381719860036051	0.000318099883363376	0.115364224366451	0.00212066588908917	0.00805853037853886	0.000636199766726752	0.000106033294454459	0.0518502809882303	0	0.00286289895027038	0	0.000106033294454459	0.000106033294454459	0	0	0.00286289895027038	0	0	0.00381719860036051	0.000318099883363376	0	0.000318099883363376	0	0.0948997985367405	0.0420952178984201	0.00890679673417453	0	0.00413529848372389	0	0	0	0	0.000318099883363376	0.00699819743399427	0	0.000106033294454459	0.000106033294454459	0	0	0.0163291273459866	0.0356271869366981	0.15173364436433	0.000106033294454459	0	0	0	0	0	0	0.000318099883363376	0.000106033294454459	0	0.0611812109002227	0.00159049941681688	0	0	0.00233273247799809	0.000106033294454459	0	0.000424133177817835	0.000106033294454459	0.000212066588908917	0	0.00201463259463472	0.000106033294454459	0.0500477149825045	0	0	0	0	0	0	0.000424133177817835	0	0	0	0	0	0	0.000106033294454459	0	0.00148446612236242	0.0557735128830453	0.0113455625066271	0	0	0	0	0	0	0	0.0287350227971583	0.000212066588908917	0	0.136782949846252	0	0	0.000106033294454459	0.0294772558583395	0.000106033294454459	0.0155868942848054	0.0012723995334535	0.00243876577245255	0	0	0.000106033294454459	0	0	0.00445339836708727	0.00477149825045064	0	0	0	0	0	0.000530166472272294	0
NS78	0	0	0	0	0.000117744024490757	0	0	0.000588720122453785	0	0	0.000235488048981514	0.0274343577063464	0	0	0.00153067231837984	0	0.00188390439185211	0	0.000470976097963028	0	0.086306369951725	0	0	0.0548687154126928	0	0.0016484163428706	0	0	0	0	0	0.000117744024490757	0	0	0.00941952195926057	0.0138937948899093	0	0.000470976097963028	0	0.0963146120334393	0.105263157894737	0.0118921464735665	0	0.0359119274696809	0.000353232073472271	0	0	0.0105969622041681	0	0.0184858118450489	0.000353232073472271	0.00188390439185211	0	0	0.0074178735429177	0	0.066407629812787	0.0221358766042623	0	0.000470976097963028	0	0	0	0.0210761803838455	0	0.000470976097963028	0	0	0.0937242434946426	0	0.0237842929471329	0	0	0	0.0715883668903803	0.000117744024490757	0	0.00341457671023196	0	0	0	0.0881902743435771	0.00105969622041681	0	0.000117744024490757	0	0	0	0	0	0	0	0	0.000235488048981514	0	0.000117744024490757	0	0	0.000588720122453785	0.000235488048981514	0	0	0	0	0	0.00282585658777817	0	0	0	0	0.00365006475921347	0	0.000235488048981514	0.0117744024490757	0.0144825150123631	0.000117744024490757	0.0180148357470858	0.0393265041799129	0.000470976097963028	0	0.000353232073472271	0	0.000117744024490757	0	0.0264924055104203	0	0	0	0.000941952195926057	0	0	0	0
NS79	0	0	0	0	0	0	0	0.00509049773755656	0	0	0	0.0313348416289593	0	0	0	0	0.0164027149321267	0	0.0255656108597285	0	0.124095022624434	0.000226244343891403	0	0.133710407239819	0.000113122171945701	0.00350678733031674	0	0	0	0	0	0.000113122171945701	0	0	0.0083710407239819	0.00961538461538462	0	0.00248868778280543	0	0.133257918552036	0.0157239819004525	0.0143665158371041	0.000113122171945701	0.014027149321267	0	0	0	0	0	0.0183257918552036	0.000678733031674208	0.000339366515837104	0	0	0	0	0.0705882352941176	0.125226244343891	0	0	0	0	0.00554298642533937	0	0	0	0.000113122171945701	0	0.0160633484162896	0.000339366515837104	0.0187782805429864	0	0.008710407239819	0	0	0	0	0.000339366515837104	0	0.000452488687782805	0	0.0661764705882353	0	0	0	0	0	0	0.000113122171945701	0	0	0	0	0.000339366515837104	0	0	0	0.000226244343891403	0.00407239819004525	0.000678733031674208	0	0.00124434389140271	0	0	0	0	0	0	0	0	0	0	0.000452488687782805	0.000339366515837104	0.00475113122171946	0	0.0330316742081448	0.0824660633484163	0.000113122171945701	0	0	0	0	0	0.00169683257918552	0	0.000678733031674208	0	0	0	0	0	0
NS81	0	0	0	0.000138331719463273	0.000138331719463273	0	0.000138331719463273	0.000138331719463273	0	0	0.000138331719463273	0.0727624844376816	0	0	0	0	0.013694840226864	0	0.000829990316779638	0	0.0358279153409877	0	0	0.101950477244432	0.000138331719463273	0.000414995158389819	0	0	0	0	0.000414995158389819	0.00110665375570618	0.000138331719463273	0	0.0178447918107622	0.0103748789597455	0	0	0.000138331719463273	0.0467561211785862	0.010651542398672	0	0.000138331719463273	0.00262830266980219	0	0	0	0.00622492737584728	0	0.0377645594134735	0.00235163923087564	0.00138331719463273	0	0.003043297828192	0.000829990316779638	0	0.0576843270161848	0.0196431041637848	0.000138331719463273	0	0	0	0	0	0.00207497579194909	0	0.000138331719463273	0	0.000276663438926546	0.000276663438926546	0	0.000138331719463273	0	0	0	0.000138331719463273	0	0.0170148014939826	0	0.000138331719463273	0	0.209987550145248	0.000276663438926546	0.00318162954765528	0.000138331719463273	0	0	0.000138331719463273	0	0	0.000553326877853092	0.000276663438926546	0.000276663438926546	0.000829990316779638	0	0	0	0	0.000138331719463273	0.000138331719463273	0	0	0	0	0.000276663438926546	0.00733158113155347	0	0	0	0	0	0	0.000829990316779638	0.0207497579194909	0.00802323972886983	0	0.147323281228386	0.127126850186748	0.000829990316779638	0	0	0.000138331719463273	0	0	0.00414995158389819	0	0	0	0.001521648914096	0	0	0	0
NS83	9.42595909133754e-05	0.00169667263644076	0	0.000188519181826751	0.000754076727307003	0.000188519181826751	0.00348760486379489	0.00339334527288152	0	0	0	0.0126307851823923	0	0.000377038363653502	0	0	0.0108398529550382	0	0.0120652276369121	0.000282778772740126	0.0304458478650203	0.000282778772740126	9.42595909133754e-05	0.0985012725044773	0	0.000848336318220379	0	0	0.000282778772740126	0	0	0.00150815345461401	0	9.42595909133754e-05	0.000659817136393628	0.0144217174097464	0.000188519181826751	0.00131963427278726	0	0.103497030822886	0.0410971816382317	0.0378923555471769	0	0.0134791215006127	0	0	0	0	9.42595909133754e-05	0.0315769629559808	0.00348760486379489	0.00377038363653502	9.42595909133754e-05	0.000942595909133754	0.000188519181826751	0	0.0365727212743897	0.108492789141295	9.42595909133754e-05	0	0	0	0	0	0	0.000188519181826751	0	0.00197945140918088	0.00801206522763691	0.000188519181826751	0	9.42595909133754e-05	0.00518427750023565	9.42595909133754e-05	0.0615515128664342	0.000282778772740126	0	0.00348760486379489	0	0.000282778772740126	0	0.0526911113205769	0.00782354604581016	0.000188519181826751	0	0	0	0	0	0	0	0	0	0.000188519181826751	0	9.42595909133754e-05	0.000282778772740126	0.000188519181826751	0.0305401074559336	0.00141389386370063	0	0.000188519181826751	0	0	0	0.00254500895466114	0	0.00603261381845603	9.42595909133754e-05	0	0.0110283721368649	0	9.42595909133754e-05	0.0142331982279197	0.0378923555471769	9.42595909133754e-05	0.0234706381374305	0.130078235460458	0.000754076727307003	0	0	0	0	0	0.0205485908191158	0.000377038363653502	9.42595909133754e-05	0	0.00179093222735413	0	0	0	0
NS86	0	0	0	8.64453665283541e-05	0.00043222683264177	0	0	0.00181535269709544	0	0	0.000172890733056708	0.141683955739972	0	0	0.000864453665283541	0	0.004149377593361	0	0.00103734439834025	8.64453665283541e-05	0.0355290456431535	0	0	0.0392461964038728	0	0.00579183955739972	0	0	0	0	0	0	0.00198824343015214	0	0.0031984785615491	0.00267980636237898	0	0.000518672199170124	0	0.254235822959889	0.0229080221300138	0.00717496542185339	0	0.0427040110650069	0	0	0	0.00596473029045643	0	0.0108921161825726	0	0.000259336099585062	0	8.64453665283541e-05	0.000345781466113416	0.000172890733056708	0.0185857538035961	0.156120331950207	0	0.000778008298755187	0	0	0	0	0	0.000259336099585062	0.000172890733056708	0.000345781466113416	0.00829875518672199	0	0.00864453665283541	8.64453665283541e-05	0	0.00043222683264177	0	0.000172890733056708	0	0.000605117565698479	0	0.000345781466113416	0	0.0663035961272476	0.00458160442600277	8.64453665283541e-05	0	8.64453665283541e-05	0	0	0	0	0.00363070539419087	0	0	8.64453665283541e-05	0	0	0	8.64453665283541e-05	0.00198824343015214	0.000172890733056708	0.000259336099585062	0	0	0	0	8.64453665283541e-05	0	0	0	0	0.00458160442600277	0	0.000259336099585062	0.00613762102351314	0.0200553250345781	0.000172890733056708	0.0223029045643154	0.0767634854771784	0.000605117565698479	0	0.000345781466113416	0	0.000172890733056708	0	0.0122752420470263	8.64453665283541e-05	0	0	0	0	0	0	0
NS9	0	0	0	0	0	0.000105429625724829	0	0.0553505535055351	0	0.000105429625724829	0.000105429625724829	0.0386926726410121	0	0.000421718502899315	0	0	0.00305745914602003	0	0.0728518713758566	0.000105429625724829	0.00105429625724829	0.0014760147601476	0.000210859251449657	0.0749604638903532	0	0.0029520295202952	0	0	0	0.000105429625724829	0.000105429625724829	0.000632577754348972	0	0	0.0112809699525567	0.00400632577754349	0	0.000105429625724829	0.000210859251449657	0.0825513969425409	0.014127569847127	0.00664206642066421	0.000948866631523458	0.0101212440695836	0	0	0	0	0.000105429625724829	0.014760147601476	0.000316288877174486	0.000316288877174486	0.000316288877174486	0.000632577754348972	0.000105429625724829	0.000421718502899315	0.149288350026357	0.0725355824986821	0.000105429625724829	0	0	0	0.00548234053769109	0	0	0.000316288877174486	0.000316288877174486	0.000316288877174486	0.0120189773326305	0.000527148128624143	0.0177121771217712	0	0	0	0	0.000843437005798629	0.000210859251449657	0.000421718502899315	0.000105429625724829	0.00126515550869794	0	0.0933052187664734	0	0.000632577754348972	0.000105429625724829	0	0	0	0	0.000105429625724829	0	0	0	0	0	0	0.00105429625724829	0.00569319978914075	0.00463890353189246	0.0109646810753822	0	0	0	0	0	0	0	0	0.000105429625724829	0.000105429625724829	0.0896151818661044	0.000316288877174486	0	0.00231945176594623	0.0217185028993147	0	0.0525039536109647	0.0497627833421191	0.00105429625724829	0	0	0.000105429625724829	0	0	0.00474433315761729	0	0	0	0	0.000421718502899315	0	0	0
