feature	X1XD42.69.sp014287635	AF33.28.sp003477885	Acetatifactor.intestinalis	Acetatifactor.sp003447295	Acetatifactor.sp900066565	Acidaminococcus.intestini	Actinomyces.graevenitzii	Acutalibacter.ornithocaccae	Acutalibacter.sp900548545	Acutalibacter.timonensis	Adlercreutzia.equolifaciens	Adlercreutzia.hattorii	Agathobacter.faecis	Agathobacter.rectalis	Agathobaculum.butyriciproducens	Agathobaculum.sp003481705	Agathobaculum.sp900291975	Akkermansia.muciniphila	Alangreenwoodia.sp905206455	Alistipes.A.ihumii	Alistipes.A.indistinctus	Alistipes.A.pullistercoris	Alistipes.communis	Alistipes.finegoldii	Alistipes.onderdonkii	Alistipes.putredinis	Alistipes.shahii	Amedibacillus.dolichus	Anaerobutyricum.hallii	Anaerobutyricum.soehngenii	Anaerofustis.stercorihominis	Anaeromassilibacillus.stercoravium	Anaerostipes.caccae	Anaerostipes.hadrus	Anaerotardibacter.sp000435675	Anaerotardibacter.sp000436075	Anaerotignum.faecicola	Anaerotignum.sp001304995	Anaerotruncus.colihominis	Anaerotruncus.massiliensis	Anaerotruncus.rubiinfantis	Angelakisella.sp900547385	Avimicrobium.caecorum	Avimicrobium.sp934845495	Avimonas.A.narfia	Bacteroides.caccae	Bacteroides.cellulosilyticus	Bacteroides.faecis	Bacteroides.finegoldii	Bacteroides.fragilis	Bacteroides.nordii	Bacteroides.ovatus	Bacteroides.stercoris	Bacteroides.thetaiotaomicron	Bacteroides.uniformis	Bacteroides.xylanisolvens	Bariatricus.comes	Barnesiella.intestinihominis	Bianquea.renquensis	Bianquea.sp019423265	Bifidobacterium.adolescentis	Bifidobacterium.angulatum	Bifidobacterium.bifidum	Bifidobacterium.catenulatum	Bifidobacterium.longum	Bifidobacterium.pseudocatenulatum	Bifidobacterium.sp002742445	Bilophila.wadsworthia	Bittarella.massiliensis	Blautia.A.caecimuris	Blautia.A.faecis	Blautia.A.hydrogenotrophica	Blautia.A.intestinalis	Blautia.A.luti	Blautia.A.massiliensis	Blautia.A.obeum	Blautia.A.sp000285855	Blautia.A.sp000436615	Blautia.A.sp003471165	Blautia.A.sp003474435	Blautia.A.sp900066205	Blautia.A.sp900066335	Blautia.A.sp900066355	Blautia.A.sp900066505	Blautia.A.sp900120195	Blautia.A.sp900548245	Blautia.A.sp900551715	Blautia.A.sp934394595	Blautia.A.wexlerae	Blautia.sp001304935	Blautia.sp900541955	Blautia.stercoris	Bradyrhizobium.sp003020075	Bulleidia.sp900539965	Butyribacter.intestini	Butyribacter.sp003529475	Butyricimonas.virosa	Butyrivibrio.A.crossotus	CAG.103.sp000432375	CAG.103.sp900317855	CAG.103.sp900543625	CAG.103.sp900757655	CAG.170.sp000432135	CAG.170.sp002404795	CAG.170.sp003516765	CAG.170.sp900545925	CAG.170.sp900549635	CAG.170.sp900553545	CAG.177.sp003514385	CAG.194.sp000432915	CAG.217.sp000436335	CAG.238.sp900542245	CAG.245.sp000435175	CAG.273.sp003534295	CAG.274.sp000432155	CAG.302.sp000431795	CAG.302.sp934162325	CAG.317.sp000433215	CAG.317.sp900543415	CAG.41.sp900066215	CAG.417.sp000432835	CAG.95.sp000438155	CAG.95.sp900066375	CAJFUH01.sp934717555	CAJFUR01.sp904420575	CAKTFW01.sp019421975	CAKTXU01.sp934615635	COE1.sp001916965	Campylobacter.B.hominis	Catenibacillus.scindens	Catenibacillus.sp018369015	Catenibacterium.mitsuokai	Catenibacterium.sp000437715	Choladocola.sp003480725	Choladocola.sp003481535	Choladocola.sp018223365	Choladousia.sp902363135	Choladousia.sp902363665	Christensenella.hongkongensis	Christensenella.massiliensis	Christensenella.minuta	Christensenella.sp022846035	Clostridium.A.leptum	Clostridium.AP.sp000509125	Clostridium.AQ.innocuum	Clostridium.AQ.sp000165065	Clostridium.AQ.sp003481775	Clostridium.Q.fessum	Clostridium.Q.sp000435655	Clostridium.Q.symbiosum	Clostridium.saudiense	Clostridium.sp000435835	Clostridium.sp001916075	Clostridium.sp900540255	Collinsella.aerofaciens	Collinsella.sp018380015	Collinsella.sp018382125	Collinsella.sp022713905	Collinsella.sp022720335	Collinsella.sp900549655	Collinsella.tanakaei	Coprobacillus.cateniformis	Coprococcus.A.catus	Coprococcus.eutactus	Copromonas.sp000435795	Copromonas.sp900066055	Copromonas.sp900066535	Copromonas.sp900066785	Dialister.hominis	Dialister.invisus	Dialister.sp900541485	Dielma.fastidiosa	Diplocloster.agilis	Diplocloster.modestus	Dorea.A.longicatena	Dorea.formicigenerans	Dysosmobacter.faecalis	Dysosmobacter.sp001916835	Dysosmobacter.sp019417795	Dysosmobacter.sp900542115	Dysosmobacter.welbionis	ER4.sp000765235	ER4.sp900317525	Egerieenecus.sp900553315	Egerieimonas.sp900552095	Egerieisoma.sp900552695	Eggerthella.lenta	Eisenbergiella.porci	Eisenbergiella.sp900066775	Eisenbergiella.tayi	Emergencia.sp904420065	Enterenecus.sp900549885	Enterocloster.aldenensis	Enterocloster.asparagiformis	Enterocloster.bolteae	Enterocloster.citroniae	Enterocloster.clostridioformis	Enterocloster.excrementigallinarum	Enterocloster.lavalensis	Enterocloster.pacaense	Enterocloster.sp000431375	Enterocloster.sp001517625	Enterocloster.sp900541315	Escherichia.coli	Eubacterium.F.sp003491505	Eubacterium.F.sp900539115	Eubacterium.G.sp000432355	Eubacterium.G.sp000435815	Eubacterium.G.ventriosum	Eubacterium.I.ramulus	Eubacterium.I.sp900546495	Eubacterium.R.sp000434995	Eubacterium.R.sp000436835	Eubacterium.R.sp900542875	Evtepia.gabavorous	Ezakiella.coagulans	Ezakiella.sp900540185	Faecalibacillus.faecis	Faecalibacillus.intestinalis	Faecalibacterium.duncaniae	Faecalibacterium.longum	Faecalibacterium.prausnitzii	Faecalibacterium.sp900539885	Faecalibacterium.sp900539945	Faecalibacterium.sp900758465	Faecalimonas.phoceensis	Faecalimonas.sp900556835	Faecalimonas.umbilicata	Faecalitalea.cylindroides	Faecivicinus.avistercoris	Faecivicinus.sp900553265	Faecousia.sp000434635	Faecousia.sp003525905	Faecousia.sp900544975	Faecousia.sp900546075	Faecousia.sp934615645	Fenollaria.massiliensis	Fenollaria.sp900539225	Fenollaria.sp900539725	Fenollaria.timonensis	Fimadaptatus.sp900553645	Fimenecus.sp000432435	Fimisoma.avicola	Fimisoma.sp000435715	Flavonifractor.plautii	Flemingibacterium.sp900546315	Fournierella.sp900543285	Frisingicoccus.caecimuris	Fusicatenibacter.saccharivorans	Geddesella.stercoravicola	Gemella.sanguinis	Gemmiger.formicilis	Gemmiger.qucibialis	Gemmiger.sp900539695	Gemmiger.sp900540595	Gemmiger.sp900540775	Gordonibacter.pamelaeae	Gordonibacter.urolithinfaciens	Guopingia.tenuis	HGM11616.sp900761075	HGM13006.sp900756575	HGM13222.sp900757485	Haemophilus.D.parainfluenzae	Heritagella.sp019418545	Holdemanella.biformis	Holdemanella.porci	Holdemanella.sp900556915	Holdemania.filiformis	Holdemania.massiliensis	Holdemania.sp900120005	Hominisplanchenecus.faecis	Hungatella.A.hathewayi	Hungatella.effluvii	Hungatella.hathewayi	Hydrogeniiclostridium.mannosilyticum	Instestinimonas.A.gabonensis	Intestinibacter.bartlettii	Intestinibacter.sp900540355	Intestinimonas.butyriciproducens	JAGTTR01.sp018223385	JAGZHZ01.sp018366495	JAGZMM01.sp018364155	JAHZGC01.sp019421015	JAHZIE01.sp019419895	JANFXS01.sp024460105	KLE1615.sp900066985	KLE1615.sp934292725	Lachnoclostridium.A.edouardi	Lachnoclostridium.B.sp900066555	Lachnospira.eligens	Lachnospira.rogosae	Lachnospira.sp000436475	Lachnospira.sp000437735	Lachnospira.sp003451515	Lachnospira.sp900316325	Lactococcus.lactis	Lawsonibacter.asaccharolyticus	Lawsonibacter.sp000177015	Lawsonibacter.sp014287875	Lawsonibacter.sp900066645	Lawsonibacter.sp900066825	Lawsonibacter.sp900754605	Lawsonibacter.sp902363045	Lentihominibacter.excrementipullorum	Lentihominibacter.faecis	Lentihominibacter.hominis	Lentihominibacter.sp900066305	Ligaoa.zhengdingensis	Ligilactobacillus.ruminis	Limiplasma.merdipullorum	Limiplasma.sp900548145	Limivivens.sp900066135	Limivivens.sp900543575	Limivivens.sp905214955	Longibaculum.muris	Longicatena.caecimuris	Luoshenia.tenuis	Marvinbryantia.sp900066075	Massiliimalia.timonensis	Massilimicrobiota.merdigallinarum	Massilimicrobiota.sp002160865	Massilioclostridium.coli	Massilistercora.timonensis	Mediterraneibacter.A.butyricigenes	Mediterraneibacter.faecis	Mediterraneibacter.lactaris	Mediterraneibacter.massiliensis	Mediterraneibacter.sp014287475	Mediterraneibacter.sp900120155	Mediterraneibacter.sp900541505	Mediterraneibacter.torques	Megamonas.funiformis	Megasphaera.sp001546855	Merdibacter.merdigallinarum	Merdibacter.merdipullorum	Merdimonas.faecis	Merdisoma.faecalis	Merdisoma.sp014290175	Merdisoma.sp900066385	Merdisoma.sp900553635	Merdivicinus.sp934869045	Mesorhizobium.terrae	Metalachnospira.sp900548595	Monoglobus.pectinilyticus	Muricomes.contortus	Muricomes.sp000509105	NSJ.51.sp900549795	Negativibacillus.faecipullorum	Negativibacillus.sp000435195	Neoanaerotignum.A.sp944377425	Neobittarella.massiliensis	Odoribacter.splanchnicus	Oliverpabstia.faecicola	Oliverpabstia.intestinalis	Onthomonas.sp003150485	Onthomonas.sp900758315	Oxalobacter.sp900760095	Parabacteroides.distasonis	Parabacteroides.goldsteinii	Parabacteroides.merdae	Paralachnospira.sp934351765	Paraprevotella.clara	Pararuminococcus.gallinarum	Parasutterella.excrementihominis	Paratractidigestivibacter.faecalis	Pauljensenia.sp000278725	Pauljensenia.sp902373545	PeH17.sp000435055	Peptoniphilus.A.grossensis	Peptoniphilus.A.lacrimalis	Phascolarctobacterium.A.succinatutens	Phascolarctobacterium.faecium	Phil1.sp001940855	Phocaeicola.dorei	Phocaeicola.massiliensis	Phocaeicola.vulgatus	Phocea.massiliensis	Porphyromonas.A.bennonis	Porphyromonas.sp900538385	Porphyromonas.sp900546675	Porphyromonas.sp900548415	Prevotella.bivia	Prevotella.buccalis	Prevotella.copri	Prevotella.corporis	Prevotella.sp000436035	Prevotella.sp015074785	Prevotella.sp900551275	Prevotella.timonensis	Pseudobutyricicoccus.lothianensis	Pseudoflavonifractor.A.gallinarum	Pseudoflavonifractor.A.sp018374635	Pseudoflavonifractor.sp014287675	Pseudolachnospira.sp022867805	Pseudomonas.aeruginosa	Pseudoruminococcus.B.merdavium	Pseudoruminococcus.massiliensis	Pseudoscilispira.sp018369915	Pullichristensenella.excrementipullorum	Pullichristensenella.stercorigallinarum	Pullichristensenella.stercoripullorum	QAMM01.sp003150405	QANA01.sp019420265	QANA01.sp900554725	QAND01.sp003150225	RUG115.sp900066395	RUG472.sp900545265	Ralstonia.sp001078575	Romboutsia.timonensis	Roseburia.hominis	Roseburia.intestinalis	Roseburia.inulinivorans	Rothia.mucilaginosa	Ruminiclostridium.E.siraeum	Ruminococcus.B.gnavus	Ruminococcus.C.callidus	Ruminococcus.C.sp000433635	Ruminococcus.C.sp000437175	Ruminococcus.C.sp000980705	Ruminococcus.D.bicirculans	Ruminococcus.E.bromii	Ruthenibacterium.lactatiformans	Ruthenibacterium.merdipullorum	Ruthenibacterium.sp018380115	SFEL01.sp004557245	Sarcina.perfringens	Scatomonas.hejianensis	Scatomorpha.intestinigallinarum	Schaedlerella.glycyrrhizinilytica	Schaedlerella.sp900066545	Sellimonas.intestinalis	Senegalimassilia.anaerobia	Slackia.A.isoflavoniconvertens	Slackia.A.piriformis	Slackia.A.sp900553655	Staphylococcus.aureus	Streptococcus.mitis	Streptococcus.parasanguinis	Streptococcus.salivarius	Streptococcus.sanguinis	Streptococcus.sp000314795	Streptococcus.sp001556435	Streptococcus.sp004166885	Streptococcus.sp900766505	Streptococcus.thermophilus	Streptococcus.xiaochunlingii	Sutterella.wadsworthensis	Terrisporobacter.sp900557165	Thomasclavelia.ramosa	Thomasclavelia.spiroformis	Turicibacter.bilis	Turicibacter.sanguinis	UBA11524.sp000437595	UBA11774.sp003507655	UBA1417.sp003531055	UBA3402.sp003478355	UBA3818.sp900557155	UBA4285.sp900545225	UBA644.sp900547165	UBA737.sp900549055	UBA738.sp003522945	UMGS1071.sp900542375	UMGS1312.sp900550625	UMGS1590.sp900552455	UMGS1623.sp934647945	UMGS1696.sp900753285	UMGS1766.sp900554855	UMGS1975.sp900546685	UMGS1975.sp900751745	UMGS856.sp900546265	UMGS911.sp900545935	Veillonella.atypica	Veillonella.nakazawae	Veillonella.parvula	Veillonella.rogosae	Ventricola.sp900542395	Ventricola.sp900542445	Ventricola.sp900548125	Ventrimonas.sp003478505	Ventrimonas.sp003480315	Ventrimonas.sp900538475	Ventrisoma.faecale	Vescimonas.coprocola	Vescimonas.sp000435555	Vescimonas.sp000435975	Vescimonas.sp001916855	Vescimonas.sp900545585	Wujia.chipingensis	Yeguia.hominis	Zhenpiania.hominis
NS10	0	0	0	0	192	171	0	0	0	0	0	57	0	37896	2096	3935	140	0	0	0	0	0	0	0	90	257	0	481	16101	531	0	0	0	29809	0	8298	0	1783	0	0	0	0	0	0	0	549	0	0	1245	56	0	97	253	102	95	0	41618	190	0	0	28965	0	26491	0	9522	1164	0	69	0	762	5310	0	0	0	51727	12777	741	0	0	0	385	0	396	401	0	0	0	258	90141	307	0	0	0	0	0	0	0	0	0	0	0	0	0	0	0	0	0	0	0	0	0	0	0	0	0	0	0	0	457	2758	0	0	0	0	0	0	0	0	0	0	0	0	0	578	250	0	819	0	0	0	0	0	346	1896	190	0	0	2502	4328	74	0	0	0	0	15645	0	0	4086	3843	0	0	0	1433	0	0	0	3906	0	0	26710	0	0	0	0	59341	17262	0	0	0	0	0	2673	0	0	0	0	84	0	7651	0	0	0	0	0	69	0	0	0	0	0	14839	5635	10467	275	0	0	0	0	2237	33875	0	0	0	0	787	0	0	0	1576	23438	222	16081	176	827	470	0	603	0	0	0	0	0	0	0	0	0	0	0	0	0	0	36443	0	0	580	0	0	0	37436	0	0	20756	2419	0	115	198	0	876	0	0	0	0	0	137	0	0	0	0	0	0	196	0	0	0	0	0	0	0	0	264	0	0	0	0	0	3744	157	0	0	0	0	0	0	0	0	73	0	455	0	0	0	0	0	0	298	90	0	0	0	0	0	0	1216	57	92	436	0	0	0	264	0	0	0	0	36709	0	98	209	0	0	727	0	33031	0	0	0	0	0	0	0	0	0	0	0	0	0	0	0	6292	0	792	0	0	25435	0	0	0	160	0	423	0	485	0	0	0	0	0	0	0	0	0	120	0	0	0	34980	0	0	0	0	0	0	0	5505	0	0	0	0	0	0	0	0	0	0	0	0	0	0	0	0	0	0	0	0	0	0	224	0	383	435	1403	2146	0	0	678	0	0	0	0	0	513	1308	0	71	0	0	57	0	1033	0	0	1525	0	0	0	0	0	0	0	0	0	0	0	0	123	0	0	0	0	597	0	0	0	355	40147	0	0	0	0	0	0	0	0	0	0	0	0	0	0	0	0	0	0	0	0	0	0	0	0	199	1591	0	0	0	0	0	0	0	0	0
NS11	0	73	387	0	3274	0	0	0	0	487	0	0	1596	15010	1762	0	182	2246	93	5775	0	1159	1223	1586	167	0	6580	0	2303	539	0	0	0	2695	0	0	0	0	64	0	0	0	0	59	214	26467	0	10083	0	139	0	41077	56481	1891	7093	17682	2232	0	339	0	13130	2804	4620	798	1689	305	0	441	0	0	3058	0	0	0	1104	1839	297	0	0	0	0	1919	73	95	0	78	0	89	5797	0	0	0	0	0	0	0	0	251	9635	0	0	0	0	0	0	0	0	0	42291	0	0	110	0	0	0	0	0	141	0	221	2896	0	0	169	0	0	202	0	0	0	0	0	8913	918	643	35	234	0	0	66	51	0	792	0	0	0	0	2826	113	0	0	0	0	0	4977	758	0	0	494	0	0	0	86	0	646	0	131	390	0	0	0	0	47	83	4180	1898	113	0	324	0	1915	7860	0	0	0	0	99	0	335	136	0	0	0	130	155	0	0	0	0	85	2047	131	1093	1308	210	0	0	0	3271	113	0	0	0	0	741	0	0	0	0	7067	368	28689	474	726	119	0	0	0	103	0	0	0	490	0	0	0	0	0	0	0	0	109	120	60	357	0	54	0	1277	0	0	8580	18751	71	0	204	79	0	0	0	0	0	0	0	0	0	2373	216	0	101	0	0	68	42	226	0	0	0	0	142	0	0	77	179	0	161	0	0	47	66	388	0	0	377	0	66	197	1070	0	0	0	0	563	0	174	0	52	0	1742	0	0	0	325	0	0	0	63	0	0	0	0	0	0	98	3986	0	0	56	0	0	2444	0	0	0	0	0	0	0	99	0	68	0	0	0	0	193	0	0	411	0	0	4644	0	1624	0	0	564	36649	0	28434	0	0	0	120	0	0	0	0	0	0	8519	0	0	1900	0	114135	100	0	0	0	0	0	0	264469	0	0	17889	0	0	0	0	61	0	62	0	0	0	106	0	0	0	0	0	0	0	2646	1388	0	161	482	0	940	0	1891	0	0	0	0	0	0	0	3336	50	775	0	0	49	0	0	73	0	382	0	0	0	0	0	0	229	0	0	0	0	0	0	0	2364	0	0	144	0	0	0	0	8819	267	76	279	0	209	0	0	0	809	356	0	144	43	0	190	0	0	0	0	0	0	0	0	63	0	0	51	471	0	11987	0	0	0	78	63
NS13	0	0	116	0	7766	0	0	0	0	0	0	0	13470	21631	2125	0	0	0	0	0	0	0	0	0	11398	46885	0	0	61453	2812	0	0	351	60702	0	0	0	0	146	0	0	0	0	0	0	0	0	0	0	21705	0	74150	165	2534	23732	4175	7341	0	0	0	37	0	0	0	0	0	0	0	0	0	30260	0	0	0	87208	4823	0	0	0	0	0	304	0	433	454	0	0	0	210745	0	44	0	0	0	0	435	0	0	0	0	0	0	0	0	0	0	0	0	0	0	0	0	0	0	0	0	0	0	0	1674	0	0	0	79	299	0	0	0	0	0	0	2009	36185	0	96	0	367	0	0	0	0	0	1698	1849	1943	820	0	2273	0	1091	0	0	0	0	0	0	0	0	0	0	0	0	1338	0	0	0	176	236	0	0	177	0	36	0	34344	7093	0	0	0	0	405	0	0	0	0	0	3341	1316	0	167	0	0	152	201	233	0	0	0	0	142	7133	0	1217	0	0	0	0	0	838	5650	0	0	0	0	0	154	0	0	807	11115	2141	16430	8520	7443	10050	0	0	0	0	0	0	0	0	0	0	0	86	0	0	0	0	0	0	0	1921	0	0	0	38077	0	0	28201	12921	0	0	382	0	0	0	0	0	0	0	0	0	0	0	0	764	0	0	165	273	350	0	0	662	0	0	0	0	0	0	0	0	0	0	83	0	0	0	0	32	0	0	0	142	0	0	0	0	0	0	608	488	0	0	0	0	0	0	0	3605	0	0	0	0	0	0	0	0	0	0	0	0	0	0	148	0	0	1520	0	0	0	0	0	0	0	0	0	0	0	0	805	199	0	0	0	0	0	0	0	0	2230	0	0	0	0	0	149	0	0	0	0	0	0	75	0	0	109	0	0	0	0	0	34987	0	0	0	0	0	0	0	430	0	32	0	0	0	0	0	0	0	0	0	0	0	0	0	0	0	0	0	0	0	0	889	0	0	0	136	2581	0	0	1852	0	0	0	0	0	0	329	0	0	0	0	57	0	0	57	0	0	0	0	0	0	0	119	1479	0	0	0	0	0	327	0	0	0	86	1212	202	0	0	0	0	436	0	0	0	0	0	0	0	0	0	0	0	0	0	0	0	0	0	0	0	0	0	688	0	47	0	0	191	0	0	0	0	0	0	112
NS21	0	0	0	0	3686	0	0	0	0	0	0	0	28772	10910	2589	0	823	38	0	0	0	0	0	0	0	728	0	0	444	3878	0	219	74	25864	0	0	0	46	88	0	0	0	0	0	0	0	0	0	0	13372	0	51131	1356	64932	39928	26470	5931	0	1213	0	66	0	0	0	1410	0	0	1018	0	249	1516	0	0	0	12318	593	0	0	0	0	0	0	0	0	0	0	0	0	26173	183	107	0	0	0	0	366	6014	0	0	118	0	3003	0	0	0	0	0	0	0	0	4472	0	0	0	0	0	0	0	0	5068	0	0	0	0	0	0	0	1230	0	0	0	0	0	2037	2605	163	0	0	0	0	0	0	0	66	341	0	0	17350	0	1567	0	0	0	60	0	0	0	0	0	0	0	386	0	0	158	185	8713	2076	0	5155	1844	477	0	0	6069	804	0	156	0	0	4202	0	0	0	0	0	904	0	0	1155	0	0	1545	0	1684	541	136	0	60	0	17658	6371	3482	1719	255	0	0	0	2693	0	0	0	0	0	632	0	0	0	0	23217	26158	87116	421	0	0	967	0	0	0	0	0	0	0	0	0	0	0	0	0	0	0	0	0	0	24068	0	0	0	15704	0	0	21482	4882	0	0	1195	0	0	0	0	0	0	87	0	0	0	0	1725	0	0	0	0	1134	517	813	0	1872	308	0	0	0	0	0	0	142	157	0	0	0	0	4108	0	62	0	574	0	0	0	0	0	0	0	57	0	0	0	0	0	0	0	0	0	0	0	177	710	0	0	0	0	0	0	0	0	10729	7675	0	0	0	0	3316	0	0	0	0	0	0	0	0	0	0	0	0	0	206	0	0	0	0	0	0	0	0	0	0	0	0	11631	0	82	0	0	0	0	0	0	38	0	0	0	0	0	0	0	0	167983	187	0	0	0	0	0	0	219	0	57	0	0	0	0	0	117	0	0	0	0	0	0	0	0	0	0	0	0	0	0	292	0	83	727	65339	51715	0	0	5051	0	0	0	0	1484	0	3033	0	0	0	0	0	0	74	0	40	0	0	0	0	0	0	0	979	0	0	326	0	0	1124	0	0	41	0	196	0	0	0	396	9338	0	0	0	0	0	0	163	0	0	0	0	0	0	0	0	0	34	114	4701	47	0	0	0	141	878	0	0	0	0	0	0	0	0	0	0
NS25	0	0	0	0	4157	0	0	0	0	0	0	0	541	21157	8755	0	2180	0	0	0	0	0	0	151	198	7715	0	0	2252	726	0	0	168	5738	0	0	0	23456	100	0	0	0	223	0	0	0	5313	0	16586	8164	0	106946	40959	12854	47089	634	8479	0	0	0	41	0	1673	1348	357	0	0	3946	820	246	1765	525	102	0	6266	2864	609	0	0	0	0	0	402	0	0	0	0	0	11014	104	0	0	0	0	0	1075	0	0	0	0	0	0	0	0	0	0	0	0	0	0	0	0	0	0	0	0	0	0	0	4759	0	0	0	1201	0	0	0	0	0	0	105	0	0	3671	0	0	0	0	0	0	0	0	128	726	650	377	140	13342	0	5088	0	0	0	29	0	0	0	0	0	0	0	0	0	0	37433	0	9772	2324	0	0	0	0	0	0	2741	4682	884	42	298	0	3611	0	0	0	0	0	332	452	0	518	0	0	7904	0	1317	766	0	0	1041	361	9720	2945	7327	0	0	0	0	0	0	0	0	0	0	0	1884	0	0	0	1759	25738	17381	107421	8699	2065	523	0	0	0	0	0	0	0	0	0	0	0	0	0	0	0	0	81	0	0	42222	0	0	0	7889	0	0	17247	8876	0	0	2975	0	19	0	0	0	0	0	0	0	0	0	9750	0	0	0	0	705	250	394	0	309	0	632	0	0	0	0	0	359	1321	0	692	0	0	0	0	5184	0	0	0	996	0	101	0	0	714	17851	0	185	95	0	0	0	0	0	0	68	0	132	0	0	0	78	0	0	0	0	0	4962	0	0	1331	0	0	1920	0	0	0	0	0	0	0	0	0	0	0	0	11838	61	0	0	0	0	0	34	1488	0	0	0	0	0	957	0	14103	26	0	0	275	0	0	0	0	0	0	0	15954	0	6223	0	156627	44	0	0	0	0	0	0	111	36	26	0	0	0	0	0	0	134	0	0	0	0	1042	0	0	0	0	0	0	0	0	1434	0	970	472	107	429	0	0	7223	0	0	0	0	0	0	1222	0	0	0	93	0	0	0	0	0	0	0	0	0	0	0	0	26	0	0	0	0	0	77	0	261	69	0	0	44	0	0	0	8003	0	0	0	0	0	0	506	0	0	0	0	0	0	0	0	0	0	0	0	0	0	0	0	1064	0	0	0	0	0	0	0	0	0	0	0
NS27	0	0	500	0	435	0	0	0	0	0	0	66	21847	38924	752	976	99	6471	0	0	0	0	0	0	0	0	8855	0	836	27763	0	0	0	32516	0	0	204	0	0	0	0	47	0	0	0	7977	0	620	0	0	0	67699	152	15893	19473	0	435	0	0	0	109533	8931	0	3733	4850	1821	1296	0	0	0	10779	0	58	0	11478	1536	399	155	0	0	0	0	674	316	0	0	0	166	30498	0	0	0	0	0	0	536	0	670	0	0	0	0	0	1137	0	0	0	0	0	0	9116	0	10733	0	3210	0	0	905	0	6791	0	0	46	0	0	0	0	0	0	0	0	730	15518	130	0	0	77	118	0	0	0	0	0	0	455	0	0	1503	6139	69	0	332	0	1397	746	0	0	235	0	178	0	0	3539	0	0	0	1374	215	5939	0	0	0	0	0	4780	4013	52	96	0	0	81	2748	0	0	0	0	0	0	829	147	0	0	0	0	39	0	0	0	49	0	2346	0	1044	0	2211	0	183	0	1718	1279	0	0	0	0	0	0	0	0	0	5857	37132	68295	4227	3156	3194	0	0	0	0	0	0	0	257	0	0	0	0	0	0	0	0	0	0	0	163	0	0	0	19441	0	0	3242	5318	198	0	0	0	112	0	0	0	0	270	0	0	250	4902	471	0	0	2458	0	0	0	0	0	1508	132	0	0	0	0	0	0	0	11980	103	0	810	1455	756	0	0	0	382	0	0	0	0	0	0	0	0	0	0	0	0	0	0	0	0	774	1311	0	0	0	0	0	0	0	0	0	0	65	5149	1412	234	0	0	0	1389	0	0	0	0	0	0	0	1984	0	0	0	0	0	73	0	0	0	0	0	0	0	0	15589	0	0	0	9998	0	3194	0	2608	0	0	605	0	0	0	0	0	0	0	0	1392	10924	68182	0	0	0	0	0	0	0	55	0	0	0	0	0	0	92	0	0	0	0	0	187	0	0	0	0	0	0	0	0	8666	1836	0	1911	0	17634	2025	0	0	0	0	0	0	5097	23594	0	595	0	0	0	0	56	0	0	404	0	388	207	0	0	0	0	220	3067	0	0	516	0	0	8305	0	76	42	54	0	0	0	0	2202	82594	382	0	0	0	50	0	1000	0	0	0	0	0	0	0	0	0	49	48	145	0	0	513	0	104	351	0	0	0	0	0	0	0	0	0	160
NS28	283	0	4262	963	19140	0	0	0	0	0	0	0	423	8583	275	1977	0	32693	0	117	3585	680	1630	575	42	1981	2450	0	5479	373	0	233	0	5910	0	59	22	0	0	0	0	473	46	0	0	8092	0	3230	803	28	62	6689	40	234	4510	2800	805	10345	371	0	6576	3110	65	0	226	103	269	438	0	0	823	0	0	122	2374	403	198	0	0	0	0	651	289	37	26	125	0	21	3230	0	0	57	0	0	801	134	0	0	406	2023	834	92	5491	2064	346	656	869	372	5647	2382	0	123	11965	0	0	3267	0	39	0	510	2058	245	1129	0	0	0	0	98	236	0	0	0	0	931	777	242	449	109	0	0	0	0	5665	0	0	0	0	1330	137	0	0	0	0	0	0	0	0	0	39	0	0	0	842	5848	58	0	2425	1154	13010	0	0	0	0	0	1878	384	167	1854	215	134	764	3082	1578	327	0	0	0	0	707	0	0	0	0	0	0	33	0	0	0	111	779	0	541	349	557	140	39	346	106	434	0	0	1997	0	322	0	0	0	1666	2423	11252	51121	4262	2423	5272	0	0	0	0	0	0	1859	82	0	237	0	61	0	0	35	0	42	0	0	102	71	0	0	1230	0	0	2609	668	1464	0	74	0	0	0	0	39	209	47	0	0	0	1755	0	0	0	600	0	0	0	0	184	135	85	32	237	0	0	0	223	0	1975	45	0	209	2140	0	8514	1741	0	2287	0	57	0	248	29	0	0	0	0	55	0	0	41	0	0	422	115	519	120	0	0	0	0	0	0	0	0	0	130	1506	2292	0	0	0	0	248	0	0	0	0	0	0	0	309	420	0	0	0	0	0	35	42	0	0	38	0	1039	587	274	0	133	0	6014	0	6286	0	742	0	58	417	0	0	10834	0	0	0	2472	96	2703	3870	757	0	59	0	0	0	0	48	248410	569	131595	5345	54784	270	0	0	0	0	0	0	0	106	51	0	0	0	0	0	0	0	2038	1820	0	69	3677	1642	6129	0	337	0	4536	0	0	2093	408	100	150	0	0	68	0	22	0	0	89	0	44	181	0	0	0	0	35	151	0	0	38	0	0	418	0	1618	38	0	0	0	0	2341	1519	9830	340	118	117	240	1646	659	0	85	0	142	764	41	0	38	0	47	0	45	0	0	578	1657	2789	721	372	0	0	0	496	1870	65	561	30102	0	0
NS29	0	0	0	0	0	0	0	0	0	0	0	0	38850	1286	0	0	117	0	0	0	0	0	0	0	3572	173	0	0	0	567	0	1353	801	17606	0	0	0	0	1085	0	0	0	228	0	999	1268	0	0	0	1911	0	76	0	0	15938	0	0	0	0	0	63633	0	32965	0	43112	0	0	467	107	32041	0	0	0	0	370	0	0	0	0	0	0	0	0	0	0	0	0	0	116239	6400	0	0	0	0	0	0	0	0	0	0	0	0	40	0	0	0	0	0	421	0	42	0	0	0	0	0	0	0	0	124	0	0	0	789	0	0	0	0	0	178	0	0	0	0	0	0	0	0	0	0	0	0	3798	15004	2654	379	767	0	0	7550	190	0	0	11856	0	0	0	0	0	0	0	220	0	159	3537	0	0	0	0	9342	0	65	191	0	113	117	496	0	355	0	3373	76	0	0	0	0	7808	19307	80	7275	197	0	5132	3229	11176	1899	360	1659	0	2275	12502	956	0	40	0	0	0	0	0	0	0	24124	0	64	4075	0	0	0	0	239	21505	31348	364	2736	0	2078	0	1094	0	0	0	0	0	0	0	0	0	0	0	0	0	0	0	455	4423	0	0	0	626	0	0	28663	9640	0	0	378	866	0	139	710	0	0	0	0	0	0	0	0	0	0	0	1911	2749	1279	0	0	9241	651	92	0	3634	103	0	0	166	458	0	674	0	0	0	0	1490	0	0	907	781	0	0	52	825	0	0	0	4401	1554	0	0	0	0	0	0	0	0	1033	16186	51	0	217	0	410	262	0	0	458	0	0	670	0	0	1503	0	193	0	0	49	0	0	0	0	0	0	0	2356	0	639	0	0	0	0	0	0	0	4328	0	1084	0	0	0	94	0	0	75	0	0	24	0	0	0	0	0	0	0	189	0	34415	0	0	0	0	0	0	0	273	0	0	0	0	0	0	85	0	0	0	0	92	0	0	0	0	0	1026	239	0	0	0	1311	0	11579	0	8417	313	0	0	5440	31	0	0	0	0	90591	26856	4424	0	0	0	530	0	1601	0	17634	0	0	0	0	0	0	0	0	0	0	160	0	0	2252	0	0	253	3227	16404	50	0	0	2140	217	0	0	0	0	0	0	1000	0	0	0	0	0	520	0	0	0	0	0	0	0	0	1296	0	0	0	0	0	0	0	0	0	0	0	0	125
NS30	0	0	0	0	313	0	0	0	0	0	0	0	81950	89305	938	0	37	0	0	0	0	0	0	0	609	139	0	393	14850	165	0	65	0	21576	0	0	0	0	0	0	0	0	0	0	0	3192	0	0	0	1416	0	17972	0	490	101	0	0	21	0	0	51876	0	241	497	182	0	0	0	0	6323	5406	0	0	0	25948	148	0	0	0	0	0	0	0	0	0	0	0	676	113303	645	4751	0	0	0	0	0	0	0	84	0	0	0	0	0	0	0	0	0	295	0	100	0	0	0	0	0	0	0	0	5396	0	0	0	0	0	0	0	0	0	0	0	0	0	0	0	0	0	0	0	0	0	0	403	121	543	0	0	0	0	0	303	0	152	2480	39	0	0	0	0	0	0	0	8910	478	129	0	7608	0	0	1749	0	0	0	0	29854	340	0	0	0	0	75	100	0	0	0	0	1448	0	18215	0	0	0	123	0	2239	0	173	0	0	89	16130	4121	0	15287	867	0	0	5241	0	8604	0	0	0	38	0	0	0	0	0	391	54970	2130	0	0	0	0	329	8618	0	0	0	0	0	0	0	0	0	0	0	0	0	66	0	0	103	0	0	0	47459	0	0	181	444	0	0	46	191	0	0	0	0	0	0	0	0	0	0	1352	0	0	0	0	0	0	0	0	2575	419	0	0	1911	0	0	0	0	8641	333	395	0	0	3251	0	1830	0	0	0	0	0	180	0	0	0	0	0	0	0	0	0	0	0	0	0	0	0	0	1314	0	0	0	105	0	0	0	0	61531	2531	0	0	0	0	1049	0	0	0	0	0	0	0	0	0	0	0	62	263	0	0	0	0	0	0	0	0	0	87	0	0	0	66	0	196	0	0	0	0	0	95	0	0	0	0	0	0	0	0	0	3759	0	0	0	0	0	0	0	773	0	0	0	0	0	0	0	0	0	0	36338	0	0	0	0	0	0	0	0	0	0	0	242	0	2812	512	89352	40410	0	0	17175	0	0	0	0	82	214	66	0	0	0	0	0	0	193	0	1517	0	0	0	0	0	0	105	343	0	0	744	0	0	353	0	0	87	1354	1257	0	0	0	0	397	0	0	0	0	0	0	2675	0	0	0	0	0	0	0	0	0	0	0	0	0	0	0	0	0	0	0	0	43	0	0	0	0	0	0	0
NS32	655	45	9551	119	13614	0	0	0	0	0	0	51	8615	21678	470	3033	0	2888	376	0	0	0	1464	953	806	637	1416	0	6059	677	0	725	0	2482	39	0	861	0	0	0	0	1498	106	0	44	11305	0	0	0	1673	0	23002	680	3590	3096	2771	2930	789	535	0	2955	4077	1358	60	238	0	0	1482	209	0	2574	0	0	370	1892	763	322	0	0	331	0	2588	126	286	880	246	83	63	15283	0	0	0	0	0	0	456	0	155	5773	0	1426	0	7179	905	1101	757	656	305	18733	3868	0	543	7941	3062	0	3539	0	0	0	2729	0	313	180	114	41	0	0	0	203	0	43	0	0	1043	1017	217	405	220	0	0	0	0	1654	0	144	182	0	1826	0	44	0	266	0	274	245	0	0	1050	0	0	0	0	1691	46804	865	47	435	120	0	42505	0	39	0	52	6806	1623	163	3215	920	47	1720	14307	1644	241	0	130	0	0	13462	74	0	212	0	79	101	48	0	0	0	181	1684	0	1390	668	3548	1522	59	0	58	959	68	0	0	0	538	0	0	52	222	11948	7781	84996	6725	5068	2020	0	0	0	0	30	0	654	57	338	66	0	0	0	0	107	196	91309	0	0	619	571	0	0	8306	53	0	895	5625	1453	1800	1799	105	0	272	0	46	56	0	0	0	0	0	280	0	0	2712	0	178	91	0	72	239	0	42	312	0	0	0	0	0	2809	77	0	269	2052	0	664	304	0	0	0	78	0	335	0	0	75	0	0	270	0	61	0	5230	126	1048	314	1409	115	0	0	32	0	0	0	0	0	0	142	7206	1668	0	0	0	0	225	0	0	0	0	0	56	0	921	423	55	0	0	0	389	29	0	384	0	90	0	2623	0	1575	38	218	81	5200	0	0	51	0	126	176	0	0	0	511	0	0	0	848	889	0	0	21890	0	0	0	33	0	0	0	68432	677	0	0	893	0	0	0	0	0	0	0	0	0	192	33	0	0	0	0	0	0	3819	4276	0	337	880	8280	10935	0	939	69	4133	1037	147	0	7238	3342	1429	0	103	466	0	0	121	0	0	0	276	0	0	0	0	0	0	393	0	0	47	0	0	62	0	469	0	0	36	0	0	639	529	4050	617	993	0	92	97	610	1005	59	0	0	325	179	0	0	197	0	0	0	0	0	0	735	2148	310	236	0	0	647	3696	488	0	3258	82	31	55
NS34	0	0	0	0	369	0	0	0	106	3414	0	0	186	1133	0	0	135	7825	60	5520	0	0	0	2938	8926	0	0	0	335	0	41	181	0	233	0	0	0	0	880	0	0	0	0	0	0	114053	0	0	344	320674	0	39810	0	17047	205	524	621	0	260	227	0	0	8420	3446	3183	666	0	0	0	0	676	0	0	0	1066	218	0	0	0	0	0	0	0	0	0	0	0	0	1322	266	0	0	0	0	0	0	0	0	0	0	0	0	3653	0	0	318	0	0	0	0	0	0	0	0	0	0	0	0	438	0	0	0	0	55	0	0	100	0	0	0	0	0	0	0	0	0	0	0	0	0	0	0	769	154	1952	0	0	0	0	11233	527	75	0	8173	0	0	0	0	0	0	196	5510	329	0	660	0	0	0	0	0	1116	87	0	95	572	1327	104	0	179	86	2689	0	0	0	0	0	1569	697	525	10443	0	62	313	0	6185	1251	98	0	140	331	0	402	0	24314	0	0	0	0	117	0	0	0	0	0	1615	78	468	0	415	105	4748	1219	0	0	0	29934	0	0	0	0	0	0	5573	0	0	0	0	365	140	968	0	7698	0	3426	1786	0	2288	0	166	0	0	4495	4851	0	0	0	733	0	54	82	0	0	0	158	0	0	0	1178	0	0	0	0	5513	105199	896	0	3550	2513	262	0	0	0	0	0	0	82	0	0	115	0	0	0	0	0	0	0	574	0	0	0	0	322	377	170	0	99	0	0	0	0	0	0	0	0	0	0	0	0	0	0	0	0	0	0	0	0	55	0	0	0	2704	0	0	0	0	0	0	0	0	0	0	0	405	558	162	0	0	0	0	0	0	7002	0	306	0	0	154	25870	0	22018	0	0	0	0	0	0	0	0	1358	1628	0	8010	0	0	0	194	0	816	0	291	891	0	482	70	480	0	0	0	59	0	0	0	763	0	0	0	3510	73	65	97	0	48	0	0	53	0	1072	0	367	236	132	272	0	1864	63519	1001	0	0	0	1965	0	3361	3276	0	0	0	0	0	99	0	0	0	0	390	57	0	0	0	61	0	0	0	0	0	0	0	0	389	0	362	1277	399	0	292	4495	0	0	0	0	0	0	1673	0	0	90	0	0	145	0	282	0	0	0	0	0	0	148	0	0	0	0	0	3901	0	0	133	0	0	0	0
NS36	0	0	99	0	426	0	0	3164	0	4860	636	218	983	6154	412	161	210	153577	110	0	0	671	7161	15246	39835	0	0	0	3207	1445	0	2003	0	3189	0	0	0	0	889	0	0	0	0	35	0	27231	0	0	0	542	0	26291	32868	13769	21258	0	0	10391	624	0	8893	0	0	0	6427	0	0	1055	75	882	2729	1248	0	0	2136	1470	0	0	0	0	0	0	0	262	0	0	0	281	5609	118	0	0	0	0	0	1473	5910	0	7551	0	0	0	0	18815	0	0	0	0	0	0	0	0	0	0	0	0	0	0	1989	1529	0	0	0	100	0	83	0	0	0	0	102	0	0	0	277	0	0	0	230	0	0	0	1802	50	172	0	0	433	238	5260	0	0	0	35	9088	0	0	0	0	0	0	1104	0	0	7579	0	306	0	0	51	0	120	213	0	0	4911	2067	4868	488	0	7277	0	0	0	47	0	754	0	103	398	180	0	88	0	2064	1288	0	0	893	821	79	82	259	0	2102	0	0	133	0	0	0	0	29745	0	1998	63	0	0	4883	1180	1467	6360	0	0	0	1621	0	0	0	0	0	0	13137	0	0	0	0	77	55	315	0	0	0	0	16759	0	0	1109	30349	0	0	21713	50111	0	0	0	0	44	649	478	0	0	0	0	0	0	0	288	0	1776	0	4171	578	2124	1974	0	686	0	5727	0	0	845	147	244	54	328	0	0	178	0	0	0	0	0	6418	0	472	2318	0	394	0	0	498	0	0	201	0	40	0	0	0	0	469	78	149	72	419	0	62	0	110	156	133	150	1877	0	139	0	0	151	4182	0	0	0	0	93	0	0	0	0	231	0	137	27726	168	0	0	0	238	0	0	3775	0	4177	0	0	0	11005	0	18167	0	0	204	0	0	0	0	0	48	0	0	12197	0	843	3317	60890	139	41	0	28	0	0	39	0	0	0	0	0	0	0	0	0	0	58	0	46	0	0	0	0	0	112	0	0	493	0	1265	0	2895	0	207	0	0	0	124	0	0	0	0	3979	28388	16106	82	7309	0	0	681	0	0	0	1679	0	0	0	0	80	0	0	0	0	0	0	0	0	305	0	566	0	0	128	167	611	0	0	23935	0	0	0	0	0	0	1181	0	0	262	0	0	998	0	401	0	0	0	0	0	0	0	0	0	0	85	0	0	0	0	0	0	0	0	192
NS38	76	0	0	114	6855	0	0	371	0	559	91	1361	1552	7815	285	0	0	105411	134	4307	242	0	1144	4892	2730	8163	12699	0	509	12626	0	2572	0	21983	1097	0	0	0	139	0	0	0	130	0	722	91877	438	0	0	5872	526	28842	1728	859	15485	231	2575	6972	592	0	79299	0	14786	0	32282	4698	0	57	184	0	2082	0	116	0	7253	385	163	0	0	362	0	0	0	100	0	4429	0	0	3020	0	0	0	0	0	157	335	846	0	0	94	375	0	4532	1742	0	304	534	289	46370	2499	0	78	6729	4852	0	6376	326	87	0	1135	0	3643	0	0	194	0	131	0	0	0	0	0	0	131	235	0	244	131	122	0	114	0	2008	0	136	68	0	295	0	0	0	0	0	0	7089	461	0	1754	562	0	0	5829	2704	5629	0	0	0	216	4990	0	0	198	0	0	2034	1014	0	708	438	0	2258	4552	1330	873	0	649	212	0	1556	146	115	0	212	0	4768	0	0	137	0	0	202	0	48	2458	1684	981	0	0	1231	217	0	0	0	0	615	0	0	0	1817	4247	748	25084	3058	2344	1313	0	0	0	0	53	94	3391	195	103	130	66	0	0	0	0	291	0	1079	990	946	0	619	0	5188	352	0	4977	17171	1019	0	714	592	96	0	59	0	149	76	0	401	0	0	0	399	0	466	0	0	0	0	0	386	135	0	103	0	0	0	0	0	2155	320	0	137	6589	406	0	0	2254	223	0	333	0	325	0	0	78	0	178	447	116	0	229	1933	1738	0	649	158	0	0	45	0	0	0	0	0	0	236	130	0	0	0	56	171	0	2144	0	0	65	0	0	75	0	183	0	0	0	0	1284	0	317	980	216	0	0	0	3851	0	1324	250	162	313	236	0	19965	0	0	60	0	0	0	0	2304	0	0	0	0	1865	211	0	42510	0	0	0	0	0	0	0	0	0	0	0	0	0	231	352	0	0	0	2128	0	2242	0	286	95	107	0	0	0	97	64	3479	0	1227	144	1764	942	0	533	335	2737	0	0	0	6953	0	3059	225	0	1115	0	0	1113	0	0	0	0	0	0	0	0	0	0	293	0	0	0	0	0	0	0	231	0	0	871	0	0	15267	421	11215	0	158	0	0	820	0	1254	1165	0	0	50	82	129	0	243	0	0	0	0	0	1495	473	0	0	0	0	95	83	0	0	11452	148	0	267	120
NS39	1987	0	209	0	151	0	0	0	0	0	0	0	77	21369	1115	1103	0	3270	0	857	2118	0	1039	1852	7614	13636	189	0	2824	1314	0	500	0	10042	0	102	1053	0	0	0	0	129	0	0	90	6287	0	15308	181	0	74	23871	6301	0	21111	0	3884	3934	175	0	22038	12115	9657	1181	2160	0	0	603	80	0	4007	0	0	401	10209	2877	112	0	0	294	387	0	84	76	153	316	0	119	22149	0	0	0	0	5932	0	953	0	0	3284	0	0	504	1203	81	346	1702	339	0	59	1586	8665	739	4372	0	0	0	16910	194	0	957	21805	49	526	380	81	35	0	0	0	0	0	0	0	578	1190	207	162	38	44	84	74	0	615	0	0	0	0	3457	0	0	0	0	0	0	1364	0	0	0	498	147	0	179	2213	19847	90	186	702	278	0	21455	0	34	0	0	12085	2283	0	1423	1182	86	319	11103	717	587	0	0	0	0	18822	0	0	0	0	0	131	51	0	0	0	68	4147	0	857	115	0	0	0	0	2445	919	0	0	13900	0	814	0	0	0	1461	39931	33394	151960	14678	8414	1822	0	0	0	0	0	0	0	1630	0	0	0	0	0	0	0	128	0	0	0	654	0	0	0	6572	0	0	34162	50543	3032	0	3214	0	0	49	0	0	0	86	1549	0	1122	0	93	0	37	259	0	0	0	0	47	502	60	0	375	0	0	0	0	0	1336	0	0	488	0	0	4003	0	9852	124	0	0	0	137	0	0	0	0	0	95	0	58	79	0	106	3304	45	4258	0	0	0	0	70	0	0	0	0	0	43	3772	0	0	143	0	0	0	4719	0	0	53	0	0	133	485	0	0	0	0	0	0	130	0	0	0	0	0	4929	0	1652	0	942	0	4270	0	3628	0	0	0	0	0	0	0	0	0	0	0	2183	0	24162	3627	21076	0	0	0	0	0	0	0	26631	0	0	0	0	0	0	68	0	50	0	892	0	0	0	0	0	0	0	0	168	0	0	4640	0	338	114	99	3326	0	173	0	4085	0	118	0	1944	8242	1373	0	122	0	0	55	0	0	199	0	0	776	0	0	0	0	78	882	0	0	127	0	0	55	60	343	359	0	0	60	0	0	2225	2366	254	151	0	242	0	0	0	0	0	0	78	102	0	118	55	0	0	90	0	836	2008	806	0	92	191	0	0	1933	6952	0	770	0	2273	68	0
NS40	0	0	869	0	3916	0	0	0	0	0	0	32	24237	34704	2893	0	231	0	730	0	0	0	936	949	1978	26279	0	0	8181	5921	0	2203	0	11092	0	0	0	0	396	0	0	0	0	83	0	627	0	0	0	5497	0	6118	1566	437	163	500	9625	5061	0	0	26489	7282	11787	2317	1151	419	0	0	189	0	12826	0	89	95	10042	1541	1470	0	0	745	0	0	334	324	49	267	0	155	25689	0	0	0	0	0	0	0	0	0	0	0	0	0	3724	533	617	269	0	250	142678	0	0	50	0	0	0	0	0	0	0	11027	0	0	72	376	0	0	185	0	0	0	0	0	0	121	0	0	2127	0	132	0	0	0	6961	818	655	0	0	663	1065	297	0	0	0	2661	1329	5143	0	981	0	0	0	0	2074	4837	380	0	300	0	0	38	0	340	0	390	19466	9667	0	1273	619	0	1782	16511	171	0	0	0	0	0	15901	104	0	0	0	384	129	322	0	0	0	273	520	91	1241	450	0	0	0	1106	165	1159	0	0	0	31234	1541	0	0	0	825	33941	4539	51851	7716	1639	1470	208	0	0	0	0	105	0	863	0	0	30	29	39	0	126	0	0	0	0	3895	396	0	0	12992	0	0	8737	61261	3056	3336	3883	0	501	169	0	0	0	0	0	224	763	3219	409	0	0	4714	0	165	227	342	0	355	0	0	93	0	0	86	458	0	1369	45	161	0	1421	0	1075	63	0	736	0	987	0	198	0	0	0	0	0	661	2244	0	0	8631	0	0	156	2829	192	0	0	0	0	0	0	0	760	0	483	4358	0	89	86	0	0	0	2696	6530	0	0	0	0	96	112	0	0	0	0	18484	0	510	0	0	0	0	0	558	133	6231	0	460	0	721	0	10125	48	1493	0	0	4020	0	0	0	0	32	1042	0	0	0	0	19096	64	0	82	0	0	120	80	17288	206	0	151	0	53	0	227	0	0	0	0	0	0	685	0	0	0	0	0	0	0	104	3782	0	299	1085	4595	14471	0	303	2546	17756	0	0	0	0	236	5718	0	0	0	0	43	0	104	0	0	0	1113	169	0	0	0	0	41	0	0	111	0	0	163	0	456	0	73	179	0	0	0	2039	33704	211	0	2086	0	0	1759	0	0	3291	0	0	0	0	468	0	0	0	0	0	0	0	1005	177	0	33	0	0	10476	0	0	508	1680	0	131	59
NS41	39	161	458	35	1314	0	0	0	0	46	0	0	14351	71102	1370	0	122	1946	147	0	1887	0	1308	2115	1496	20703	6135	0	545	40	0	49	0	1128	0	0	1360	0	0	0	0	0	0	30	0	31165	0	82	0	9493	0	28350	6420	7553	3608	502	2457	9103	472	0	2120	1065	360	297	238	30	0	56	38	0	398	0	0	0	815	148	0	0	0	0	0	0	0	0	0	37	0	0	1772	0	0	0	0	348	0	115	385	0	14337	0	307	0	1223	0	775	158	0	672	10769	857	21866	548	0	0	0	0	0	0	0	1461	0	0	77	231	0	0	78	0	38	0	0	0	11726	617	171	388	29	0	0	0	0	0	2636	0	96	220	34	1983	358	204	0	67	127	714	222	602	67	0	0	0	38	0	1188	30896	682	123	613	299	0	48	0	0	0	48	2702	2392	373	2263	371	121	1583	12009	329	44	0	0	0	0	9539	194	0	294	0	132	131	200	0	0	0	102	1980	0	1448	0	0	0	109	386	0	673	0	0	0	3054	261	0	0	0	0	18999	3573	87135	2649	3156	2300	0	0	0	0	0	0	0	4021	661	0	0	0	0	0	31	0	0	0	0	565	231	0	0	2065	0	0	459	4082	208	92	3008	26	0	127	81	0	0	0	0	202	1578	0	172	0	0	757	0	0	59	26	0	48	0	367	364	0	0	0	194	0	447	34	0	0	1133	3482	406	34	0	66	0	117	0	41	0	0	220	0	0	62	104	0	43	1569	0	582	53	50	0	0	0	0	0	0	0	0	0	0	125	1055	0	0	0	0	0	766	2150	1024	0	0	0	0	65	280	0	0	0	190	849	0	30	0	0	108	0	0	2195	0	1644	0	106	0	2924	0	22742	36	2970	0	25	178	0	0	203	0	0	1373	0	0	0	0	41884	0	0	0	0	0	0	0	319010	252	0	2483	4545	0	0	0	0	49	0	0	0	0	410	0	0	0	0	112	0	0	348	1705	0	234	478	17206	13882	0	323	56	0	1384	52	0	1895	0	1141	0	0	0	0	0	0	0	0	0	184	99	0	0	0	0	0	287	0	0	0	0	0	0	0	2827	0	0	0	0	0	55	55	5757	434	563	602	0	159	0	0	0	0	0	0	0	0	271	353	583	0	0	0	0	101	143	310	294	140	31	0	10151	1583	274	309	1882	1384	131	0
NS46	0	0	1015	92	4258	0	0	0	224	0	529	5796	16929	58306	331	0	199	1673	1193	0	0	0	1057	0	0	0	6638	0	5734	719	0	1387	0	19742	1453	0	409	0	472	0	48	886	0	0	1172	441	87	0	0	4719	0	6288	27513	5027	20048	0	7004	0	602	2488	19634	0	0	0	9590	403	0	694	290	0	5657	0	0	0	4070	4040	3155	0	216	0	1014	12707	0	244	241	1266	0	235	37318	0	0	0	0	0	0	0	1024	0	1687	6212	0	0	1022	387	0	2101	0	0	52194	0	0	1179	7430	0	0	0	0	0	0	100	0	3533	75	148	1335	0	39	0	44	114	64	0	0	70	203	0	502	690	0	0	704	0	752	49	531	95	0	49	0	507	90	0	0	129	0	0	0	0	0	0	0	5644	3478	43127	1503	0	65	0	0	5060	89	57	0	0	17962	4431	85	766	902	0	1361	4151	671	0	0	0	2032	0	130	365	0	0	154	0	33	0	0	0	164	44	0	0	0	1582	4165	0	1311	541	2233	57	748	0	52108	0	4338	0	0	0	2013	3803	4059	24347	858	2069	185	0	0	0	0	0	83	2486	1768	0	0	79	0	0	69	171	1123	17196	0	0	1597	0	0	0	14645	0	0	13149	107788	0	0	433	446	183	338	312	61	40	0	0	0	0	0	278	0	77	1663	76	91	209	206	0	443	39	0	319	0	48	0	0	0	244	0	0	764	1649	141	0	0	0	129	0	296	141	195	84	0	0	0	0	263	0	228	208	0	0	0	570	2532	0	35	338	476	52	59	0	0	0	0	108	10825	2957	0	402	82	0	12470	0	0	57	0	0	0	0	169	0	335	0	96	1438	0	157	0	105	0	0	0	1456	0	13114	0	219	190	0	0	3593	283	0	111	134	0	0	0	0	0	92	0	0	0	311	529	36689	0	0	299	51	37	0	446	117	1085	0	0	0	144	304	48	0	0	0	0	52	0	83	0	52	0	0	0	0	62	426	4366	0	3662	689	0	1551	0	1529	57	0	408	789	0	11902	35504	10807	12293	0	0	0	181	561	0	0	0	0	0	0	0	809	0	0	0	0	0	0	0	0	0	0	0	527	41	1133	2567	440	5189	3066	2606	0	55	0	0	538	0	2603	811	0	617	0	0	0	598	109	290	0	0	0	0	0	186	773	0	0	0	226	1092	5706	160	0	7820	0	178	50
NS4	0	0	0	0	5702	0	0	0	0	0	0	0	71001	72325	2476	0	0	0	0	0	0	0	488	422	0	4077	232	0	1770	84	0	0	0	35717	0	0	542	0	0	0	0	0	0	0	0	3422	0	0	0	340	0	40579	40835	3378	6287	16457	0	0	0	0	7089	0	2310	876	27326	677	0	134	0	0	2109	0	0	0	6948	0	0	0	0	0	0	0	0	0	0	0	0	0	17613	0	0	0	0	0	0	3518	0	0	0	0	0	0	0	0	0	0	0	0	0	0	0	0	0	0	165	0	0	0	0	2982	0	0	0	0	0	0	0	0	0	0	0	0	0	1940	2587	0	0	0	0	0	0	0	0	161	252	0	0	46	0	0	0	45	0	0	307	0	0	635	0	0	0	0	1467	0	0	1130	3864	7864	0	2479	0	0	0	0	2102	1409	0	2218	144	0	1364	0	0	0	0	0	182	0	1007	0	0	0	0	0	0	0	0	0	0	0	3596	83	609	8433	816	0	0	0	1372	0	0	0	0	0	0	0	0	0	825	68913	17024	44980	6669	0	11296	0	0	0	0	0	0	0	0	0	0	0	0	0	0	0	0	0	0	0	930	0	0	0	8828	0	0	8892	6087	0	0	0	0	0	0	0	0	0	1338	0	0	0	0	126	60	0	709	0	0	0	0	0	443	0	0	0	0	0	0	0	0	3327	0	0	0	61724	3308	9610	16191	0	30224	0	45	0	1988	0	751	0	0	0	0	0	0	0	0	0	0	0	0	0	68	71	0	0	0	0	0	0	0	0	3333	378	0	0	0	0	0	0	0	0	0	0	0	0	0	0	0	0	0	0	72	0	0	0	0	0	0	1575	0	1928	0	0	0	4740	165	0	0	0	0	0	0	0	0	0	0	0	0	0	0	486	0	174296	0	0	0	0	0	136	0	103	0	0	0	0	0	0	0	0	0	0	0	0	0	44	0	0	0	0	0	0	0	691	758	0	0	3025	0	4406	0	0	610	0	0	0	0	5680	7198	0	0	0	0	0	0	0	0	84	142	0	0	0	0	0	0	124	1945	0	0	90	0	0	0	50	18113	0	0	128	86	0	0	0	0	129	0	0	0	0	0	640	0	0	0	0	0	0	0	0	0	47	0	59	272	0	0	0	2160	0	0	0	218	0	0	0	0	0	0	0
NS51	0	0	258	0	1683	0	0	0	0	0	0	0	2782	67806	3945	0	84	0	0	0	0	0	0	0	0	0	85	0	0	31331	0	0	0	41647	105	0	38	0	0	0	0	0	0	0	0	930	0	0	1088	0	0	67	3096	36	246	238	0	218	0	0	21927	0	0	43910	20939	1665	0	0	64	1048	13302	99	0	0	22743	3611	0	0	0	0	0	0	0	824	3395	0	0	473	117665	0	0	0	145	0	0	0	0	0	709	0	0	0	0	0	0	0	0	0	59	0	119	0	0	0	0	0	0	0	1032	10444	0	0	0	48	57	40	0	0	0	0	0	0	0	0	683	0	1389	415	0	0	0	0	662	43	962	114	38	3844	1538	988	522	0	0	0	0	0	0	0	0	0	341	0	4885	0	200	0	743	0	0	0	146	0	0	0	0	7535	0	109	0	0	34	0	0	0	124	0	42	0	8839	0	0	41	0	0	124	0	24	0	0	65	6107	440	0	5838	0	0	0	0	3824	6773	0	0	0	0	1500	46	90	0	0	13279	1924	62425	3414	6659	5674	0	103	0	0	0	0	0	0	0	0	0	0	43	448	143	0	8272	0	0	606	0	0	0	65854	0	0	56127	20332	0	0	0	0	0	0	0	0	0	0	0	0	0	0	469	0	0	0	1016	0	191	0	0	3497	383	0	0	0	0	0	0	0	5219	779	0	0	187	0	0	0	868	0	0	0	265	62	0	0	0	48	0	453	34	0	0	0	0	0	0	687	0	0	0	0	0	0	0	0	0	0	167	25019	50	35	55	0	0	8352	0	0	0	0	0	0	0	1161	0	0	1181	134	683	0	0	0	0	0	0	26	0	0	21631	0	859	0	537	0	351	72	138	0	0	0	33	0	0	712	186	0	301	0	0	5225	10001	0	258	249	42	78	0	55	127	38	0	0	0	19	0	0	0	0	0	824	0	0	209	0	0	0	0	0	0	0	605	1719	1363	14826	0	29296	5551	0	50	19875	0	0	0	0	2222	29638	162	0	0	0	262	133	0	1052	0	274	0	1225	0	0	0	0	610	3238	102	0	1529	0	45	0	44	73	1267	926	879	182	0	0	0	8383	653	0	0	0	0	0	519	0	0	0	0	0	0	0	0	0	0	66	79	0	1105	580	0	0	0	1046	0	333	0	0	0	0	0	0	0
NS55	519	0	239	0	6353	0	0	0	0	0	247	145	2920	280289	2130	609	73	175	120	0	0	0	0	298	123	0	0	89	14379	1052	0	0	0	15834	0	0	120	0	0	0	0	0	0	0	0	5392	513	0	0	171	0	0	0	137	1958	12673	3283	0	0	0	1227	0	4941	104	2775	2425	0	0	0	0	11816	83	0	177	13142	8946	4769	0	0	827	0	0	363	360	0	10971	504	89	81952	0	0	0	0	0	0	90	0	0	0	0	0	0	0	0	0	0	0	0	0	0	0	0	0	0	0	0	0	0	0	7859	0	0	0	381	0	35	0	0	0	0	115	0	0	0	98	0	223	767	0	0	60	0	133	152	120	0	0	4333	273	0	0	928	99	0	668	0	0	429	1957	884	0	0	3122	0	574	0	1073	0	0	453	0	45	0	0	9862	5766	0	0	0	0	49	1099	0	0	0	0	1529	0	10377	0	0	0	37	0	0	74	0	0	0	0	2189	194	756	910	0	0	0	0	13854	8297	0	0	0	0	1460	0	0	0	53506	27732	7218	27833	1958	4793	116	64	0	0	0	0	0	0	0	0	0	0	0	0	0	0	0	0	0	0	354	0	0	0	35236	0	0	4057	33555	0	0	2248	0	382	0	0	0	0	0	0	0	0	0	972	0	0	7748	0	185	0	46	0	916	0	0	898	0	0	0	0	0	2727	83	0	0	6826	0	999	1855	2442	1058	123	0	0	0	0	0	0	0	0	182	0	0	0	0	0	0	1764	7099	0	60	0	0	0	0	0	0	0	0	109	20262	0	0	0	0	0	3140	0	0	0	0	0	0	0	0	0	0	0	0	403	0	0	0	0	0	0	106	1069	0	15296	0	0	0	0	0	0	0	0	0	0	0	0	0	0	0	0	0	0	0	938	0	21355	0	0	0	0	0	0	0	0	0	0	0	0	0	0	0	0	0	0	0	0	0	72	0	0	0	0	0	0	0	2656	1090	0	5349	119	64956	4131	0	0	1594	0	0	0	3029	993	31704	430	0	255	0	0	0	0	126	0	81	0	0	0	0	0	0	0	89	0	0	0	0	0	1378	0	0	165	0	2256	105	0	561	0	7249	507	0	0	0	0	0	1340	0	0	0	0	0	0	0	0	0	0	0	0	0	0	0	0	262	92	43	0	118	0	0	0	0	0	0	0
NS58	1492	0	0	0	209	0	173	0	0	0	0	0	632	135470	618	0	0	0	0	0	0	0	0	0	0	1469	0	0	10757	1467	0	0	0	75910	0	0	0	0	0	0	0	0	0	0	0	234	0	0	0	0	0	24	0	0	0	48	15482	0	0	0	110	0	11726	0	6874	5029	0	0	0	203	21137	0	0	4138	118002	16862	6890	0	271	0	0	0	0	0	0	16053	1400	659	155301	1205	815	0	0	0	0	0	0	0	0	0	0	0	0	0	0	0	0	0	47	0	0	0	0	0	0	0	0	0	0	2609	0	0	0	0	0	0	0	0	0	0	0	0	0	39	57	202	2773	0	0	0	0	0	0	88	182	0	0	0	186	0	204	92	0	0	3706	0	149	661	0	0	0	0	269	62	0	0	0	0	0	0	0	0	0	0	18408	9496	0	0	0	0	0	0	0	0	0	0	67	43	1655	0	0	0	0	0	0	0	0	0	0	0	0	0	184	0	0	0	0	0	1822	0	0	0	0	0	0	0	0	0	24612	1404	61	7797	735	0	52	0	0	56	0	0	0	0	0	0	0	0	0	0	0	0	0	0	0	0	82	0	0	0	104489	0	158	25288	80	0	0	0	0	0	0	0	0	0	110	0	0	0	0	0	492	0	0	0	0	0	0	0	574	0	0	0	0	0	0	0	0	33988	577	0	1241	0	0	876	0	0	0	0	0	0	0	0	0	0	0	0	0	0	0	0	0	0	0	0	0	0	0	0	0	0	0	0	0	0	0	0	12330	0	23	0	0	0	837	0	0	0	0	0	0	0	50	0	0	59	0	0	0	0	0	0	0	0	0	0	0	0	0	359	0	41	0	56	0	0	0	0	0	287	174	0	0	0	56	0	0	0	0	472	0	0	0	0	0	0	0	3721	0	0	0	0	0	0	0	0	0	0	0	0	0	0	0	0	0	0	0	0	0	0	847	992	13512	868	75824	2128	0	0	981	0	0	0	0	0	0	342	0	0	0	0	0	0	498	379	0	0	705	0	207	0	494	1375	3756	190	50	1422	206	0	432	42	0	0	105	1217	8217	218	0	0	10847	0	0	0	0	0	0	686	0	0	0	0	0	0	0	0	0	40	0	0	35	90	1585	0	105	0	0	0	0	0	0	0	0	0	0	0
NS62	0	98	176	0	6580	0	0	199	0	1954	158	4340	6572	132014	334	0	139	8427	163	0	0	0	0	588	6085	733	1147	0	24348	0	111	309	396	79284	0	0	0	0	115	79	0	0	48	0	0	80	0	0	0	510	0	1807	3793	1630	958	770	17314	0	135	256	0	0	0	0	8188	13367	0	0	150	62	14415	581	0	0	49430	80253	0	0	0	478	0	425	0	3773	0	6779	0	243	90660	734	0	0	0	0	323	1046	0	148	1271	0	0	0	272	0	0	0	0	0	0	0	16626	0	0	0	0	0	0	0	0	1559	0	0	0	0	113	0	68	0	0	0	167	0	0	177	0	0	0	0	0	0	164	211	2543	828	466	96	0	627	0	239	0	0	0	2300	0	0	0	0	0	0	0	0	0	34614	674	0	0	0	0	0	0	0	118	0	12461	3911	0	0	0	0	102	0	142	0	41	0	399	134	4980	229	208	0	84	0	438	67	0	0	147	53	0	0	218	0	2817	0	0	706	0	0	0	0	0	0	2947	0	0	0	7248	5518	2197	16515	608	1614	0	0	0	0	0	0	0	0	409	0	0	112	0	0	0	0	0	0	0	637	203	0	0	394	54842	0	0	0	38053	0	0	0	817	0	0	0	0	0	0	0	0	0	0	871	0	0	0	0	375	130	190	0	2461	902	0	0	0	0	0	0	0	6378	113	0	0	452	1970	0	94	5472	0	227	40	0	0	0	0	0	0	594	1012	0	0	0	0	0	0	0	4048	0	0	1657	0	0	68	0	0	0	48	0	0	7848	0	264	95	58	67	0	0	0	0	0	80	0	0	0	0	0	199	968	223	0	0	0	0	0	0	151	0	19558	685	0	0	289	125	1420	0	0	54	58	0	0	0	0	0	0	0	541	0	0	0	2877	0	0	0	0	0	0	0	0	0	0	0	0	0	0	0	0	0	53	0	0	0	0	0	80	0	46	145	0	0	0	1482	0	2242	77	1975	3881	0	23721	2959	217	0	0	11075	1619	79188	929	558	0	0	0	73	0	136	0	0	0	0	0	0	0	0	75	53	0	0	1568	0	0	214	0	0	53	0	1434	0	60	0	1470	2826	0	174	0	0	0	0	1500	0	0	152	0	0	208	0	61	0	0	0	0	0	0	1011	0	65	0	0	63	1587	0	0	0	0	0	0	337
NS67	394	0	2585	1041	4043	0	0	209	0	0	240	904	4692	12304	2755	0	458	3561	321	0	0	0	0	0	0	0	0	0	10164	0	43	7509	85	0	0	0	5748	0	386	47	0	0	0	0	0	0	0	0	0	35655	0	77	0	0	5274	0	0	0	906	1198	68268	0	0	0	0	0	0	460	0	91	2356	0	0	0	1994	1411	0	0	0	0	0	0	413	283	90	0	0	610	31513	0	41	0	0	0	0	0	0	0	0	22079	0	5335	37055	5064	0	2437	2181	0	66437	0	29468	167	0	0	0	0	0	0	0	604	0	1588	165	56	1124	22	118	0	0	0	0	0	0	447	855	0	0	229	0	0	0	1063	3935	408	868	0	0	7168	0	1849	262	0	0	0	7828	0	0	0	0	0	0	0	3626	7481	0	0	244	45	0	114709	0	0	0	0	13604	16663	182	345	441	0	316	167	586	0	0	1206	390	0	0	4096	0	0	3078	0	4329	0	382	524	0	0	4619	0	781	2373	0	0	0	0	216	0	0	0	0	0	4824	0	37	0	0	9833	0	16155	0	0	0	1921	0	0	0	529	0	0	0	0	0	0	35	0	0	0	0	0	0	3554	1943	180	3550	0	2535	0	0	19592	13234	0	0	15511	0	0	0	61	0	0	0	1012	0	0	0	0	0	0	0	0	1417	108	0	0	1311	114	0	1179	0	527	57	0	68	6233	545	0	0	3896	0	443	0	0	899	0	150	0	0	0	0	0	0	0	0	0	0	406	8389	0	0	0	0	0	0	918	0	0	0	75	202	0	0	152	55289	0	0	0	0	0	26311	0	0	171	0	0	0	0	0	0	0	63	0	0	0	1055	0	1092	0	0	0	0	0	0	313	609	0	1015	0	0	0	0	465	0	0	43	0	0	125	0	0	0	0	0	0	3682	521	0	0	31	0	0	24	8401	0	0	1137	0	0	1577	0	0	0	266	6727	0	0	0	224	147	31	437	0	2041	162	1549	5303	337	2185	1448	178	2008	0	17979	2011	716	2592	28926	0	42856	0	12304	0	3544	0	21	266	0	0	0	431	0	1124	0	0	0	0	133	664	0	0	0	0	0	90	0	0	86	469	183	396	94	0	2932	32865	0	0	0	0	0	0	1133	0	0	112	0	0	933	0	210	0	0	0	42	0	436	3361	0	0	0	0	0	0	0	0	0	416	0	0	0
NS6	0	0	0	0	10744	0	0	0	0	0	0	0	0	66297	2459	0	63	35	0	0	0	0	0	9978	1916	27975	10824	0	17904	0	0	0	0	41287	0	0	0	57	74	0	0	0	48	0	0	0	0	0	0	6971	0	80173	0	47528	47098	3266	12163	0	293	0	0	0	0	0	0	0	0	0	151	0	11815	0	77	0	14786	9567	0	0	132	0	0	0	251	106	0	556	0	0	48175	0	0	0	0	0	204	0	0	0	0	2157	0	0	0	0	0	0	129	68	0	0	0	0	0	0	0	0	0	920	0	4077	0	0	0	0	0	0	0	236	0	0	147	0	0	353	68	0	0	0	0	0	0	0	0	102	553	811	0	443	0	1012	0	0	0	0	3180	0	0	0	0	0	0	266	1173	0	0	0	1126	0	0	101	771	245	0	0	17508	6651	26	921	411	0	537	3442	0	0	0	0	1857	0	1834	239	0	0	406	0	338	0	0	0	0	0	1015	299	713	160	12414	0	0	0	9731	1949	0	0	12429	0	0	0	334	0	7890	38812	4671	20703	901	0	1703	0	0	0	0	0	0	0	2545	0	0	0	0	427	273	1342	0	0	0	0	1109	0	0	0	31258	0	0	2195	2319	0	0	0	0	0	0	0	0	0	0	0	0	0	0	185	0	0	0	0	17210	524	42	0	293	71	0	0	0	0	0	0	0	3994	102	0	0	0	0	9954	417	0	0	0	0	0	0	0	45	0	0	0	236	0	0	0	0	0	0	2763	0	0	0	0	0	0	0	0	0	0	0	202	8507	3164	0	0	0	0	1909	0	0	0	0	0	0	0	132	0	0	0	0	0	0	0	0	0	0	0	287	6693	0	12121	0	0	0	0	0	24773	0	0	0	209	0	0	0	0	76	262	0	0	0	3543	0	170331	0	312	1394	154	138	0	465	0	0	0	0	0	0	0	0	90	0	0	0	0	175	145	0	0	0	0	0	0	0	0	2089	0	1354	896	24584	1195	0	0	2336	0	0	0	0	4821	0	1216	0	0	0	0	112	0	250	0	0	0	0	0	0	0	0	0	82	0	0	410	0	0	123	0	0	0	453	0	0	0	0	0	13770	356	0	0	0	0	0	1033	0	0	0	0	0	0	0	0	0	0	0	34	0	0	0	0	386	86	0	0	798	0	0	0	0	0	0	0
NS70	0	0	1116	0	4063	116	0	0	0	0	743	424	0	228949	4225	0	121	0	66	0	0	0	0	0	0	0	228	0	17562	1325	0	0	0	41903	0	0	0	0	0	0	0	0	0	0	0	0	0	0	0	0	0	939	1333	233	740	3042	7782	0	121	0	0	0	13375	0	5694	19805	0	0	0	192	26223	0	637	0	30430	40219	0	0	0	0	0	0	3569	608	0	2162	0	235	62880	0	0	18252	101	0	0	0	0	0	0	0	1272	0	0	0	0	0	0	0	0	0	0	0	0	0	0	0	0	0	0	3258	0	0	0	0	0	38	0	0	0	0	76	0	0	1072	224	84	0	0	0	0	0	0	37	0	78	0	0	1355	0	145	0	7423	0	0	14237	0	0	1057	0	0	0	0	4346	0	62	0	232	157	0	0	0	0	0	0	8328	6491	0	288	235	0	91	828	0	0	0	0	532	638	2910	41	0	0	0	84	193	115	0	0	0	0	3165	60	484	0	0	0	0	0	0	2356	0	0	0	0	625	0	0	0	15597	28548	8419	54247	994	0	219	0	225	0	0	0	0	0	31	0	0	0	0	0	0	0	0	39096	0	0	337	0	0	0	29826	0	0	2621	8567	0	0	0	0	208	0	0	0	0	0	0	0	0	0	316	0	0	0	0	0	0	72	0	383	0	0	411	0	0	145	80	0	729	0	50	793	10655	0	3526	0	0	0	296	35	0	0	0	0	0	0	0	408	195	0	0	0	0	0	2563	6955	1343	0	0	0	0	0	0	91	0	0	61	0	299	0	41	0	0	1223	0	0	0	0	0	0	0	57	212	0	1044	0	0	0	0	0	0	0	0	0	0	0	12816	0	0	0	126	0	1333	24	1528	0	0	0	0	0	0	0	0	442	0	0	0	0	14778	0	0	0	0	0	0	0	94601	0	0	0	1064	0	0	0	0	0	0	0	0	0	37	0	0	0	0	0	0	0	0	582	1253	3778	1087	3286	7330	48	0	1056	0	0	0	0	10732	0	426	0	0	0	0	307	0	273	0	0	0	0	0	0	0	0	2077	6321	33	90	4274	159	226	135	0	154	37	0	100	1190	44	0	0	1767	661	0	0	0	0	0	303	0	0	0	0	0	0	0	0	0	0	82	0	0	0	346	0	0	0	276	0	413	0	0	0	0	0	0	414
NS71	0	129	138	0	814	0	0	2379	425	2086	138	1704	635	544	0	0	0	38300	0	0	77	0	171	241	151	1739	633	0	2654	16086	277	679	0	98217	305	0	0	0	0	53	200	0	214	0	315	26844	0	1027	0	0	0	735	3493	978	2079	61	684	0	737	48	270	0	30058	0	52650	0	0	59	155	0	39482	824	0	0	10749	38214	1128	0	0	0	724	3315	0	576	0	3089	0	736	3728	0	0	0	0	0	0	81	0	0	582	0	0	0	0	2938	0	93	0	0	78	0	0	0	0	0	0	0	0	0	0	0	0	0	0	0	941	0	0	0	0	279	0	0	12674	0	0	0	1140	0	0	195	240	211	2942	101	5294	0	0	0	0	905	10805	11433	0	0	8165	0	0	1410	0	0	0	7811	2727	0	0	0	0	0	0	46	0	371	0	0	15470	1590	0	341	0	0	274	370	569	0	0	347	709	3501	103	689	70	0	0	357	11265	0	0	66	150	763	0	0	0	0	444	0	0	0	176	0	0	0	0	0	3993	0	0	833	0	194	141	4473	0	0	0	61918	0	0	4553	1078	1119	434	3349	86	0	0	0	0	0	0	0	19513	143	0	1271	0	0	127	10431	71	0	208	8434	0	321	0	0	137	154	124	0	0	0	0	0	0	0	51	0	216	0	0	0	418	169	0	5183	2898	0	506	0	195	0	0	0	833	66	0	305	0	55	0	0	0	167	171	197	0	1966	47	0	0	0	1366	3067	0	132	0	0	6922	0	44	305	0	0	1270	139	0	45	0	155	70	11983	223	15171	0	65	157	394	0	463	0	0	104	1188	2292	1360	0	0	0	0	0	0	1888	846	41	350	0	3706	0	0	125	0	175	219	155	467	888	380	0	94	0	375	0	0	0	51	8466	0	0	0	4734	0	0	49	14973	0	0	0	0	0	0	0	72	0	0	0	0	0	491	0	0	264	0	0	0	0	0	2218	1023	1040	175	0	74	146	0	2396	0	34057	79	0	72	0	459	0	0	575	0	66	7468	46046	18313	58	286	2900	0	1023	6347	0	0	143	0	0	0	0	0	0	0	2751	0	0	1950	41	0	232	0	0	547	0	161	2904	993	0	1023	18613	0	0	0	0	0	0	1308	109	0	0	0	0	566	0	68	0	0	0	0	0	0	0	0	0	0	0	335	115	0	74069	612	0	1996	74	599
NS72	0	0	0	0	0	0	261	0	0	0	198	0	4813	26270	280	0	0	1329	0	0	0	0	0	0	0	122	0	0	32353	19307	0	0	0	8070	72	0	0	0	0	0	0	0	0	0	0	50	0	0	0	0	0	88	115	0	88	0	6951	0	0	0	72922	541	65694	123	3837	6354	0	0	0	30	37402	0	600	154	52434	21690	10739	0	0	3762	0	750	8297	2671	175	1171	0	864	116791	0	42	2865	0	119	0	0	0	0	51	103	0	0	0	0	0	0	0	0	51210	41	0	0	134	426	377	188	241	0	0	7706	6356	0	0	0	42	0	0	0	0	0	0	717	144	0	0	0	73	0	0	0	0	0	102	318	0	0	0	619	0	0	69	0	0	71	23225	0	0	598	0	1162	0	0	729	1148	0	0	154	0	1149	57	0	0	0	0	18971	2996	0	0	0	0	0	0	0	0	95	0	101	0	481	0	0	0	0	0	0	0	0	0	0	0	106	0	0	0	132	0	107	33	310	492	0	362	0	0	39	0	0	0	18382	321	60	3856	0	0	0	0	0	0	0	0	0	0	0	0	0	0	0	0	0	0	0	0	0	0	0	0	0	0	39887	0	93	26294	21471	81	1372	2971	0	0	0	0	0	0	0	0	215	10856	1119	0	0	0	567	0	0	0	0	0	447	154	0	117	0	0	0	0	0	2472	49	0	0	1986	0	0	32	0	0	70	0	0	0	0	0	0	0	0	0	0	743	0	67957	0	0	524	2311	0	0	61	0	0	0	35	0	0	0	0	6391	0	0	0	0	0	120	7393	2459	0	0	0	0	0	0	0	0	55	0	29	0	0	0	0	0	0	0	0	76	9886	0	0	0	28	0	2175	0	0	0	0	0	591	0	0	0	0	0	0	0	0	105	9093	0	0	0	0	0	0	0	4674	0	0	379	0	0	0	0	0	0	0	0	0	0	0	0	0	0	0	0	0	0	14115	518	58	1376	118	467	2060	0	0	271	1178	920	0	0	65	5535	465	43	0	0	172	149	0	71	0	0	0	0	2182	170	47	27	1851	7140	140	43	3766	699	82	74	74	0	139	0	86	116	31	0	644	22515	0	0	22	0	0	0	68	0	32	0	0	0	0	0	0	0	0	0	0	0	0	0	0	0	0	0	0	0	0	0	214	0	0	0	169
NS77	0	0	577	0	1735	5616	0	0	0	0	42	186	0	33434	2426	0	342	0	0	0	460	0	0	313	707	12737	2220	260	1567	3008	0	0	0	9039	0	0	17882	0	109	0	0	0	0	107	0	6500	0	0	4055	0	0	2555	15792	4514	615	863	3395	1996	604	0	935	853	612	2377	128	156	0	892	90	34	739	0	0	0	4051	493	325	0	174	0	57	732	83	33	0	0	0	0	14098	0	0	0	0	0	0	0	0	0	0	0	6170	0	0	0	0	0	0	0	0	0	0	2306	0	0	0	0	0	0	0	0	0	0	0	499	0	295	0	0	0	0	0	0	0	1742	1857	517	55	0	99	57	0	0	1210	0	329	0	44	7974	9889	680	0	0	0	0	648	0	1606	0	631	0	2491	0	1681	0	3960	247	1367	714	0	0	0	285	0	0	6573	3258	255	5414	906	180	3839	30775	0	0	0	0	50	0	12057	122	0	0	0	242	577	308	0	0	0	922	33750	2703	5984	30615	0	0	0	975	429	3728	0	14837	0	0	627	0	0	316	3547	35879	3324	65157	5528	6788	11787	0	0	128	0	0	0	0	2514	0	0	0	0	0	0	0	0	0	0	0	2387	0	0	0	11353	0	0	12763	2104	0	0	0	0	41	0	0	0	0	0	0	0	0	0	1223	0	224	3757	0	0	149	0	78	424	0	0	359	99	0	0	0	156	1664	0	0	271	10609	0	4593	50	0	0	0	1029	0	381	0	0	148	0	0	269	0	396	0	0	0	0	206	0	0	0	0	0	0	0	0	0	0	0	167	5234	0	249	66	0	0	31339	0	0	0	0	0	0	0	539	0	0	0	0	0	49	201	0	0	0	0	0	2293	0	1581	0	257	0	12994	0	8023	0	0	0	0	0	0	0	0	0	0	12838	0	0	0	46017	88433	137	0	0	0	0	92	0	156682	90	0	0	0	0	0	0	376	0	0	0	0	0	460	0	0	0	0	0	0	0	46	2736	0	1146	78	0	34226	47	225	3761	0	0	0	0	0	0	3673	0	0	0	0	56	0	53	102	0	0	0	0	0	0	0	149	235	0	0	53	0	0	1662	0	3219	0	0	0	0	0	0	580	9892	188	0	0	0	0	0	1799	0	0	0	0	0	0	0	0	0	42	62	0	0	597	856	682	570	119	2753	0	9200	0	0	0	0	0	0	0
NS78	185	0	817	0	481	0	0	0	0	0	40	0	8001	65487	3310	0	0	0	0	0	0	0	83	120	177	1645	0	0	49880	4207	0	268	0	28986	0	145	0	0	0	0	0	124	60	0	56	232	0	0	0	0	0	305	0	704	290	0	979	0	422	0	30711	14472	5828	2414	4717	227	170	0	0	0	39114	0	84	1863	21295	6085	5352	0	0	1478	135	2031	569	646	1458	1444	1201	708	42399	0	0	0	61	6258	82	329	0	0	2036	215	0	0	0	0	65	71	0	0	9618	1705	0	0	4472	22410	0	12016	11890	914	0	5000	0	0	0	103	0	0	0	0	0	489	0	32551	9658	111	60	0	3178	693	0	0	0	0	2058	0	0	0	574	1261	0	0	303	972	0	560	3987	0	1085	393	0	0	0	0	4253	42520	0	0	172	95	0	0	0	0	0	0	19843	5244	0	0	232	0	0	762	0	324	0	0	0	0	4146	0	0	48	0	0	55	63	0	0	0	0	563	0	307	0	1776	0	4690	0	4648	2017	867	9704	0	0	1397	0	0	657	2873	1795	691	23474	277	517	72	0	0	0	346	0	0	2025	0	0	81	0	0	0	0	0	1500	0	0	0	97	0	0	0	45438	0	0	4761	14808	1588	158	204	0	0	0	0	0	0	0	0	2972	1996	49283	40	0	0	8233	0	0	0	85	0	4088	1750	0	201	0	0	0	0	0	18212	384	0	460	14435	0	953	254	0	442	0	0	0	0	0	0	0	0	0	488	456	0	0	996	0	0	1724	7856	371	0	0	0	250	0	0	0	0	0	292	16430	0	0	198	116	0	2123	0	0	0	0	0	0	0	101	0	0	489	0	0	0	0	0	0	0	0	0	70	0	6324	0	0	0	0	0	225	67	0	0	0	1697	0	0	54	0	0	0	0	67	0	73	524	0	0	0	0	0	0	0	1922	0	0	5585	260	0	0	0	0	0	0	0	0	0	0	0	0	0	0	0	0	0	5423	1011	534	11509	1528	1015	6011	0	537	182	17271	424	0	0	0	12056	1338	67	0	120	187	71	0	0	0	0	505	617	0	0	0	0	1233	16519	105	0	3114	0	0	1087	0	0	2704	0	0	485	331	604	1625	31679	0	0	1300	165	0	1161	0	0	2045	0	0	0	0	174	0	316	0	0	0	0	191	480	668	147	95	0	0	1131	646	0	0	327	0	55	0
NS79	1355	0	861	0	2523	0	0	0	0	0	0	0	0	16581	976	1425	97	0	123	0	0	0	178	162	276	31130	977	0	26131	3017	0	0	0	47095	0	0	1621	0	0	0	0	0	0	47	0	4650	0	4188	0	1060	0	22969	0	0	4307	0	7442	0	302	0	48701	0	17142	12970	8367	8990	0	164	0	0	17283	0	99	0	42447	5782	5854	0	0	4231	0	0	1461	510	110	3200	0	337	98784	0	0	13357	100	0	0	524	0	0	0	0	0	0	0	0	0	0	0	0	0	0	0	0	0	0	7794	0	0	0	0	3362	0	0	0	0	0	0	0	0	0	0	0	0	224	1659	1450	0	1112	0	0	0	0	0	0	0	400	0	0	4723	3062	163	0	119	0	872	8013	0	0	1162	0	0	0	0	8582	0	0	0	4480	1037	0	0	0	0	0	0	12985	5456	0	317	137	74	406	2354	0	0	0	0	916	0	7234	73	0	0	0	0	220	249	0	0	0	0	6029	0	740	0	0	0	0	1956	194	3001	0	0	0	0	676	0	0	0	14240	39092	25044	44544	1813	1425	293	0	0	0	0	0	0	0	0	0	0	0	0	0	0	0	0	13632	0	0	735	0	0	0	53775	0	0	23005	15420	426	0	559	567	0	0	0	0	0	0	0	0	0	0	0	0	0	377	0	0	291	127	0	808	0	0	0	0	0	0	0	0	22592	1133	0	2257	0	0	9369	0	0	256	0	0	0	0	0	0	0	0	0	367	0	0	0	0	0	0	0	3008	0	0	0	0	0	0	0	0	0	0	133	19523	0	0	0	0	0	904	0	0	0	0	0	0	0	810	0	0	933	0	0	0	0	0	0	0	0	0	359	0	14538	0	235	0	809	0	0	0	0	0	1281	0	0	0	0	0	0	0	3628	0	1984	0	11281	66	0	0	0	0	0	0	0	0	0	0	0	0	0	0	0	0	0	0	0	0	176	0	0	0	0	0	0	0	31956	1277	1118	253	2275	0	2137	0	0	344	5721	0	0	0	25780	24630	332	0	0	0	0	0	0	0	102	0	0	0	0	0	0	0	0	462	0	0	43	0	0	183	0	0	0	0	0	0	0	0	0	10509	769	0	0	0	0	0	348	0	0	0	0	0	0	0	0	0	0	0	0	0	637	0	1252	0	745	0	0	647	0	0	0	0	0	0	51
NS7	0	0	479	0	1103	0	74	0	0	0	0	0	911	33099	1334	0	73	0	0	113	0	0	0	59	1559	10853	300	0	11446	5291	0	177	0	7895	0	0	0	0	0	0	0	0	0	91	0	1201	0	0	0	29	0	1645	0	332	1595	1100	7225	0	386	0	59078	0	29006	6001	11450	1027	142	533	0	0	7555	0	0	0	29583	3296	1897	0	363	0	2080	16884	993	294	84	259	0	353	59835	0	0	0	0	0	0	0	0	0	1859	0	0	0	2386	0	0	113	0	0	0	0	0	0	0	0	0	0	0	556	0	1811	0	0	110	0	65	0	0	0	0	0	0	0	0	749	1097	370	1761	0	0	0	0	0	269	0	75	0	0	4546	0	99	1481	336	0	287	16854	0	0	5033	780	0	0	0	1218	0	32	0	3530	1080	0	4127	0	0	0	0	32394	4557	0	107	604	0	414	7083	0	200	0	0	1414	0	6280	0	0	0	0	0	0	0	0	0	0	0	2948	0	2574	309	0	0	0	107	480	368	0	0	0	0	0	0	0	0	1196	30885	16761	98826	11610	6853	2153	0	0	0	0	0	0	0	375	0	0	0	0	0	0	0	0	9774	0	0	135	0	0	0	14813	0	70	13294	3443	1521	307	6718	70	0	0	0	58	0	302	0	0	0	0	63	0	0	156	0	0	0	0	0	19932	40	0	385	40	0	0	0	0	2351	113	0	879	2629	0	14163	210	0	2625	0	0	0	118	0	0	0	0	0	120	0	46	0	44503	0	0	373	1005	0	0	0	0	0	0	0	0	0	0	70	8137	0	0	0	0	0	0	2057	7871	0	126	0	0	102	618	31	0	0	0	0	0	0	0	0	0	0	0	611	0	5190	0	93	0	1217	0	0	0	0	0	55	0	316	125	103	0	0	0	333	0	143	0	7920	0	0	0	0	0	134	0	70998	81	296	2096	908	0	0	0	0	0	0	0	0	0	0	0	0	0	0	0	0	0	2933	1853	0	72485	452	16820	2528	24	74	0	4433	0	0	64	222	1547	70	0	0	0	0	31	0	0	184	0	0	0	0	0	0	108	431	3107	67	0	0	22	0	1500	0	1324	2870	0	0	4102	271	0	0	5262	1165	90	0	0	0	0	0	0	0	0	0	0	0	0	88	0	359	218	716	137	0	457	1115	34	380	0	0	2206	0	0	0	0	1106	0	57
NS81	0	0	0	0	434	0	0	128	42	0	0	0	3178	160808	1671	0	0	260	0	0	0	0	0	0	286	0	0	0	52521	2414	0	247	100	60557	0	0	0	0	0	0	0	0	0	0	0	136	0	0	0	0	0	0	0	0	2856	493	0	0	105	0	17410	0	0	0	10830	0	0	0	0	237	35448	0	221	0	27530	11205	5442	819	0	0	0	0	1833	3102	0	0	0	462	58604	0	0	0	235	0	0	750	0	0	0	0	0	1914	0	0	0	0	0	0	0	0	0	0	0	0	487	0	0	0	0	3032	0	0	0	0	340	0	0	0	0	0	179	0	0	170	0	0	1081	1097	0	0	0	0	3474	74	442	117	0	211	0	57	2318	0	0	742	0	0	0	0	0	0	0	91	6154	0	0	0	0	0	0	3549	0	0	0	0	26724	5873	0	0	0	0	0	172	0	0	0	0	2390	0	7104	0	0	0	0	0	0	0	0	0	0	0	327	0	0	79	3225	0	0	1714	418	2447	0	0	0	0	0	0	0	0	11742	3191	1583	14276	79	84	0	0	0	0	0	0	0	0	0	0	0	0	0	0	0	0	0	0	0	0	428	0	0	0	44395	0	0	8819	118674	0	0	0	671	0	0	0	0	0	0	0	0	744	0	0	0	347	14362	0	0	0	0	0	13777	5868	0	1205	0	0	0	0	0	18755	342	0	0	332	0	0	25	0	0	2563	0	0	0	0	0	0	0	0	0	324	0	0	0	0	0	982	8977	0	0	4691	0	0	0	0	436	0	326	743	18509	400	0	0	0	70	1254	0	0	0	214	242	63	0	0	0	0	1678	0	2408	198	0	0	0	0	0	0	0	0	6620	202	991	0	89	0	190	0	0	0	0	0	35	63	0	0	0	0	0	0	0	0	19298	0	0	0	0	0	0	0	0	0	0	0	0	0	147	0	0	0	126	0	0	0	0	0	0	0	0	0	0	0	0	889	2459	18240	1168	8114	6752	0	0	574	0	30754	0	167	2282	49147	1006	1865	0	0	0	68	0	0	0	45	0	0	0	0	0	0	0	92	0	0	201	44	0	2228	0	0	5270	0	1961	1117	70	0	2799	0	0	0	0	0	0	0	823	0	0	0	0	0	0	0	0	0	0	0	0	0	0	0	0	0	0	0	0	0	0	0	0	0	0	0	410
NS83	880	0	978	0	4026	1462	55	0	0	606	1172	361	15001	19710	1088	0	74	3541	0	380	374	0	124	105	243	2182	226	0	17732	1532	0	80	0	11569	0	202	689	0	107	88	53	0	89	0	0	1497	0	2193	0	0	0	1030	481	0	1514	149	8672	272	391	200	5498	5374	10038	2203	1133	303	0	316	64	0	36647	2025	243	1372	11191	15891	6202	0	0	793	354	16119	3098	2067	0	1228	2037	375	67060	0	0	435	0	0	0	1780	0	0	10099	0	1054	113	1742	673	0	135	534	100	43291	0	0	517	0	0	0	0	0	1349	0	7820	0	48	0	257	258	0	56	101	0	41	0	0	0	240	423	909	2196	333	0	186	70	61	731	47	146	177	729	1669	161	235	939	96	0	0	24069	0	0	2414	0	2176	0	0	7539	0	1601	233	451	79	0	0	0	0	0	66	24938	9604	109	4854	794	0	1488	10111	226	294	0	0	116	0	4046	203	0	0	0	134	153	219	0	0	0	90	2588	0	1186	0	1435	0	1063	3053	2772	3160	430	0	0	0	3108	0	0	322	11062	13298	3448	78111	2869	3004	177	0	0	0	0	0	104	0	3083	0	0	0	0	0	0	0	0	0	0	52	531	0	0	0	46726	54	45	11902	10243	634	465	109	172	746	60	131	0	0	31	261	50119	0	0	0	397	0	4639	0	0	139	0	37	3257	2013	0	316	0	0	238	0	0	5278	186	0	1278	4593	1274	228	100	218	125	88	136	0	0	0	0	0	0	266	933	82	0	43	5643	0	1368	1556	784	317	0	0	0	0	78	0	70	0	0	219	7550	0	0	132	0	0	258	0	0	0	0	0	0	0	137	0	0	137	0	0	0	83	0	0	3235	48	0	337	2647	8077	0	380	0	734	0	1547	0	0	0	188	0	129	60	0	0	0	3575	0	0	0	3935	9045	116	0	0	0	0	0	0	15748	0	0	0	0	0	0	0	0	188	86	0	0	0	399	0	0	0	0	190	0	66	850	2960	180	12153	1422	12666	17144	0	0	569	1042	0	0	29719	25387	0	1349	0	213	2126	222	62	0	0	736	0	0	0	637	67	0	0	1442	11145	55	36	314	0	0	999	42	236	2570	0	920	1295	0	0	3316	8687	913	544	0	126	1095	0	400	146	0	0	0	0	0	0	188	0	0	0	0	0	0	2901	0	50	113	0	0	1783	0	10645	238	0	14740	110	313
NS86	102	0	311	0	704	0	0	0	0	0	0	66	12778	57506	6614	0	125	0	111	0	88	102	99	34	162	1546	56	0	883	6846	0	172	0	183739	0	0	121	0	0	0	0	0	84	0	0	494	0	0	0	0	0	199	98	89	281	97	8245	0	506	0	7095	5816	12493	1183	5250	113	0	0	138	0	7664	0	79	0	23183	4983	1859	1104	0	0	0	0	773	579	169	0	0	77	20538	0	0	5380	0	0	87	620	0	0	0	10771	0	0	408	0	1150	265	0	127	10068	263	8293	0	1736	0	0	0	0	0	0	1292	269	0	0	0	0	0	0	58	0	116	0	0	0	125	92	0	708	89	0	0	0	0	1469	0	211	255	728	4066	0	0	0	0	1242	273	336	0	0	259	887	446	0	0	3906	49898	58	0	853	0	0	0	0	0	0	0	10739	3669	0	300	1496	0	0	1290	0	0	0	0	0	0	13340	0	0	0	0	0	99	91	0	0	0	0	5852	0	1759	134	555	0	0	0	1396	2509	0	0	1586	0	3675	0	0	289	4587	15016	12073	138056	5119	7326	4815	0	0	0	448	0	0	1467	68	0	72	0	0	0	0	0	0	0	0	0	186	310	0	0	23665	0	52	1967	17537	1556	0	2672	116	0	0	0	0	0	198	0	0	0	0	892	0	0	4274	0	0	0	138	43	692	195	0	298	0	0	0	0	0	26762	1305	0	568	1682	411	199	0	0	53	137	78	0	56	0	0	0	0	0	108	0	0	0	4791	0	0	80	4863	351	0	0	0	63	0	0	0	0	0	160	13855	0	0	0	0	0	169	0	0	0	0	0	0	0	242	218	0	68	0	0	0	0	0	0	0	0	0	0	0	4134	0	0	0	0	0	356	58	503	46	0	875	90	0	0	0	0	0	0	0	0	542	420	0	0	0	0	0	0	0	7949	0	0	0	0	0	0	0	0	0	32	0	194	0	110	0	0	0	0	0	0	0	426	2868	601	7159	1716	16810	16541	56	91	0	3956	41368	1866	0	8725	6821	1363	72	0	0	0	0	0	0	0	0	113	0	0	0	195	43	0	7215	0	36	2254	0	141	156	46	113	95	0	88	0	0	948	0	19293	332	1230	0	0	0	0	344	0	0	0	0	0	0	0	65	0	0	0	0	0	0	1289	0	537	388	0	0	598	0	762	176	141	0	0	45
NS9	0	0	3638	0	1652	0	0	0	0	1653	0	505	16452	15216	2701	0	164	26	0	0	0	4272	12850	9955	13648	14551	3463	0	11580	7804	72	369	0	21263	0	0	6181	0	353	0	75	0	0	0	0	6668	18742	0	0	3792	5698	11699	100	4306	44070	5235	11374	0	9132	0	83	0	0	0	946	0	0	2683	521	0	10923	2406	61	0	20382	18046	0	667	0	0	3775	76	358	733	2104	11547	0	0	39703	0	0	0	0	0	0	199	0	0	524	0	2985	0	0	0	0	0	0	0	0	0	0	0	0	0	0	0	0	0	0	1185	0	310	0	0	182	0	0	0	0	0	501	0	0	175	53	244	271	0	0	0	0	0	2805	0	985	0	138	1322	52	307	0	0	0	274	4235	0	0	0	0	0	0	1004	3127	0	9792	0	213	168	0	0	0	69	0	0	13302	2604	328	739	605	0	1740	2183	1318	0	0	0	332	168	6062	1088	75	452	0	991	882	326	0	0	47	526	2234	233	303	584	509	176	0	0	1805	0	0	0	0	0	0	0	0	495	1768	11517	290	52537	2954	827	927	356	0	132	0	41	0	129	0	0	361	0	0	0	0	0	0	76749	547	793	1025	0	0	85	98791	415	0	9593	33099	0	0	1490	113	0	114	0	0	0	0	0	0	0	0	895	0	0	564	0	229	896	1964	148	968	0	0	322	0	0	125	0	0	2415	0	0	87	694	339	0	50	0	0	689	208	0	0	0	371	0	87	0	171	68	140	0	0	161	0	778	269	68	0	0	0	0	0	0	0	0	0	0	13798	1654	0	0	0	60	1963	0	0	0	0	0	0	0	56	0	0	0	0	0	0	652	812	44	0	34	0	9077	0	5574	53	425	160	3043	3117	17512	56	0	57	0	0	0	0	0	0	0	0	4098	0	2005	0	37715	231	0	0	0	0	0	0	320	0	47	0	66	0	0	51	0	0	51	0	0	0	0	76	68	30	0	0	254	57	1027	3265	0	1942	305	2170	1259	0	0	591	0	5604	0	208	15142	16044	1819	0	0	0	0	72	0	210	0	119	0	0	0	0	0	0	0	264	0	0	126	0	72	1985	0	0	0	0	636	0	0	0	961	6616	0	572	0	0	0	0	750	0	0	0	0	0	247	0	404	0	0	0	0	0	0	550	367	0	0	281	0	2097	0	706	19611	0	0	0	373
