feature	Acetobacteraceae	Acidaminococcaceae	Acidithiobacillaceae	Acidothermaceae	Actinomycetaceae	Aerococcaceae	Aeromonadaceae	Akkermansiaceae	Alcaligenaceae	Alcanivoracaceae	Alicyclobacillaceae	Alteromonadaceae	Aquificaceae	Atopobiaceae	Aurantimonadaceae	Azospirillaceae	Bacillaceae	Bacteroidaceae	Bdellovibrionaceae	Beijerinckiaceae	Beutenbergiaceae	Bifidobacteriaceae	Boseaceae	Bradyrhizobiaceae	Brevibacteriaceae	Brucellaceae	Burkholderiaceae	Calotrichaceae	Campylobacteraceae	Cardiobacteriaceae	Carnobacteriaceae	Caulobacteraceae	Cellulomonadaceae	Cellvibrionaceae	Chelatococcaceae	Chitinophagaceae	Chloroflexaceae	Christensenellaceae	Chromatiaceae	Chromobacteriaceae	Chroococcaceae	Chroococcidiopsidaceae	Clostridiaceae	Clostridiales.Family.XVII..Incertae.Sedis	Coleofasciculaceae	Comamonadaceae	Conexibacteraceae	Coriobacteriaceae	Corynebacteriaceae	Cytophagaceae	Deinococcaceae	Dermabacteraceae	Dermacoccaceae	Desulfovibrionaceae	Devosiaceae	Dietziaceae	Dysgonomonadaceae	Ectothiorhodospiraceae	Eggerthellaceae	Enterobacteriaceae	Enterococcaceae	Erwiniaceae	Erysipelotrichaceae	Erythrobacteraceae	Eubacteriaceae	Eubacteriales.Family.XIII..Incertae.Sedis	Flavobacteriaceae	Fusobacteriaceae	Geodermatophilaceae	Gordoniaceae	Halieaceae	Halomonadaceae	Helicobacteraceae	Hydrogenophilaceae	Hymenobacteraceae	Hyphomicrobiaceae	Iamiaceae	Idiomarinaceae	Immundisolibacteraceae	Intrasporangiaceae	Jonesiaceae	Kytococcaceae	Lachnospiraceae	Lacipirellulaceae	Lactobacillaceae	Lawsonellaceae	Legionellaceae	Leptolyngbyaceae	Leptotrichiaceae	Listeriaceae	Marinobacteraceae	Methylobacteriaceae	Methylococcaceae	Methylophilaceae	Microbacteriaceae	Micrococcaceae	Micromonosporaceae	Miltoncostaeaceae	Moraxellaceae	Morganellaceae	Muribaculaceae	Mycobacteriaceae	Mycoplasmataceae	Myxococcaceae	Nakamurellaceae	Nanopelagicaceae	Nanosynbacteraceae	Neisseriaceae	Nitrosomonadaceae	Nitrospiraceae	Nocardiaceae	Nocardioidaceae	Nocardiopsaceae	Nostocaceae	Oceanospirillaceae	Odoribacteraceae	Ornithinimicrobiaceae	Oscillatoriaceae	Oscillospiraceae	Oxalobacteraceae	Paenibacillaceae	Parachlamydiaceae	Pasteurellaceae	Pectobacteriaceae	Peptoniphilaceae	Peptostreptococcaceae	Phyllobacteriaceae	Pirellulaceae	Planctomycetaceae	Planococcaceae	Porphyromonadaceae	Prevotellaceae	Promicromonosporaceae	Propionibacteriaceae	Pseudoalteromonadaceae	Pseudomonadaceae	Pseudonocardiaceae	Rhizobiaceae	Rhodanobacteraceae	Rhodobacteraceae	Rhodocyclaceae	Rhodospirillaceae	Rhodothermaceae	Rikenellaceae	Roseiflexaceae	Roseobacteraceae	Rubrobacteraceae	Sanguibacteraceae	Scytonemataceae	Selenomonadaceae	Shewanellaceae	Sinobacteraceae	Sphingobacteriaceae	Sphingomonadaceae	Sphingosinicellaceae	Spirosomaceae	Staphylococcaceae	Stappiaceae	Steroidobacteraceae	Sterolibacteriaceae	Streptococcaceae	Streptomycetaceae	Streptosporangiaceae	Sulfuricellaceae	Sutterellaceae	Symbiobacteriaceae	Synergistaceae	Tannerellaceae	Thalassospiraceae	Thermaceae	Thermoactinomycetaceae	Thermoanaerobacteraceae	Thioalkalispiraceae	Thiobacillaceae	Treponemataceae	Tsukamurellaceae	Veillonellaceae	Vibrionaceae	Weeksellaceae	Wenzhouxiangellaceae	Xanthobacteraceae	Xanthomonadaceae	Yersiniaceae	Zoogloeaceae
SRR20002340	39	26	0	0	643	91	341	0	4156	3	10	0	0	2	4	4863	991	309	0	0	0	185	21	239	408	0	22073	0	8	19	102	471	0	10	0	0	0	0	10	16	4	8	18	0	0	4340	0	123	3429	0	110	54	499	1	0	34	0	63	17	6378	312	286	16	17	0	0	40	0	2	315	0	780	0	54	6	0	6	4	0	133	0	140	164	0	1515	14	0	0	2	1733	0	953	14	2	225	3331	0	0	26767	57	0	3260	0	0	2	0	0	504	0	0	217	253	0	0	0	0	149	0	209	4168	0	15	545	2	143	0	10	0	3	222	12	182	0	22061	4	366238	161	1713	8	2316	19	1	0	37	0	51	2	0	0	1	6	44	48	3322	1	0	17371	0	1	0	2970	0	0	0	0	0	3	58	1	358	0	0	14	16	0	1	247	0	242	0	9	1267	10	15
SRR20002343	718	70	20	16	4755	539	2653	192	3085	26	538	15	52	147	125	19152	35601	3706	0	0	0	3713	102	2262	4580	552	175461	2	102	62	1474	4460	0	4	7	0	63	0	178	132	15	43	0	211	269	24360	2	947	40473	40	1704	141	5860	4	142	754	0	338	87	5572	4151	3189	90	75	0	16	836	119	78	13781	8	8187	3	11337	181	4	48	18	18	657	0	6021	3389	0	4159	83	0	30	109	780	0	6649	14	6	4180	31567	66	0	435009	350	0	14807	0	0	0	23	0	3237	24	28	1267	666	169	0	5	0	773	0	3394	32991	115	148	779	0	735	104	214	0	0	156	161	1666	651	382154	0	3102870	1834	15159	203	2039	241	0	112	683	13	0	76	28	25	25	614	453	197	29040	0	4	1129851	1756	20	0	16597	684	11	0	0	7	1	371	0	256383	67	0	24	35	33	192	1373	0	5904	26	241	5080	177	52
SRR20002345	1222	0	111	1	1592	114	2223	49	710682	422	473	0	21	12	198	80763	16986	1901	0	0	919	3310	101	2411	3434	346	200634	34	81	7	1104	12651	258	5	85	53	33	0	135	164	0	64	115	137	0	21784	0	298	26973	31	1467	608	3031	6	47	505	6	275	125	21575	1948	4959	95	412	0	0	441	79	22	1565	110	9001	0	8971	61	1	51	29	9	985	0	800	1220	0	5613	395	8	0	177	2009	182	6425	10	2	6557	38965	283	29	445173	359	9	17998	0	0	89	4	130	1828	11	0	622	393	0	35	63	0	17	10	998	31639	173	174	1364	35	1230	23	146	0	0	554	66	1435	0	1650673	14	3247928	1150	13573	4033	1329	40	0	6	340	8	0	14	4	218	64	85	363	420	24216	0	1	313403	2598	16	8	11294	315	58	0	7	28	36	332	6	175887	0	0	55	125	101	132	769	160	1406	120	395	12188	75355	43
SRR20002351	591	43	0	0	23656	84	1715	72	42720	59	67	61	0	150	2076	290	8370	3659	0	1	9	1367	23	910	989	733	116697	20	468	175	1566	2437	0	0	0	0	0	0	250	80	0	63	9	2	0	15379	0	55	37445	1	110	171	4929	0	14	44	0	198	91	45221	5200	2803	0	4	3	8	3916	466	17	425	22	4651	0	590	76	5	0	76	0	703	2	67	743	0	10598	127	0	0	1266	4789	191	2500	0	0	951	24126	289	0	107225	975	0	11646	1	0	0	0	181	84684	6	61	600	461	0	0	10	7	81	1	1156	20928	0	127	12626	2	1592	0	18	0	0	77	63	3426	0	641878	1476	1723136	154	7511	139	3456	92	0	0	26	0	7	2	0	19	113	9758	156	33	21227	0	0	177347	118	5	0	151571	61	0	0	0	0	0	385	0	481	0	0	14	3	12	8	4176	28875	987	15	97	4521	647	84
SRR20002352	231	0	7	0	706	109	631	12	1016	0	58	0	0	52	58	240	2090	39	0	0	0	304	16	197	572	121	45323	0	13	62	128	827	0	0	0	0	0	0	38	14	0	1	0	0	0	3840	0	0	3108	1	115	57	1741	3	2	18	0	81	103	5298	253	308	6	101	0	3	51	27	12	168	0	1716	3	110	0	1	0	0	1	454	0	84	32	1	1460	19	0	0	24	608	33	3561	0	0	1471	5305	11	0	50444	25	0	1840	3	10	2	2	0	522	24	0	194	126	0	0	0	0	102	119	42	7646	31	39	301	0	126	0	4	0	0	240	30	327	239	93667	0	701860	83	2691	0	1713	55	0	0	18	0	23	50	2	4	6	26	66	113	7701	2	0	5905183	166	0	4	25932	0	0	1	0	0	1	34	0	106	0	0	0	0	12	5	84	6	404	0	12	7304	255	50
SRR20002353	132	0	0	0	301	0	390	17	12479	6	1	0	0	1	220	3205	1970	735	0	0	0	392	14	301	306	413	72244	4	9	0	22	1080	0	0	0	0	0	0	4	80	0	2	22	0	0	8412	0	195	1774	24	49	38	3703	2	0	58	0	183	17	3918	305	2944	1	93	0	0	26	9	1159	218	3	2487	0	7	0	0	0	0	3	160	0	18	307	0	1075	22	0	0	0	630	14	2366	0	0	440	6873	0	2	57196	187	0	2793	0	0	0	5	8	325	16	0	300	258	0	0	4	0	60	0	322	14451	4	116	98	0	39	0	45	0	0	445	24	70	4	63169	0	1300618	151	5543	0	1526	73	2	0	136	0	0	0	0	0	6	18	177	0	10550	0	0	26383	0	6	6	1934	256	0	0	0	0	0	97	2	465	0	0	0	18	0	19	37	23	566	0	101	16071	1318	0
SRR20002355	52	0	0	0	348	45	343	0	6030	0	23	0	0	6	105	698	93	82	5	0	0	144	26	292	296	93	42111	0	2	14	45	727	0	2	0	0	0	0	2	12	0	16	1	0	6	5597	0	26	2443	4	83	40	427	2	0	83	0	68	2	843	34	95	0	15	0	0	17	19	30	77	4	1542	0	53	3	0	0	0	0	86	0	27	15	0	1604	3	2	17	4	484	0	747	11	0	245	7079	0	8	29885	34	0	1338	0	2	2	0	7	295	0	0	155	198	0	0	4	0	37	0	113	7338	0	18	59	0	13	0	9	0	0	19	52	51	0	75245	0	579909	56	2835	0	613	23	0	0	25	0	0	1	0	0	30	14	107	42	4576	1	0	44669	27	3	0	465	174	0	0	0	0	0	23	0	95	1	0	0	0	11	9	34	0	296	0	23	757	49	0
SRR20002356	19	3	1	0	160	25	29	4	81	179	15	0	3	0	61	384	848	142	0	0	0	29	2	20	43	0	4523	0	3	14	20	402	0	0	1	0	4	2	0	3	0	1	20	4	0	569	0	15	3555	13	14	62	29	0	9	285	0	3	0	31144	240	51	3	12	0	0	7	0	19	67	0	208	0	361	0	0	0	0	0	32	0	57	24	0	66	22	0	0	0	15	1	92	0	0	104	1774	0	0	10043	28	0	958	153	0	0	0	0	403	0	0	65	40	0	0	0	0	9	0	123	728	1	3	66	0	17	0	7	0	0	29	5	41	0	22194	0	1844832	31	307	31	310	3	0	1	13	0	0	1	0	0	0	484	0	10	901	0	1	21216	10	0	0	15712	0	0	0	1	0	0	0	0	8706	0	0	0	0	7	1	5	2	73	0	5	236	24	16
SRR20002360	76	62	2	0	3104	35	473	424	2717	3	18	0	0	7	87	4972	5817	1413	0	0	0	1103	11	672	536	155	47250	0	12	0	56	1291	0	121	0	0	0	0	39	68	0	1	48	0	0	6452	0	282	6986	6	256	110	324	1	31	426	0	107	155	2100	65	254	0	51	2	0	139	53	38	982	3	1907	0	355	26	0	0	0	2	315	0	707	376	0	1020	6	0	1	41	131	16	1604	2	1	637	12924	192	59	93979	60	0	4766	0	4	4	0	24	687	0	2	1598	152	11	0	7	10	185	3	1318	7612	44	8	153	0	199	3	31	0	0	81	39	885	32	101654	0	829816	175	2539	281	886	283	3	0	369	0	0	6	0	0	202	85	76	94	6877	2	2	464910	65	1	4	2280	48	0	0	12	0	0	73	3	907	0	0	1	50	134	34	293	16	269	0	41	2101	299	10
SRR20002363	272	0	0	0	196	67	289	0	4573	0	12	0	0	0	0	1448	40	555	0	0	0	410	10	230	211	54	56277	11	8	131	42	1441	0	0	0	165	0	0	6	47	0	0	0	0	0	5006	0	37	1643	0	40	10	682	6	6	70	0	171	55	1351	190	54	0	109	0	0	0	0	18	466	0	2069	0	79	29	0	1	0	5	115	0	45	124	0	216	1	0	0	0	477	0	1442	0	0	617	2919	0	0	43171	98	0	15559	0	0	3	0	1	219	0	0	193	234	0	0	0	2	69	0	101	10806	37	88	41	0	48	0	300	0	0	85	3	103	0	39305	0	998249	47	3430	101	1036	26	0	0	38	0	50	5	4	0	6	16	124	71	9062	12	2	10220382	0	0	0	108136	56	0	0	0	0	0	57	0	442	0	0	14	0	0	64	26	2	890	0	26	949	41	0
SRR20002365	282	16	0	0	1342	209	863	115	494	3	19	0	0	0	0	2417	1072	2044	0	0	0	1192	7	484	236	40	91947	0	47	1	54	1496	20	0	0	0	0	0	4	35	0	16	17	0	0	8649	0	174	16694	0	72	47	3168	0	0	160	0	240	322	2028	208	122	73	107	0	1	15	0	25	187	0	2816	0	35	28	0	0	0	13	151	0	53	1701	0	282	98	0	0	83	69	0	2939	0	0	1035	40509	0	0	84175	8	0	7820	10	0	6	3	0	5864	4	0	347	107	0	0	0	14	26	0	3171	17862	0	17	103	0	13032	12	0	0	0	386	12	951	0	485381	0	1760878	122	8961	0	2224	96	0	0	287	0	0	9	0	0	0	1980	146	121	17814	0	0	112965	20	22	1	6006	107	11	9	9	0	4	90	0	1755	4	0	0	0	22	50	37	6	2441	0	155	2085	379	6
SRR20002368	570	3	0	0	338	22	167	12	12640	5	1	0	0	3	257	1924	170	623	0	0	0	327	0	627	362	110	37695	0	2	0	52	999	8	0	0	0	0	0	1	77	0	1	36	0	0	5160	0	21	2612	0	29	33	2647	1	0	24	0	111	23	1271	575	36	4	80	0	5	13	9	1	70	0	3414	0	110	0	4	0	0	8	115	0	2	109	0	219	25	0	1	13	637	0	1047	0	0	314	4822	0	0	60131	39	2	2643	0	0	20	0	0	155	0	0	109	49	0	0	0	2	42	0	332	6234	24	72	22	0	61	3	28	0	0	67	163	72	0	81571	0	734144	11	2659	22	658	52	0	0	263	0	0	2	0	0	0	897	29	17	6686	0	0	8862579	23	1	3	888	15	0	8	0	0	0	27	0	331	0	0	1	4	25	22	3	0	317	2	19	823	175	0
SRR20002369	0	0	0	0	3263	62064	0	0	11	0	0	0	0	0	0	16	153	38	0	0	0	406053	2	0	1	0	276	0	0	0	0	17	0	0	0	0	0	0	0	0	0	0	0	0	0	29	0	4	721	0	0	0	23	0	0	0	0	0	0	354708	67	5	0	2	0	0	0	0	0	1	0	9	0	0	0	0	0	0	0	0	0	1	4	0	19017	23	0	0	0	0	0	7	0	0	0	43	0	0	196	15	0	20	115	0	0	0	0	2	0	0	0	3	0	0	0	0	0	0	43	30	5	0	1567707	0	46	1	0	0	0	5	4	343	0	1330	0	3290	0	14	0	1	0	0	0	31	0	0	0	0	0	0	6	1	0	13	0	0	50766	0	0	0	1029	0	0	0	0	0	0	13	0	6	0	0	0	0	0	0	5	0	4	0	0	2	0	0
SRR20002371	3766	50	0	0	414	45	98	54	215	18	18	0	0	7	7	3849	1287	1444	0	0	0	351	10	52	87	15	6758	0	13	0	4	311	2	0	8	0	4	0	4	6	0	0	58	10	3	1144	0	182	1012	5	85	42	127	0	0	17	0	14	49	12768	65	19	47	14	15	2	4	7	3	57	0	210	0	655	0	0	0	0	0	27	0	296	515	0	173	5	0	0	3	78	0	233	13	0	250	2008	4	0	22893	18	11	817	0	0	0	0	0	123	0	0	59	47	4	0	0	14	10	0	963	1135	6	6	106	0	17	0	6	0	0	77	0	99	0	34667	0	79582	27	289	132	205	2	0	7	430	0	12	0	16	0	3	0	24	5	803	7	94	94430	17	2	0	56929	9	0	0	12	2	2	179	0	14948	0	0	0	15	1	0	46	0	41	0	0	477	14	22
SRR20002373	193	10	4	3	658	174	1145	181	60215	67	281	0	20	5	0	9889	14995	1859	0	0	0	784	51	879	333	0	101100	11	16	1	1415	2512	0	0	0	0	13	0	8	78	0	2	25	59	0	13523	0	812	6395	0	177	65	3324	21	0	84	0	205	124	3404	239	1005	11	7	0	0	57	0	38	920	14	3553	0	4551	6	1	0	0	5	318	0	4867	735	0	1715	59	0	0	13	2283	0	2518	14	0	712	4685	41	0	167391	201	0	4605	0	0	11	2	0	481	0	0	1029	165	401	0	0	0	118	0	2285	19072	109	57	296	0	91	53	30	0	0	70	23	445	0	91145	0	1664987	42	6821	0	1007	95	0	18	1984	1	0	6	54	0	6	38	124	585	14925	9	0	143738	119	1	7	1631	88	0	0	50	9	0	146	3	108360	0	0	18	1	25	0	78	60	842	54	20	2900	379	25
SRR20002375	60	0	6	0	474	155	412	3	425	0	88	2	2	5	10	2884	2412	385	0	0	0	427	45	347	390	108	40118	0	15	3	73	846	13	0	13	0	3	0	17	16	3	857	0	21	0	6409	0	97	5618	3	1098	196	419	1	14	17	0	82	89	3382	200	1779	22	38	1	0	26	16	12	336	4	1715	0	1216	13	0	0	0	2	210	0	1194	256	0	704	6	0	2	6	259	0	1046	17	2	799	4663	0	3	47355	72	0	1883	0	0	0	0	4	290	1	0	14828	169	0	3	7	0	186	9	726	7357	11	25	120	6	76	7	13	0	0	32	19	283	0	54252	0	656576	73	2993	138	797	32	0	3	188	0	0	8	0	0	0	74	51	31	6326	0	18	37268	30	1	4	2908	49	0	0	0	1	1	37	0	24660	0	0	4	13	8	0	65	7	164	0	57	1215	95	4
SRR20002377	10	6	0	0	11	2	33	5	71	0	6	0	0	0	34	287	2	153	0	0	0	59	0	18	16	0	3444	0	3	0	5	118	1	0	0	0	0	0	0	2	0	10	0	0	0	338	0	53	106	0	0	3	164	0	0	14	0	8	11	0	9	11	0	4	0	0	0	0	0	18	0	110	0	8	0	0	0	0	0	7	0	0	48	0	6	4	0	0	0	5	0	222	0	0	64	1622	0	0	4420	7	0	145	0	0	0	0	0	11	0	0	35	30	5	0	0	1	23	0	153	539	2	4	24	0	0	0	2	0	0	31	2	12	0	12888	0	56025	5	275	0	48	0	0	0	72	0	0	0	0	0	0	228	5	0	460	0	0	184986	0	0	0	46	6	0	0	3	0	0	14	0	37	0	0	0	0	0	2	0	0	5	0	4	126	0	0
SRR20002378	265	0	0	0	535	136	431	23	1426	7	2	4	0	6	0	2334	89	438	0	0	0	1200	7	161	63	74	18165	0	7	0	34	966	1	0	0	5	0	0	4	20	0	21	0	0	10	2554	6	189	1831	0	47	37	773	2	0	83	0	20	53	1474	82	58	11	48	0	0	24	6	0	78	0	682	0	42	0	0	0	0	4	108	0	38	146	0	281	1	0	4	24	51	0	495	0	0	347	2634	4	12	33444	0	0	1241	2	0	4	0	0	138	0	0	176	152	12	0	0	0	28	0	606	3504	9	4	60	2	34	5	3	0	2	20	11	258	4	14129	0	334982	44	1005	12	677	8	2	0	202	0	2	0	2	0	4	2403	46	22	2740	1	0	72172	14	1	0	980	115	0	0	6	0	0	69	1	175	0	0	0	0	0	25	78	9	116	0	24	1051	25	0
SRR20002379	838	61	26	0	1091	154	755	53	24243	14	66	0	0	16	33	5169	1141	1396	6	1	0	1146	135	763	602	1177	145921	1	15	0	279	4014	21	0	49	7	0	0	17	80	0	12	63	0	0	21968	0	547	3791	0	429	109	2327	1	21	712	0	135	85	7059	1098	1299	0	148	0	0	0	17	109	1329	0	5446	5	196	0	1	7	0	8	2292	0	314	527	1	577	2	0	10	35	383	0	4812	0	0	2056	13572	0	5	101096	528	0	13108	0	0	2576	0	0	652	0	0	1735	603	0	0	0	0	2056	0	1394	25087	0	159	214	0	59	8	34	0	0	213	128	235	20	53349	181	2564997	688	10526	9643	2212	219	55	0	375	0	9	53	1	0	1	24	111	121	20012	10	0	12639	620	1	2	1350	60	0	0	57	0	0	72	1	344	0	8	0	369	0	3	245	3	2580	0	85	10293	186	70
SRR20002380	12	0	0	0	64	12	58	15	66	0	0	0	0	16	4	1426	9100	21	0	0	0	2910	0	0	47	0	6201	0	0	1	2	138	5	0	0	0	0	0	0	0	0	2	39	0	0	549	0	9	668	0	36	0	495	0	0	7	1	29	0	420	100	12	0	0	0	0	4	1	2	25	0	264	0	66	0	0	0	0	0	7	0	0	27	0	60	1	0	0	0	35	0	191	0	0	333	544	3567	0	6742	30	0	667	0	0	0	0	0	112	0	0	12	12	0	0	0	0	23	0	25	1468	136	0	91	2	0	8	8	0	0	98	4	6	0	5859	0	128364	0	451	12	150	16	1	0	11	0	0	0	0	0	0	138	13	9	722	4	0	6982018	6	0	0	222	0	0	0	0	0	0	0	0	7	0	0	14	10	0	0	4	8	53	0	14	320	58	4
SRR20002382	1664	101	75	13	12993	1493	2108	187	2786	1	612	0	54	402	55	8934	34032	2152	0	0	0	3085	63	1243	557	217	241331	0	149	30	1570	6398	0	0	0	3	76	0	14	69	0	46	0	199	91	21136	0	714	24448	200	297	877	653	7	8	610	0	243	349	7950	689	2075	134	100	10	130	297	268	9	1057	0	5349	0	13377	51	0	0	0	13	878	5	1388	1096	0	1557	0	0	0	239	1669	0	3595	67	4	934	43435	0	0	391338	339	0	14718	0	0	3	0	0	5739	0	0	905	282	0	54	0	49	60	84	1857	24406	47	247	5700	12	3714	0	123	0	0	177	98	1318	37	276905	0	2477976	369	7655	800	2029	214	17	96	550	5	0	44	0	0	99	3575	261	70	20822	7	0	354566	186	1	0	26172	66	0	0	9	7	2	141	0	296635	0	0	30	82	4	19	522	71	905	0	132	4625	244	30
SRR20002384	66	5	4	0	285	41	449	1	402	2	50	2	4	5	0	2982	3571	142	0	0	4	133	11	354	715	29	18114	0	10	16	47	437	0	0	0	0	1	0	2	18	0	5	0	23	0	2425	0	47	1496393	139	182	60	446	0	0	41	0	43	69	3141	144	102	0	26	0	6	7	4	10	246	0	679	0	984	10	2	3	0	0	19	0	306	91	0	162	3	0	2	0	9	6	513	7	8	395	2020	0	1	21186	73	0	2109	0	0	0	0	0	150	0	2	499	155	5	0	5	4	108	0	183	3114	9	18	40	63	42	0	16	3	0	150	25	288	0	29243	0	318840	236	1376	10	492	11	0	21	103	0	0	270	0	3	0	0	24	67	2667	0	7	22412	0	0	0	484	43	4	0	0	0	0	28	0	22605	0	0	17	14	0	0	13	7	148	0	10	843	97	30
SRR20002386	10	0	0	0	75	9	132	2	548	0	2	0	0	1	6	84	523	21	0	0	0	397	5	53	18	0	5538	1	0	1	17	80	0	0	6	0	0	0	0	1	0	0	0	0	0	686	0	0	340	0	1	0	260	0	0	4	0	16	6	107	46	0	0	9	0	0	0	1	0	30	0	210	0	100	0	0	0	0	0	19	0	13	14	0	26	0	0	0	3	23	1	173	1	0	167	644	0	0	4822	1	0	260	0	0	0	0	0	18	0	0	29	36	3	0	0	0	10	1	19	947	1	6	28	0	1	0	17	0	0	36	3	12	0	7491	0	72546	18	316	79	128	4	0	0	0	0	0	0	0	0	0	0	6	0	752	0	0	1129	33	0	0	238	0	0	0	0	0	1	1	0	94	0	1	12	3	0	0	3	0	14	0	2	300	7	0
SRR20002388	815	136	7	2	1522	218	676	1015	4340	4	71	0	0	24	161	28569	3840	8456	0	0	0	3141	151	441	308	376	63461	0	55	12	64	1735	57	0	0	0	0	12	29	26	3	488	132	59	0	8706	0	1301	7518	11	102	161	518	0	13	113	0	115	318	5400	137	112	76	68	2	10	45	21	16	340	32	2762	9	1447	38	0	0	0	6	276	2	706	2463	0	973	2	0	6	4	329	4	1850	3	0	1138	15052	0	0	130213	275	27	3898	0	0	10	0	0	291	1	0	560	387	8	0	0	64	117	0	4550	11477	186	72	119	164	190	31	51	0	0	208	76	1063	0	52398	0	964916	347	3831	499	1899	182	0	0	1255	0	0	0	0	0	2	53	127	175	10162	2	6	355286	224	4	4	3269	92	0	0	59	4	0	1053	0	32255	216	0	8	30	0	103	190	0	912	0	122	2652	269	46
SRR20002391	1981	148	63	0	1626	288	4934	724	57493	31	63	0	0	267	1260	88869	3372	18176	0	11	0	5446	109	2549	1565	677	318098	7	99	27	261	7124	154	10	16	18	0	0	49	741	0	17	0	0	0	34663	5	2187	26991	0	327	97	3943	36	33	339	0	434	2632	16146	1339	1680	911	256	71	0	256	141	62	1270	26	13322	4	1692	21	21	24	0	9	776	0	537	6909	0	3160	60	0	30	408	3838	16	8089	0	0	4224	40183	753	13	343055	679	52	16911	0	83	8	36	0	1135	1	27	2759	2189	65	0	7	110	3476	17	11421	58349	0	257	586	0	478	168	108	0	0	133	453	2710	95	1643207	0	5346732	1819	21564	5462	25897	70	5	0	6046	0	12	34	0	0	179	1569	394	72	43823	210	0	356147	393	19	10	6891	1367	4	0	188	0	13	1966	1	1268	0	0	3	157	17	123	593	64	2890	24	676	7559	742	171
SRR20002394	0	0	0	0	443	0	172	0	190	0	0	0	0	51	27	783	33	272	0	0	0	286	0	0	726	0	10573	0	12	35	0	119	0	0	0	0	0	0	0	24	0	0	0	0	0	706	0	12	2374956	0	0	51083	234	0	0	33	0	13	0	357	356	40	15	0	0	0	10	2	6	0	0	200	0	24	0	0	0	0	0	27	0	1	119	0	13546	14	0	0	0	172	0	225	0	0	111	666	0	0	16594	14	0	274	0	0	0	0	0	9	0	0	39	12	0	0	0	0	65	0	70	515	0	0	27	0	192	0	51	0	0	706	13	1284	0	2367	0	107969	271	487	0	79	0	0	0	7	0	0	0	0	0	0	65	0	0	540	0	0	112160	0	0	0	5346	0	0	0	0	1	0	9	0	1686	0	0	0	0	0	0	22	0	155	0	52	278	57	0
SRR20002396	738	29	1	0	6251	458	1654	431	1127	0	94	5	7	237	86	4015	4482	2179	0	0	103	1006	55	1108	3791	283	83393	0	31	31	545	2163	32	0	0	613	5	14	39	79	0	11	56	60	0	16819	0	409	12745	0	161	412	820	2	39	212	5	124	80	958625	598	1466	9	53	7	14	120	53	4	2236	1	2847	0	2219	26	4	14	2	5	207	0	1768	1260	0	3846	29	0	10	50	413	17	4940	30	4	3005	20541	41	0	103263	195	0	6109	0	0	0	4	0	16936	0	0	765	924	13	0	0	31	126	0	1842	14572	12	152	633	31	489	77	97	2	0	122	648	1121	0	75097	0	1423385	328	6482	100	2425	124	3	1	298	0	9	6	0	0	29	489	45	69	13604	0	1	35178	0	1	0	47627	77	68	0	28	0	0	353	14	44939	0	0	11	1	63	30	602	20	634	0	87	4386	1287	57
SRR20002397	106	0	0	0	7973	100	1080	74	43893	10	13	0	0	866	139	1682	403	556	0	0	0	342	12	4762	337	253	89089	0	133	31	234	1733	2	0	0	0	0	0	26	65	0	0	0	0	0	12226	2	23	13770	0	70	103	2662	3	0	40	0	178	60	2165	108	73	0	57	0	22	799	428	41	100	0	3920	0	77	0	0	22	0	0	49	0	131	475	0	575	71	0	7	934	378	0	1982	12	0	1856	99190	0	65	53545	150	0	5839	40	0	0	0	46	1137	0	0	582	271	0	0	0	0	256	0	930	15409	0	68	179	0	257	0	102	0	0	2983	42	599	0	84761	16	1591466	45	8702	217	1273	91	0	0	201	0	0	2	10	0	45	8	286	188	12984	10	0	28807	121	0	0	1300	425	0	0	0	0	0	1851	3	619	0	0	0	0	549	5	32	23	474	32	107	1819	383	52
SRR20002401	1309	0	0	0	5444	466	2848	24	18919	0	22	0	0	205	49	2941	9011	30953	0	0	0	1539	72	1449	522	243	164128	0	70	210	480	4642	0	0	226	0	0	0	10	370	0	0	278	0	0	20776	0	136	41538	16	478	967	13925	1	5	341	0	369	45	127556	4000	2026	0	523	0	0	764	130	22	314	0	5452	0	169	34	0	0	0	24	1298	0	141	1166	0	4418	27	2	0	170	1197	1	15518	10	0	1729	18371	37	0	228382	4910	0	11828	26	34	78	0	0	174436	0	0	585	488	0	14	0	3	230	11	400	29912	2283	275	5361	56	608	35	285	12	0	541	812	1886	18	463243	0	2828993	396	12553	48	3540	193	0	0	250	0	90	4	0	14	70	34	124	258	32068	4	96	512876	283	2	7	2373244	304	0	0	0	0	1	788	14	1443	0	60	19	100	53	60	2583	0	4288	0	440	16784	1595	1
SRR20002402	6	0	0	0	129	12	305	8	510	1	0	0	0	0	175	393	38	173	1	1	0	76	4	0	704	48	26631	0	0	0	8	296	0	3	0	10	0	0	2	5	0	3	0	0	0	1601	0	80	1029	5	14	14	80	0	0	72	0	57	6	199	54	0	0	18	0	0	0	0	18	51	2	469	0	13	5	0	3	0	3	33	0	106	119	0	86	4	0	0	1	52	0	382	0	0	103	1363	0	5	9798	21	0	1093	0	0	0	0	0	29	0	0	29	65	5	0	2	0	54	0	66	2540	0	10	28	11	0	0	0	0	0	233	7	150	122	14073	4	229127	23	702	63	133	0	0	0	36	0	0	1	8	0	0	5	40	1	1758	2	0	5431	0	0	0	134	21	41	0	0	0	0	7	0	346	0	1	0	0	6	0	0	0	37	0	11	424	45	0
SRR20002403	3	0	0	0	27	2	14	0	331	0	2	0	0	0	12	35	30	10	0	0	0	4	0	36	15	0	4607	0	0	0	2	56	2	0	0	1	0	0	2	3	0	0	0	0	0	420	0	7	187	0	2	6	97	1	0	6	0	6	6	111	1	0	0	1	0	0	0	0	0	4	0	60	0	14	4	0	0	0	0	15	0	1	3	0	62	2	0	0	0	10	0	98	0	0	39	218	0	4	3169	4	0	711	0	0	2	0	1	2	0	0	13	19	9	0	0	0	8	3	10	540	1	3	24	0	0	0	0	0	0	12	2	12	0	1254	0	45559	1	218	23	32	2	0	0	0	0	0	4	0	0	0	53	0	9	357	0	0	5530	0	0	0	31	0	0	0	0	0	0	0	0	127	0	0	0	0	0	0	0	0	6	0	1	131	20	0
SRR20002406	56	63	2	1	1901	87	366	142	376	0	34	0	1	3	77	10941	2494	1756	0	0	0	1177	19	237	496	18	30059	0	15	4	49	1545	0	14	3	3	4	0	9	21	0	27	21	19	0	5029	0	492	5200	0	978	35	683	3	0	58	4	32	150	3718	160	5928	6	0	6	0	36	0	5	154	6	1061	0	1996	9	0	0	0	8	150	0	387	483	0	458	3	0	0	15	142	1	680	7	0	1369	8351	0	0	67390	43	11	2911	0	2118	0	0	5	1734	0	8	512	102	17	0	0	12	61	0	1433	4328	32	41	394	13	140	12	17	0	0	33	2	915	55	189438	0	971660	119	1544	150	1939	42	10	13	653	1	0	0	0	3	1	283	38	26	4017	0	0	218984	109	0	0	1500	293	0	0	2	2	3	268	0	27196	0	0	10	5	4	27	179	6	122	0	244	3341	86	8
SRR20002410	45	13	0	0	789	46	140	0	4747	10	17	0	0	6	1	426	249	445	5	0	0	318	18	241	187	63	23809	0	6	2	96	4618	3	0	0	0	0	0	43	7	0	0	8	0	0	3757	1	28	792303	0	39	365	12236	7	16	16	0	53	3	1276	591	48	0	22	0	7	28	8	3	294	26	882	0	339	10	0	3	0	6	72	0	19	120	0	600	72	0	2	7	147	22	587	0	0	260	4423	88	0	22084	265	0	2507	0	0	106	5	0	307	0	0	45	52	8	0	10	0	133	0	216	4831	195	46	258	1	258	0	30	0	0	40	77	1456	0	14992	118	454373	8	1932	4	373	4	0	0	47	0	0	0	0	0	28	7	55	55	3665	1	0	23943	12	1	1	3116	47	0	0	0	0	18	48	4	172	30	0	0	0	2	54	313	0	376	6	8	747	88	7
SRR20002412	126	55	0	0	42596	373	400	49	1462	5	14	0	2	107	0	635	1661	947	0	0	0	127089	8	248	568	302	51238	1	357	109	563	856	0	0	0	1	0	4	8	45	0	0	183	0	0	4638	0	575	151572	0	30	60	1787	2	0	19	0	123	35	14839	817	156	34	13	0	67	137	203	24	408	0	2272	0	1482	4	0	1	0	0	128	0	28	1508	0	8624	152	0	1	569	988	5	1251	12	0	384	25801	8	26	46986	327	0	2429	76	1	0	0	266	17042	1	0	178	112	13	0	0	56	474	1	2552	7910	37	31	4008	0	937	11	57	0	0	64	77	7141	0	80082	0	733913	123	3494	34	856	67	3	0	191	0	0	0	0	7	50	0	38	10	5444	0	0	980333	53	0	1	164124	59	0	0	29	0	16	206	5	511	0	0	0	18	8	16	2244	2	194	0	15	1148	61	0
SRR20002416	38	0	0	0	111	1	104	2	4756	2	0	0	0	1	0	98	62	69	0	0	4	69	4	131	50	0	11761	0	1	0	9	193	0	0	0	0	0	0	4	11	0	0	0	0	0	1405	0	0	857	0	51	8	185	0	0	19	0	9	0	524	40	17	0	16	0	0	14	0	22	53	0	387	0	143	1	0	1	0	0	43	0	78	19	0	74	0	0	0	7	73	0	251	0	0	111	920	2	0	26111	22	0	1289	0	0	0	0	0	41	0	0	36	24	2	0	0	0	32	0	51	2035	0	3	24	0	8	0	8	0	1	18	3	13	0	9301	0	184604	2	777	0	262	4	0	0	1	0	0	0	0	0	0	0	29	0	1334	0	0	9168	8	1	0	241	0	0	0	0	0	1	4	0	43	6	2	0	0	0	18	13	2	34	0	5	3256	26	0
SRR20002417	3	0	0	0	63	1	50	0	169	1	3	0	0	0	25	178	3	39	0	0	0	36	0	39	90	0	8595	0	0	0	0	234	0	0	0	0	0	0	0	0	0	4	0	0	0	959	0	21	161	0	2	0	185	2	0	0	0	48	0	302	16	105	0	5	0	0	0	0	15	32	0	226	0	13	0	0	0	0	1	18	0	16	30	0	41	0	0	0	0	190	0	210	0	0	110	774	0	0	5545	2	0	482	0	0	0	0	0	155	1	0	14	45	2	0	0	0	81	0	28	1040	0	4	59	0	3	0	0	0	0	124	1	24	0	5191	0	112506	3	890	0	263	19	0	0	3	0	6	0	0	0	0	0	1	4	674	2	0	1547	0	0	0	181	0	0	0	0	0	0	0	0	20	0	0	0	0	2	17	15	3	66	0	6	293	33	0
SRR20002419	76	22	0	0	1599	249	447	47	6313	58	31	0	0	138	5	507	3388	476	0	0	1	885	33	635	421	327	113961	0	7	21	163	2137	22	0	0	0	0	0	0	65	0	6	91	0	0	8943	0	164	10166	0	219	256	6847	1	6	51	0	237	9	24142	1252	89	9	75	1	1	1103	12	4494	263	11	2630	0	241	12	0	8	9	11	804	39	20	142	0	5010	24	0	0	13	2058	3	1841	14	0	784	7618	14	0	57733	2797	0	4588	47	0	2	5	0	673	3	0	504	235	0	0	2	20	964	0	654	13120	1	76	478	16	21	7	29	0	0	85	18	330	152	337454	0	1157541	52	5670	0	1878	12	0	0	120	0	0	0	0	0	4	49	83	51	10095	7	0	121913	81	0	10	2829	26	1	0	0	0	0	21	3	238	0	0	0	0	16	9	83	17	774	35	121	2910	331	7
SRR20002420	165	0	0	0	370	10	117	4	367	8	5	0	0	2	16	480	124	87	2	0	0	82	0	87	313	0	29534	0	0	0	7	1051	12	8	0	3	0	0	0	8	0	1	4	0	0	3286	0	30	2189	0	37	15	536	0	0	54	0	98	2	467	155	48	6	0	0	0	18	0	11	61	0	871	0	123	33	0	1	0	5	24	2	16	78	0	3378	1	0	0	3	130	0	564	0	0	150	3293	49	0	15660	156	0	3777	35	0	0	0	0	82	0	50	22	46	16	0	0	0	46	0	157	5064	0	0	36	7	30	0	0	0	0	165	2	17	0	39107	0	625162	82	2270	188	670	3	0	0	45	0	5	13	0	0	3	66	61	0	3955	0	0	2850	118	3	1	495	49	0	0	0	0	13	17	0	538	0	1	0	11	9	0	10	0	270	0	13	1790	38	0
SRR20002421	221	0	0	0	187	56	152	0	6285	26	0	0	0	0	29	143	176	24	0	0	6	17	0	154	65	48	17705	0	3	23	50	1847	0	0	0	0	0	0	3	17	0	155	0	0	0	1707	0	38	742	0	34	17	614	0	0	46	21	75	1	362	230	49	137	3	0	0	13	8	124	78	0	496	0	86	0	0	0	0	0	24	0	11	2	0	457	7	0	0	0	224	0	646	15	0	116	1536	0	2	25740	4367	0	1674	0	0	0	0	4	79	0	0	78	112	6	0	3	0	53	0	45	3397	0	0	91	0	5	2	0	0	0	22	11	36	0	27266	0	283525	33	1034	2	261	7	0	0	24	0	0	0	0	0	0	86	20	0	2295	0	0	419290	18	10	0	3602	4	0	0	0	0	0	15	0	13	0	0	0	0	0	9	11	0	70	2	7	905	950	4
SRR20002422	233	1	0	0	7198	43	753	116	1315	1	25	5	0	55	48	554	2584	5604	6	2	0	668	27	507	217	388	93489	0	53	5	411	3349	6	0	38	0	0	0	0	61	0	10	4	0	14	11101	0	42	10518	8	205	28	3422	4	7	208	0	205	16	7793	15551	74	460	107	7	131	124	81	0	1115	4	3312	0	85	0	1	0	0	8	136	0	78	2440	9	4225	60	0	12	19	2181	6	2092	7	0	2656	11341	0	1	151024	258	0	7781	0	0	24	0	4	794	0	0	365	750	15	17	8	24	276	0	382	17258	15	126	11545	0	101	1	37	2	0	507	4	413	0	2324701	25	1587153	116	7375	195	1348	57	8	0	387	0	8	2	0	0	42	2352	112	38	13214	0	0	4299550	228	2	5	56556	320	0	0	0	0	0	482	4	2274	5	0	9	5	6	0	631	16	797	0	93	2537	435	86
SRR20002425	595	340	0	0	4876	316	2261	457	9055	6	81	46	0	133	157	55393	10362	12488	6	0	0	4108	201	1737	5513	485	224941	0	119	8	162	4646	65	7	22	0	0	0	104	150	787	28	323	0	0	31353	7	1594	28426	96	396	1625	5344	85	82	985	0	419	347	14472	1043	9347	153	150	5	10	834	359	31	3587	0	9235	0	938	14	0	0	0	25	1221	183	1868	4372	0	3836	11	0	41	529	1541	0	5325	0	0	4739	41535	7	9	560386	690	0	9562	15	0	0	0	0	4213	0	9	3783	1433	416	21	8	134	266	10	8280	40618	192	256	1151	66	1274	78	268	9	0	187	465	4000	108	156815	0	3446330	755	14200	297	4193	914	16	0	2265	0	30	3	0	24	11	791	440	82	34531	17	0	1565942	112	56	1	14090	377	0	18	0	0	0	2015	0	5839	0	0	1	24	275	122	561	173	2422	0	274	6822	1955	92
SRR20002427	83	82	0	0	3630	428	1898	292	946	68	16	0	0	580	74	9823	589	240341	0	0	0	111659	20	609	1221	82	89962	0	332	152	462	2126	0	0	0	17	0	4	19	59	0	0	9	0	0	9411	0	620	412611	2	582	101	25776	54	0	148	0	204	247	3193	1084	219	115	58	0	56	718	978	13	508	0	2942	17	124	6	0	1	0	9	345	0	39	1041	9	31829	0	0	8	1143	648	0	1508	6	0	644	19743	407	42	189469	303	0	5551	5185	0	2	3	13	1533	0	0	81	269	23	0	0	1520	92	0	1932	13705	0	47	429	12	411	762	62	0	0	95	19851	1538182	0	53629	0	1304245	247	4904	54	2371	129	0	0	4962	0	0	0	0	0	140	572	150	40	10893	106	0	120000	102	0	7	106063	48	0	0	6	0	97	10373	0	352	0	0	0	13	2388	22	3339	1680	691	0	62	1633	755	0
SRR20002430	863	183	5	0	9099	7748	3259	216	3515	112	27	152	0	23	595	1942	1129	13656	0	0	0	2289	224	1507	3067	314	134218	0	259	59	4213	1448	0	19	16	0	11	0	560	9	0	1	620	0	0	13303	1	1302	42232	19	661	244	50287	0	1	308	0	3510	62	25652	701	1562	112	71	0	20	3134	1567	527	6492	0	4732	0	148	247	2	59	0	33	5057	0	226	5765	0	4828	4	0	0	395	1041	689	4232	9	0	3004	70882	0	28	161735	487	0	14039	0	704	0	13	1210	140812	0	0	2431	792	80	0	119	17	255	0	2775	15037	52	205	56151	387	747	3	0	0	0	284	426	1133	88	289833	0	3337431	665	6166	15	1569	222	0	0	1197	0	0	203	3	0	45	832	72	106	10858	0	0	373508	70	5	7	73326	111	0	0	72	0	0	481	3	2061	0	0	4	0	38	321	1618	1489	2454	0	76	5283	13488	0
SRR20002432	0	0	0	0	18	0	0	0	5	0	0	0	0	0	0	0	18	0	0	0	0	4	0	0	0	0	471	0	0	0	0	0	0	0	0	0	0	0	0	0	0	0	0	1	0	25	0	0	105	0	0	0	8	0	0	0	0	0	0	205	5	0	0	0	0	0	0	26	0	3	0	0	0	9	0	0	0	0	0	0	0	0	0	0	0	5	0	0	0	0	0	0	0	0	8	9	0	0	179	0	0	4	0	0	0	0	0	0	0	0	0	0	0	0	0	0	2	0	0	5	3	0	0	0	31	0	0	0	0	4	7	18	0	173	0	708	0	8	0	7	0	0	0	0	0	0	0	0	0	0	0	0	0	0	0	0	1474	0	0	0	0	0	0	0	0	0	50	0	0	170	0	0	0	0	0	0	0	0	12	0	1	3	0	0
SRR20002433	430	19	8	0	2357	75	1351	155	2233	17	97	0	0	100	5	2529	9017	3961	0	0	0	3556	48	849	1078	1372	138821	0	121	8	181	5782	0	0	281	0	4	0	0	73	0	16	9	0	0	17629	0	732	13664	0	288	384	2388	16	0	167	2	350	31	30782	5741	2463	10	204	0	4	200	56	109	2242	0	4147	0	391	0	10	0	0	0	410	0	26	1487	0	8067	13	60	0	61	5702	18	2534	37	10	1411	5363	64	19	191177	357	0	9013	0	0	39	0	0	1166	0	0	850	207	17	0	1	0	639	0	3048	24600	7	122	854	0	542	24	61	9	5	105	66	499	298	769785	22	2185290	38	9820	617	128214	55	7	0	862	0	116	12	54	0	16	2704	50	87	16918	1	0	159090	2031	3	3	6297	593	0	0	123	0	14	319	0	2332	0	0	14	31	18	0	297	292	1312	0	165	4150	368	35
SRR20002435	0	6	0	0	168	5	48	58	146	0	20	1	1	5	198	1193	702	568	3	0	0	352	7	42	40	44	4228	0	26	0	11	145	3	1	0	0	2	0	0	4	0	0	50	6	0	577	0	55	2804313	0	60	700	30	8	0	4	2	8	29	161000	29	21	6	3	0	0	3	0	0	325	0	179	0	416	0	0	0	0	0	106	0	20	522	0	8038	84	0	0	0	1	0	95	0	0	66	460	0	0	6736	13	0	249	0	0	0	0	0	37	0	0	150	38	0	0	0	4	11	0	431	778	3	4	25	6	35	0	5	0	0	12	9	199	0	6483	0	76264	12	129	37	852	0	0	1	118	0	0	0	3	0	0	0	3	19	548	0	0	10414	0	1	0	905	0	0	0	3	0	572	35	0	8163	0	0	0	0	0	0	42	0	52	0	0	116	0	0
SRR20002439	15	0	0	0	24	0	31	0	29	0	0	0	0	0	0	53	9	8	0	0	0	1314	3	24	34	0	2812	4	0	0	6	27	0	0	0	0	0	0	22	2	0	0	0	0	0	297	0	6	188	0	9	5	71	0	0	7	0	3	1	76	10	7	0	0	0	0	3	0	7	13	0	62	0	26	0	0	0	0	4	11	0	18	0	0	448	12	0	0	1	20	0	60	0	0	36	3120	13	0	2925	6	0	139	0	0	0	0	0	27	0	0	46	33	0	0	0	0	27	0	8	555	0	0	5	0	8	0	2	0	0	4	0	13	0	4719	0	31814	7	163	7	37	0	1	0	0	0	6	2	0	0	0	0	1	4	372	7	0	3014	5	1	0	79	0	0	0	0	0	0	1	1	75	0	0	0	0	0	0	5	1	24	0	2	91	68	0
SRR20002441	17	0	0	0	81	7	6	0	18	0	2	0	0	0	2	67	122	113	0	0	0	473	0	0	7	13	1020	0	5	0	3	60	0	0	0	0	0	0	2	0	0	0	0	3	0	46	0	7	832	0	0	6	12	0	3	3	0	1	5	10930190	9	94	0	0	0	0	1	0	2	0	0	69	0	68	1	0	0	0	0	6	0	0	32	0	2112	8	0	0	6	0	0	57	0	0	29	36	0	0	516	0	0	31	36	0	0	0	0	4	0	0	90	48	0	0	0	0	6	0	35	124	1	1	8	0	75	0	0	0	0	0	34	220	0	1029	0	22503	0	41	1	79	0	0	0	22	0	0	0	0	0	0	141	2	0	124	0	0	20461	0	0	0	58	0	0	0	0	0	0	0	0	1724	0	0	0	0	0	1	12	0	5	0	3	50	1	0
SRR20002442	293	5	0	0	710	26	1288	36	2312	16	78	0	0	247	80	3392	281	545	0	0	0	541	21	714	422	0	100516	5	25	36	76	1938	0	2	10	0	0	0	16	91	0	34	0	0	0	11890	0	53	6148	9	46	62	1185	0	5	74	0	267	96	2806	146	140	0	193	0	0	81	14	141	309	0	4030	0	70	2	12	0	0	4	287	0	202	374	0	568	1	0	8	132	117	0	2768	0	0	411	5091	18	0	67700	119	19	3881	0	0	1	3	16	279	3	0	127	215	412	0	0	0	243	0	265	17961	0	218	103	0	39	0	14	0	0	104	8	437	0	44853	0	1962399	98	7939	4	897	119	0	0	163	0	0	2	0	8	16	0	170	22	12857	0	0	18783	11	0	0	987	45	0	8	0	0	3	211	0	282	0	0	0	1	3	19	73	0	898	0	26	1510	245	72
SRR20002443	74	8	0	0	2414	38	788	5	8940	5	43	0	0	19	13	184	5431	558	0	0	0	3361	16	557	27563	157	110240	0	2316	11	67	1693	0	0	4	0	0	0	6	51	8	14	3	2	0	11777	3	130	651181	0	258	1326	2266	2	2	65	23	239	6	22771	2581	103	6	95	9	0	22	199814	25	405	0	3342	0	6485	0	0	0	0	0	67	0	11	645	0	6958	535	7	0	343	2202	0	2625	30	0	784	8477	81	15	73026	305	0	4303	91	0	7	0	0	355	0	11	1103	448	75	0	0	4	384	0	182	13940	8	83	231	17	211	6	109	0	0	80	525	1952	0	397987	12	1286585	76	4235	46	1109	94	5	0	104	0	20	4	60	5	0	125	84	60	9838	1	4	508008	159	0	2	4336	284	83	2	0	0	83	180	3	254	0	2	36	21	96	0	163	71	592	0	67	2080	6717	6
SRR20002446	75	14	90	0	3395	302	402	13	130928	151	0	0	0	78	243	1038	824	224	0	5	0	477	21	295	278	123	47372	0	47	67	191	4256	1	0	9	0	0	0	0	34	0	3	9	0	0	5589	1	82	37264	5	347	137	711	0	0	113	0	77	13	5480	25636	1794	3	79	0	0	84	20	82	198	20	1349	0	738	0	1	8	0	3	257	0	34	77	0	4468	5	2	0	47	285	0	2167	15	0	419	27460	51	0	39601	69	0	4429	0	0	0	0	0	2618	0	0	109	84	0	0	0	0	98	0	362	8858	5	35	971	0	643	2	17	0	0	66	114	334	0	269028	4	759113	5	3550	5235	3055	55	0	0	93	0	0	4	0	0	26	1204	32	157	5184	0	13	407939	323	10	2	796641	62	0	0	0	0	10	117	0	1190	0	0	16	99	8	0	658	10	643	74	29	4141	263	13
SRR20002448	113	14	0	0	1633	246	1457	40	9431	0	36	6	0	114	94	632	4991	1582	0	1	0	1077	53	1024	197	271	118443	0	46	16	655	2727	32	0	0	0	4	0	11	60	0	2	0	0	0	10517	0	31	17986	0	634	148	2378	1	6	26	0	146	0	15182	3721	436	16	58	0	0	249	117	7	472	0	5158	5	69	0	1	107	0	4	626	26	89	213	0	5617	28	0	0	67	1520	1	2351	0	0	2175	45478	0	0	74851	10192	0	10134	7	0	302	2	0	6027	0	4	198	710	144	0	0	0	225	10	172	21861	5	148	288613	58	2773	29	135	0	8	1194	273	2408	0	221151	233	1840535	181	6217	0	1094	74	15	0	85	0	0	0	0	0	26	6	150	65	11519	0	0	115600	716	29	9	229523	41	0	0	1	0	38	140	8	496	915	0	0	11	0	121	531	83	995	1	52	2804	118	26
SRR20002450	11	0	2	0	59	10	11	0	4951	0	2	0	0	2	0	30	8	0	0	0	0	9	0	27	29	7	2360	0	0	0	0	92	0	0	0	0	0	0	0	2	0	0	0	0	0	207	0	0	553	0	2	2	14	0	0	0	0	1	0	120	46	0	0	0	0	0	8	0	0	7	0	95	0	11	0	0	0	0	0	0	0	11	0	0	8	0	0	0	1	2	0	55	0	0	26	322	0	0	4822	14	0	118	0	0	0	0	0	125	0	0	3	0	0	0	0	0	3	2	7	338	0	0	49	0	0	0	12	0	0	2	10	6	0	19502	0	34395	0	111	50	385	0	0	0	0	0	0	0	0	0	0	0	2	0	190	0	0	2344329	11	0	0	68	10	0	0	0	0	0	0	0	46	9	0	0	5	4	0	6	0	4	1	0	103	0	0
SRR20002455	2190	0	0	0	2145	126	771	23	3668	0	41	0	0	26	5	1360	5706	1454	5	0	0	342	23	609	597	398	144836	0	13	13	65	1137	0	1	76	13	0	0	0	30	12	5	4	0	0	12499	0	127	6092	8	63	36	6751	14	0	73	0	317	75	14929	3607	531	7	93	0	0	147	39	582	590	0	4434	0	86	0	0	0	0	4	527	0	366	419	0	3754	25	0	0	31	1926	1	2993	4	4	756	4926	126	2	103782	395	0	5954	0	0	6	1	0	1250	0	0	174	486	9	0	2	1	2544	0	292	26947	95	161	609	0	196	0	70	0	0	259	44	459	0	198002	0	1939451	90	7134	3	956	154	0	0	117	0	0	1	0	0	13	46	99	27	16093	7	0	83894	942	0	1	7690	59	0	0	0	0	0	21	9	555	0	0	1	0	0	50	145	3	1678	0	111	2146	815	87
SRR20002456	117	0	0	0	174	63	259	8	1772	0	17	0	0	0	3	944	188	285	0	0	0	129	7	91	211	35	56237	0	0	0	106	719	0	0	0	3	0	0	4	4	8	0	0	0	0	4624	1	40	7092	0	47	15	1276	0	0	22	0	122	29	1687	381	174	0	22	0	0	47	8	34	177	0	1829	0	17	58	5	0	0	0	58	0	139	48	0	21003	14	0	0	108	564	0	2498	0	0	486	4550	0	0	36871	304	0	3785	0	0	0	0	0	163	0	8	292	164	7	0	0	0	51	0	128	12427	0	20	73	0	210	0	3	0	0	226	6	106	0	25939	0	891625	17	2823	0	516	18	0	0	25	0	77	71	0	0	1	0	191	27	6689	0	0	24647	0	9	0	1046	490	30	0	0	0	8	5	0	143	0	0	0	0	0	6	26	0	240	0	16	2172	92	0
SRR20002459	307	6	0	0	2934	141	569	20	1609	0	25	0	0	2	1407	476	1497	84	0	0	0	263	35	428	352	132	63777	10	3	56	66	4085	18	4	0	0	0	0	5	33	0	19	8	0	0	10002	2	168	2206	7	335	105	1009	1	0	107	0	216	59	7322	1021	115	0	3	0	0	459	14	43	559	1	2287	0	220	93	6	26	1	0	80	0	240	150	5	1056	0	0	38	128	947	0	1424	5	0	1034	9208	47	0	101985	561	0	5960	0	0	5	0	1	1959	0	0	349	267	18	32	0	0	236	0	309	11691	0	5	949	0	26	0	12	0	0	229	3	210	135	44217	0	1088687	60	5677	0	3152	41	10	0	100	0	0	1	0	15	22	12	60	77	8792	5	0	615384	159	0	2	3711	57	0	0	0	0	0	48	0	204	102	0	0	5	0	89	291	1	2009	15	16	1617	535	1
SRR20002464	150	438	2	0	1166	186	409	1039	583	1	66	0	7	21	2	48262	3589	18269	0	0	4	7990	5	587	916	161	31674	0	49	0	176	1112	0	2	0	0	2	12	17	50	0	11	398	23	0	4433	4	3311	8405	37	122	64	656	15	2	105	2	68	1579	7544	432	95	185	121	2	3	47	0	29	409	0	1395	0	1693	168	0	7	0	2	199	2	569	6750	0	1385	7	0	1	11	664	38	1996	2	0	734	4527	0	0	80326	57	26	4040	0	0	8	0	8	465	0	0	136	335	21	0	53	259	77	0	16431	6344	79	11	121	0	33	60	32	0	0	95	5	2808	0	33217	0	494517	236	2056	0	1033	6	0	14	4446	2	11	4	0	0	34	50	43	67	7552	0	0	96030	2	2	1	1677	33	1	11	102	3	49	2415	0	32411	0	0	0	4	5	16	85	8	263	0	28	1605	143	4
SRR20002465	1044	0	0	0	26093	31	262	61	5565	31	20	0	0	83	26	455	1124	2516	0	0	0	70786	43	430	767	12	47862	0	105	6	30	1135	0	0	26	0	0	0	6	37	84	0	0	0	0	8369	0	94	1042331	0	42	119	7642	8	0	107	0	147	102	10539	593	24	10	63	4	3	840	0	45	259	6	1593	0	522	31	0	3	0	2	313	0	164	142	6	2039	1057	0	0	13	966	0	1262	0	0	311	4986	0	0	51102	2494	0	8898	2	0	0	0	0	302	0	0	476	110	13	0	0	18	76	0	349	7783	13	9	224	0	42	4	27	0	0	36	102	11728	0	74639	0	639198	76	1969	51	10158	36	1	0	278	0	0	8	0	0	0	0	76	2	5599	6	0	37864	84	1	0	22570	42	0	0	3	0	0	48	7	259	31	0	0	3	12	209	40	7	383	18	17	2126	51	0
SRR20002466	217	11	0	0	1194	148	1159	70	10464	8	1	0	0	18	96	9084	1294	3602	0	0	0	915	21	744	378	83	87756	0	10	0	167	2735	0	0	0	0	0	0	7	159	0	51	138	0	0	10231	0	288	3435	0	476	57	2365	3	14	200	0	78	130	5574	1644	104	14	63	0	0	145	38	27	1189	18	2919	0	820	0	4	24	0	23	552	0	303	1183	0	1936	11	0	0	53	266	0	2393	0	3	1210	16221	0	0	68502	125	0	5677	1	0	2	1	0	2848	39	10	401	352	0	0	0	0	1500	0	836	18042	0	8	345	0	97	0	89	0	0	291	9	367	0	113438	0	1699211	114	5687	79	1442	6	0	0	339	0	0	10	0	0	20	51	171	210	13053	7	0	765439	70	0	0	3705	99	0	0	0	0	6	282	0	2413	12	0	6	0	61	162	111	13	1642	3	47	1286	279	0
SRR20002468	0	0	0	0	9	0	0	1	3193	0	0	0	0	1	0	0	17	119	0	0	0	2	0	0	6	0	410	0	1223	0	0	12	0	0	0	0	0	0	0	0	0	0	0	0	0	15	0	0	1383832	0	0	862	3	0	0	0	0	0	0	1881158	369	7	0	0	0	0	0	0	0	0	0	13	0	0	0	0	0	0	0	0	0	0	0	0	49	0	0	0	0	11	0	2	0	0	8	27	0	0	174	1165287	0	11	0	0	0	0	0	11	0	0	0	0	0	0	0	0	0	0	0	40	0	0	0	0	1	0	0	0	0	23	0	1676	6	323	0	4964	0	17	0	6	0	0	0	0	0	0	0	0	0	0	0	0	0	33	0	0	16225	3	0	0	1036	0	0	0	0	0	0	0	0	2	0	0	0	0	0	0	0	0	11	0	0	8	2	0
SRR20002473	35	0	0	0	2811	71	347	36	748	7	23	0	0	21	3	321	1915	221	0	0	0	599	7	418	101	9	50586	0	14	4	44	778	2	1	0	0	0	0	0	43	0	8	0	2	0	4638	0	48	5287	0	16	9	1102	0	3	3	0	117	8	3117	1153	211	15	7	0	0	32	12	22	133	5	2049	0	336	0	0	1	0	11	43	0	1	67	0	1478	4	0	0	9	626	0	872	0	0	320	4249	0	0	47832	46	0	2240	0	0	3	0	3	1007	3	3	216	123	0	0	0	0	4	5	660	9220	120	28	603	0	17	7	14	0	0	42	22	148	0	37742	0	802660	209	2762	0	278	10	0	0	80	0	0	2	0	0	10	0	129	0	6653	0	0	7795226	9	2	0	57296	0	0	3	0	0	0	113	0	237	0	0	0	0	7	6	106	46	106	0	23	1522	136	12
SRR20002474	304	168	0	0	1119	3263	921	2	40207	0	4	3	0	0	97	6705	4886	15066	0	0	0	1464	99	1838	4261	106	157162	4	10	0	118	6797	0	0	6	0	0	0	205	86	0	23	60	0	0	12189	0	48	5299	27	146	4456	3703	2	0	210	2	195	1428	12105	2263	365	130	158	17	0	98	0	596	325	0	4257	7	1052	93	3	28	0	9	662	23	4417	2903	0	3369	15	0	618	43	3821	0	4958	1	1	2142	106302	0	18	86043	1158	0	14399	0	0	0	4	0	195	0	0	472	1142	6	0	0	285	69	0	4848	21045	0	50	632	0	120	10	138	0	0	38	190	320	153	94894	0	1751283	84	5492	63	2165	63	0	0	1947	0	0	42	0	24	17	277	203	81	20100	0	0	134626	47	13	6	13502	50	0	0	16	0	0	1286	0	994	12	0	6	38	1	159	289	1	1193	2	13	6159	678	23
SRR20002475	1012	2	0	0	5792	286	1729	18	48522	91	7	0	0	29	51	3995	840	1215	0	0	0	1188	141	1691	612	319	141657	0	24	15	260	3035	8	0	0	4	0	0	78	98	0	5	35	0	0	52623	0	196	8144	188	1596	353	4842	4	75	234	12	336	96	97821	886	376	87	600	35	7	54	138	60	854	0	5668	0	1278	42	0	88	0	9	1901	1	978	735	0	2559	949	0	0	67	607	0	5639	17	4	2105	17223	0	11	113178	277	0	30397	1	0	0	0	15	1166	0	0	411	2053	0	33	1	12	21623	0	728	24431	36	49	1367	17	319	0	63	9	607	114	48	719	6	280908	720	2362934	105	12416	0	3845	36	0	0	329	0	135	6	0	0	5	67	210	60	19464	117	0	124690	191	1	2	206008	1772	0	2	0	0	0	48	18	2329	2	33	0	0	21	217	472	0	2852	4	95	24177	653	31
SRR20002477	259	179	0	1	9854	213	1053	502	1378	4	119	5	10	8	0	6174	5017	1986	0	1	0	588	85	843	2228	736	98003	0	85	11	148	1919	46	0	7	6	5	0	14	76	67	45	51	16	3	11140	1	636	10706	23	189	173	8370	1	0	182	0	293	63	5887	859	496	55	213	0	0	89	20	66	467	16	3366	0	2743	64	6	1	9	1	526	0	897	1668	0	2050	38	0	0	50	199	6	2361	0	6	2995	31504	18	0	128160	263	0	18792	0	0	1	13	0	37289	1	0	1884	724	12	0	0	30	235	0	2776	15446	41	113	4375	0	591	136	42	0	0	150	15	1704	882	97273	0	1473708	196	7239	7	1583	103	8	1	648	0	0	8	4	0	7	48	88	164	14011	61	9	80658	8	3	1	28895	77	0	0	48	3	0	638	0	40122	37	0	17	23	8	843	282	26	1632	0	30	2994	626	94
SRR20002478	135	9	10	1	379	19	175	8	791	15	35	0	2	8	16	2100	1566	221	0	0	0	192	14	110	131	60	16095	0	7	0	48	834	51	3	0	0	4	0	1	9	0	3	10	9	0	2958	0	67	2459	0	9	79	136	5	4	12	1	58	2	2201	439	349	4	29	0	9	20	2	1	155	0	1081	24	616	2	0	0	0	1	76	3	499	121	0	409	3	12	2	0	176	0	496	0	0	897	3783	18	1	39017	5	0	785	0	0	0	0	0	108	0	0	173	51	0	0	0	0	73	1	360	2955	11	18	101	0	8	2	27	1	1	109	11	112	3	15660	0	607990	117	1354	0	305	20	0	1	64	0	0	0	0	0	0	106	31	23	2436	0	0	119546	49	2	8	908	174	0	0	0	0	8	42	0	15188	4	0	0	1	4	1	18	5	506	0	9	1807	31	14
SRR20002479	3	0	0	0	81	0	71	3	66	0	1	0	0	0	0	75	2	6	0	0	2	13	6	39	40	102	6125	0	0	7	1	153	0	0	0	0	0	0	0	3	0	5	2	0	0	554	0	4	243	6	9	9	316	0	6	0	0	10	10	1625	5	587	0	0	0	0	0	0	14	56	0	266	0	8	3	0	0	0	5	88	0	0	5	0	69	2	0	0	0	3	1	128	0	0	205	653	0	0	9538	2	0	519	0	0	0	0	0	46	0	0	56	131	0	0	3	0	34	0	7	935	0	10	13	19	0	0	0	0	0	8	14	34	0	6410	0	76357	159	280	65	93	1	0	0	2	0	2	0	0	0	2	11	0	12	703	4	0	184611	46	0	0	86	102	0	0	0	0	0	9	0	215	0	0	0	0	4	2	0	0	43	0	4	195	34	0
SRR20002481	6	0	0	0	19	0	58	3	36	1	21	0	0	0	0	12	450	3245	0	0	0	21	2	36	20	0	1600	0	2	0	0	59	0	0	0	0	1	4	5	3	0	3	18	1	0	224	0	99	223	0	0	0	21	0	1	6	0	4	56	54	30	2	26	0	0	0	1	0	2	21	0	49	0	219	0	3	0	0	0	7	0	17	980	0	18	0	0	0	0	8	0	70	0	0	18	437	0	0	3395	0	0	131	0	0	0	0	0	23	0	0	60	5	0	0	0	20	0	0	1364	171	7	1	5	0	13	10	0	0	0	81	22	5	0	1643	0	15691	9	54	19	14	0	0	3	82	0	0	0	0	0	0	19	0	0	195	0	2	6552	0	0	0	98	0	0	0	0	0	1	476	0	6617	0	0	0	4	0	0	7	8	3	0	0	37	0	0
SRR20002482	40	2	5	0	541	3	359	7	460	3	63	0	2	20	21	1599	5658	221	0	0	0	326	26	233	380	54	39090	0	17	5	303	1304	16	0	0	0	9	0	22	11	1	80	0	24	0	4959	0	70	3751	0	58	30	53	4	9	92	0	63	8	1277	140	199	3	5	0	0	9	4	7	471	0	1045	0	2208	0	0	0	0	1	44	0	135	225	0	218	23	0	0	0	42	0	748	5	0	377	4387	0	0	86031	68	0	1993	0	0	0	2	0	158	1	0	243	299	0	0	0	0	86	0	1000	4987	2	9	17	11	23	0	24	0	0	2	57	142	0	44950	0	480681	59	1877	14	377	30	0	7	33	2	43	0	0	0	40	65	81	11	4663	0	0	53709	2	2	0	1705	55	0	0	1	1	2	41	0	39434	0	0	34	1	7	11	31	6	30	0	19	816	91	12
SRR20002486	40	2	0	0	642	57	277	69	551	4	9	0	0	0	43	10451	142	1041	0	0	0	804	11	342	292	87	33324	0	12	0	20	732	0	0	0	0	0	0	3	43	0	1	19	0	1	4373	0	96	2529	9	351	110	650	17	11	87	0	14	98	1549	130	51	2	30	1	0	7	6	77	330	0	1507	0	65	29	0	34	0	2	207	0	413	414	1	782	7	0	1	5	589	0	1178	0	4	544	4393	82	0	20527	19	0	2503	0	0	0	0	0	106	0	0	247	252	8	0	0	1	206	1	996	5675	34	9	19	0	56	9	52	0	3	16	22	240	3	41293	0	566072	97	2046	3	2395	31	0	0	374	0	24	12	0	2	0	123	27	69	4505	0	0	15027	12	0	1	761	42	0	3	0	0	26	109	0	301	0	0	2	3	2	23	12	0	63	0	18	1043	45	21
SRR20002487	1395	6	10	6	688	219	1971	133	1126	0	195	18	26	0	213	17686	10929	3589	0	0	3	743	64	2184	394	233	85789	5	25	24	125	5526	0	0	0	0	16	10	4	170	3	136	41	56	0	18389	0	508	11234	94	615	591	969	152	79	73	0	167	141	9272	528	1405	39	62	7	0	189	65	39	504	5	3912	0	4626	185	0	13	0	9	261	0	617	1315	6	3552	14	6	4	43	645	19	3803	9	3	1283	7397	21	2	328963	206	0	4004	0	0	0	4	0	492	0	1	549	377	6	28	0	42	277	0	2813	13998	161	70	379	2	582	12	38	0	0	225	5	595	325	150067	0	3899839	228	5014	65	1357	107	1	23	1371	2	42	7	2	0	0	828	125	151	13021	0	0	896699	48	3	15	2998	2438	0	7	8	2	1	181	0	78091	0	0	9	0	33	77	682	0	1323	0	70	12668	214	12
