intersect_bp,f_orig_query,f_match,f_unique_to_query,f_unique_weighted,average_abund,median_abund,std_abund,filename,name,md5,f_match_orig,unique_intersect_bp,gather_result_rank,remaining_bp,query_filename,query_name,query_md5,query_bp,ksize,moltype,scaled,query_n_hashes,query_abundance,query_containment_ani,match_containment_ani,average_containment_ani,max_containment_ani,potential_false_negative,n_unique_weighted_found,sum_weighted_found,total_weighted_hashes
7214000,0.04619739235123851,0.02052364600551356,0.04619739235123851,0.030335843557663996,12.310507346825617,7.0,56.17536907641071,/net/nfs-ip34/jbod2/def-ilafores/ref_dbs/sourmash_db/RefSeq_20250528.k31.sbt.zip,plasmid.7.1.genomic,7a8c695160f2da22a8aff644e0702b99,0.02052364600551356,7214000,0,148942000,/nfs3_ib/nfs-ip34/home/def-ilafores/analysis/MethodsComparison/Feces_RA/preproc/SRR5091587/SRR5091587_unmatched_2.fastq,SRR5091587,4d86f47d,156156000,31,DNA,1000,156156,True,0.9055723297396148,0.8821787602026772,0.893875544971146,0.9055723297396148,False,88808,88808,2927494
5790000,0.03707830630907554,0.8787418325482449,0.03703347934117165,0.10590935455375826,53.61386823448037,51.0,66.84067165895914,/net/nfs-ip34/jbod2/def-ilafores/ref_dbs/sourmash_db/RefSeq_20250528.k31.sbt.zip,GCF_009734165.1_ASM973416v1_genomic,e3fa9c4f076a3f63536cf070ae5e7e25,0.8798055006837867,5783000,1,143159000,/nfs3_ib/nfs-ip34/home/def-ilafores/analysis/MethodsComparison/Feces_RA/preproc/SRR5091587/SRR5091587_unmatched_2.fastq,SRR5091587,4d86f47d,156156000,31,DNA,1000,156156,True,0.8991715909246022,0.9958777322941318,0.947524661609367,0.9958777322941318,False,310049,398857,2927494
5597000,0.035842362765439686,0.8783826806749443,0.03533645841338149,0.07907514071762402,41.95215657847046,38.0,52.41712658433185,/net/nfs-ip34/jbod2/def-ilafores/ref_dbs/sourmash_db/RefSeq_20250528.k31.sbt.zip,GCF_012151035.1_ASM1215103v1_genomic,490ceba85d6fbbcb94ee2fcc57d259ec,0.8909582935370901,5518000,2,137641000,/nfs3_ib/nfs-ip34/home/def-ilafores/analysis/MethodsComparison/Feces_RA/preproc/SRR5091587/SRR5091587_unmatched_2.fastq,SRR5091587,4d86f47d,156156000,31,DNA,1000,156156,True,0.898188795764016,0.9962824864425411,0.9472356411032785,0.9962824864425411,False,231492,630349,2927494
5173000,0.033127129280975436,0.8893920919700401,0.03269807115960962,0.3403948906470859,195.16333725029378,192.0,72.6032899789829,/net/nfs-ip34/jbod2/def-ilafores/ref_dbs/sourmash_db/RefSeq_20250528.k31.sbt.zip,GCF_018292105.1_ASM1829210v1_genomic,833ce107256231b46fdcaa8f4db23439,0.9010625326598154,5106000,3,132535000,/nfs3_ib/nfs-ip34/home/def-ilafores/analysis/MethodsComparison/Feces_RA/preproc/SRR5091587/SRR5091587_unmatched_2.fastq,SRR5091587,4d86f47d,156156000,31,DNA,1000,156156,True,0.8959091944138514,0.9966449755479762,0.9462770849809138,0.9966449755479762,False,996504,1626853,2927494
3584000,0.022951407566792183,0.7822902796271638,0.022573580265887957,0.0084102648886727,6.98468085106383,6.0,15.848531021405167,/net/nfs-ip34/jbod2/def-ilafores/ref_dbs/sourmash_db/RefSeq_20250528.k31.sbt.zip,GCF_020091365.1_ASM2009136v1_genomic,ef23ca7c0c2ee8ae3e8a4537f4cacf2d,0.7953839325343985,3525000,4,129010000,/nfs3_ib/nfs-ip34/home/def-ilafores/analysis/MethodsComparison/Feces_RA/preproc/SRR5091587/SRR5091587_unmatched_2.fastq,SRR5091587,4d86f47d,156156000,31,DNA,1000,156156,True,0.8853660843097562,0.992642351104476,0.9390042177071161,0.992642351104476,False,24621,1651474,2927494
3294000,0.021094290325059557,0.8118787276341949,0.02092138630600169,0.008802067570420298,7.887358432812978,7.0,5.9997588948413165,/net/nfs-ip34/jbod2/def-ilafores/ref_dbs/sourmash_db/RefSeq_20250528.k31.sbt.zip,GCF_964272205.1_LUMC_Rgna_QRD011_genomic,6e86d242a5fb72e2090f4121f3222291,0.8185884691848907,3267000,5,125743000,/nfs3_ib/nfs-ip34/home/def-ilafores/analysis/MethodsComparison/Feces_RA/preproc/SRR5091587/SRR5091587_unmatched_2.fastq,SRR5091587,4d86f47d,156156000,31,DNA,1000,156156,True,0.882959541123403,0.9935635836519814,0.9382615623876922,0.9935635836519814,False,25768,1677242,2927494
3486000,0.02232383001613771,0.6178923426838514,0.0208765593380978,0.024540784712112133,22.037730061349695,19.0,27.520334697115214,/net/nfs-ip34/jbod2/def-ilafores/ref_dbs/sourmash_db/RefSeq_20250528.k31.sbt.zip,GCF_018291785.1_ASM1829178v1_genomic,94290db9715a9c6fca358ac639119d83,0.6607278241091736,3260000,6,122483000,/nfs3_ib/nfs-ip34/home/def-ilafores/analysis/MethodsComparison/Feces_RA/preproc/SRR5091587/SRR5091587_unmatched_2.fastq,SRR5091587,4d86f47d,156156000,31,DNA,1000,156156,True,0.8845746197490727,0.9867207865800874,0.93564770316458,0.9867207865800874,False,71843,1749085,2927494
4343000,0.027811931658085504,0.5438260869565218,0.02002484694792387,0.04922947749850213,46.088583306683724,42.0,20.698317780582318,/net/nfs-ip34/jbod2/def-ilafores/ref_dbs/sourmash_db/RefSeq_20250528.k31.sbt.zip,GCF_000210075.1_ASM21007v1_genomic,c08f8e47dd318b08d89c36c36e6da9e1,0.7553043478260869,3127000,7,119356000,/nfs3_ib/nfs-ip34/home/def-ilafores/analysis/MethodsComparison/Feces_RA/preproc/SRR5091587/SRR5091587_unmatched_2.fastq,SRR5091587,4d86f47d,156156000,31,DNA,1000,156156,True,0.890869125817601,0.9909881267070446,0.9409286262623229,0.9909881267070446,False,144119,1893204,2927494
2910000,0.01863521094290325,0.5026836942439386,0.0173928635467097,0.003276522513795075,3.531664212076583,2.0,13.056835609770085,/net/nfs-ip34/jbod2/def-ilafores/ref_dbs/sourmash_db/RefSeq_20250528.k31.sbt.zip,GCF_002257605.1_ASM225760v1_genomic,f7997817cc52d394fc177270fcbc526c,0.5385896724042198,2716000,8,116640000,/nfs3_ib/nfs-ip34/home/def-ilafores/analysis/MethodsComparison/Feces_RA/preproc/SRR5091587/SRR5091587_unmatched_2.fastq,SRR5091587,4d86f47d,156156000,31,DNA,1000,156156,True,0.8794361884204954,0.9802365769412025,0.9298363826808489,0.9802365769412025,False,9592,1902796,2927494
4326000,0.027703066164604627,0.38836808876984885,0.012999820692128385,0.002894284326458056,4.173891625615764,2.0,5.270309824234948,/net/nfs-ip34/jbod2/def-ilafores/ref_dbs/sourmash_db/RefSeq_20250528.k31.sbt.zip,GCF_013085905.2_ASM1308590v3_genomic,4f05e42977a4a9b3832b76e80a38f611,0.827625789171609,2030000,9,114610000,/nfs3_ib/nfs-ip34/home/def-ilafores/analysis/MethodsComparison/Feces_RA/preproc/SRR5091587/SRR5091587_unmatched_2.fastq,SRR5091587,4d86f47d,156156000,31,DNA,1000,156156,True,0.8907564228860876,0.9939155478933944,0.9423359853897411,0.9939155478933944,False,8473,1911269,2927494
3825000,0.024494736033197573,0.38857477091050885,0.012762878147493531,0.00871291281895027,12.798294029101857,2.0,48.23479596199285,/net/nfs-ip34/jbod2/def-ilafores/ref_dbs/sourmash_db/RefSeq_20250528.k31.sbt.zip,GCF_036419465.1_ASM3641946v1_genomic,277623bb21bf8d096347cc62995689ef,0.7457594072918697,1993000,10,112617000,/nfs3_ib/nfs-ip34/home/def-ilafores/analysis/MethodsComparison/Feces_RA/preproc/SRR5091587/SRR5091587_unmatched_2.fastq,SRR5091587,4d86f47d,156156000,31,DNA,1000,156156,True,0.8872267048649364,0.9905816575344502,0.9389041811996932,0.9905816575344502,False,25507,1936776,2927494
1820000,0.011655011655011656,0.7886284722222222,0.011635800097338559,0.01646903460775667,26.534397358282884,26.0,12.254548876646565,/net/nfs-ip34/jbod2/def-ilafores/ref_dbs/sourmash_db/RefSeq_20250528.k31.sbt.zip,GCF_005406285.1_ASM540628v1_genomic,85070a922427c1e42d773e75b3229881,0.7899305555555556,1817000,11,110800000,/nfs3_ib/nfs-ip34/home/def-ilafores/analysis/MethodsComparison/Feces_RA/preproc/SRR5091587/SRR5091587_unmatched_2.fastq,SRR5091587,4d86f47d,156156000,31,DNA,1000,156156,True,0.8662224642035055,0.9924220763549514,0.9293222702792284,0.9924220763549514,False,48213,1984989,2927494
1787000,0.011443684520607598,0.43790044356826024,0.01137964599503061,0.0018852301661420998,3.1057962858750705,2.0,7.201423540659267,/net/nfs-ip34/jbod2/def-ilafores/ref_dbs/sourmash_db/RefSeq_20250528.k31.sbt.zip,GCF_000210655.1_ASM21065v1_genomic,586860c088f340576435f05f9fd3cc1d,0.44036471168063085,1777000,12,109023000,/nfs3_ib/nfs-ip34/home/def-ilafores/analysis/MethodsComparison/Feces_RA/preproc/SRR5091587/SRR5091587_unmatched_2.fastq,SRR5091587,4d86f47d,156156000,31,DNA,1000,156156,True,0.8657113128786357,0.9738903912747381,0.9198008520766869,0.9738903912747381,False,5519,1990508,2927494
1778000,0.011386049847588309,0.7474747474747475,0.011373242142472912,0.006126400259061163,10.098536036036036,10.0,4.531406680652064,/net/nfs-ip34/jbod2/def-ilafores/ref_dbs/sourmash_db/RefSeq_20250528.k31.sbt.zip,GCF_003945365.1_PFJ30894_01_genomic,41e393347aeaa24ab6fcfff277c4c1f9,0.7483164983164983,1776000,13,107247000,/nfs3_ib/nfs-ip34/home/def-ilafores/analysis/MethodsComparison/Feces_RA/preproc/SRR5091587/SRR5091587_unmatched_2.fastq,SRR5091587,4d86f47d,156156000,31,DNA,1000,156156,True,0.8655703223544097,0.9906910422170344,0.928130682285722,0.9906910422170344,False,17935,2008443,2927494
1597000,0.010226952534644842,0.5336555056955471,0.009900356054202208,0.0015159723640765788,2.870633893919793,2.0,2.667921505764564,/net/nfs-ip34/jbod2/def-ilafores/ref_dbs/sourmash_db/RefSeq_20250528.k31.sbt.zip,GCF_042853905.1_ASM4285390v1_genomic,1e694dab0a72999dda66e4cd13428d21,0.5512599240593717,1546000,14,105701000,/nfs3_ib/nfs-ip34/home/def-ilafores/analysis/MethodsComparison/Feces_RA/preproc/SRR5091587/SRR5091587_unmatched_2.fastq,SRR5091587,4d86f47d,156156000,31,DNA,1000,156156,True,0.862577778582461,0.9809721068439982,0.9217749427132296,0.9809721068439982,False,4438,2012881,2927494
1528000,0.009785086708163632,0.422680412371134,0.009714644330028945,0.0009769447862233022,1.885299934080422,2.0,1.1871766467519786,/net/nfs-ip34/jbod2/def-ilafores/ref_dbs/sourmash_db/RefSeq_20250528.k31.sbt.zip,GCF_002211885.1_ASM221188v1_genomic,0b4587b2d46d0a84aab638a8385a1863,0.4257453329618278,1517000,15,104184000,/nfs3_ib/nfs-ip34/home/def-ilafores/analysis/MethodsComparison/Feces_RA/preproc/SRR5091587/SRR5091587_unmatched_2.fastq,SRR5091587,4d86f47d,156156000,31,DNA,1000,156156,True,0.8613496979425083,0.9728303103926754,0.9170900041675918,0.9728303103926754,False,2860,2015741,2927494
5383000,0.034471938318092164,0.20604280318925725,0.009432874817490201,0.02629313672376442,52.25594025797692,49.0,23.145111911128105,/net/nfs-ip34/jbod2/def-ilafores/ref_dbs/sourmash_db/RefSeq_20250528.k31.sbt.zip,GCF_918258265.1_BOVAC1_genomic,d7ca7470d77ebe0344d62e56d1ab47e0,0.7529724436984193,1473000,16,102711000,/nfs3_ib/nfs-ip34/home/def-ilafores/analysis/MethodsComparison/Feces_RA/preproc/SRR5091587/SRR5091587_unmatched_2.fastq,SRR5091587,4d86f47d,156156000,31,DNA,1000,156156,True,0.8970599637521736,0.9908892838973322,0.9439746238247528,0.9908892838973322,False,76973,2092714,2927494
1455000,0.009317605471451626,0.5476753349093775,0.00890135505520121,0.0013035039525273152,2.7453237410071942,2.0,5.145218119721291,/net/nfs-ip34/jbod2/def-ilafores/ref_dbs/sourmash_db/RefSeq_20250528.k31.sbt.zip,GCF_020541925.1_ASM2054192v1_genomic,5dfb2de1c8a49d9f52117f79b9e8a991,0.5732860520094563,1390000,17,101321000,/nfs3_ib/nfs-ip34/home/def-ilafores/analysis/MethodsComparison/Feces_RA/preproc/SRR5091587/SRR5091587_unmatched_2.fastq,SRR5091587,4d86f47d,156156000,31,DNA,1000,156156,True,0.8599905670949302,0.982212661527329,0.9211016143111296,0.982212661527329,False,3816,2096530,2927494
1084000,0.0069417761725454035,0.5023809523809524,0.006756064448372141,0.0006104196968465178,1.6938388625592418,1.0,1.0404656051290337,/net/nfs-ip34/jbod2/def-ilafores/ref_dbs/sourmash_db/RefSeq_20250528.k31.sbt.zip,GCF_000270165.1_ASM27016v1_genomic,9e57fb6a89871f316682949df49ad3a9,0.5161904761904762,1055000,18,100266000,/nfs3_ib/nfs-ip34/home/def-ilafores/analysis/MethodsComparison/Feces_RA/preproc/SRR5091587/SRR5091587_unmatched_2.fastq,SRR5091587,4d86f47d,156156000,31,DNA,1000,156156,True,0.8518635181188386,0.9788943143899117,0.9153789162543752,0.9788943143899117,False,1787,2098317,2927494
987000,0.006320602474448629,0.468378506894912,0.006307794769333231,0.0037113654203902724,11.030456852791879,11.0,4.69550884831293,/net/nfs-ip34/jbod2/def-ilafores/ref_dbs/sourmash_db/RefSeq_20250528.k31.sbt.zip,GCF_900637515.1_51184_A01_genomic,f9bf15287cd9221ded6fd4c037b0f1df,0.4693295292439372,985000,19,99281000,/nfs3_ib/nfs-ip34/home/def-ilafores/analysis/MethodsComparison/Feces_RA/preproc/SRR5091587/SRR5091587_unmatched_2.fastq,SRR5091587,4d86f47d,156156000,31,DNA,1000,156156,True,0.8492913973729145,0.9758936952532696,0.9125925463130921,0.9758936952532696,False,10865,2109182,2927494
4545000,0.029105509874740643,0.18660677827684768,0.005853121237736622,0.003445267522324555,11.035010940919037,10.0,5.786772781358799,/net/nfs-ip34/jbod2/def-ilafores/ref_dbs/sourmash_db/RefSeq_20250528.k31.sbt.zip,GCF_022494605.1_ASM2249460v1_genomic,16a426cf0b4075b1df185b6d391c15b8,0.9279297672519395,914000,20,98367000,/nfs3_ib/nfs-ip34/home/def-ilafores/analysis/MethodsComparison/Feces_RA/preproc/SRR5091587/SRR5091587_unmatched_2.fastq,SRR5091587,4d86f47d,156156000,31,DNA,1000,156156,True,0.8921765689763816,0.9975900302351017,0.9448832996057417,0.9975900302351017,False,10086,2119268,2927494
892000,0.0057122364814672505,0.2556998556998557,0.005673813366121059,0.00041742186320450187,1.3792325056433408,1.0,0.7035686830474006,/net/nfs-ip34/jbod2/def-ilafores/ref_dbs/sourmash_db/RefSeq_20250528.k31.sbt.zip,GCF_042848385.1_ASM4284838v1_genomic,e8ef29c997c2b15b3aefce07de5bc023,0.25743145743145746,886000,21,97481000,/nfs3_ib/nfs-ip34/home/def-ilafores/analysis/MethodsComparison/Feces_RA/preproc/SRR5091587/SRR5091587_unmatched_2.fastq,SRR5091587,4d86f47d,156156000,31,DNA,1000,156156,True,0.8465232857792636,0.9571700133186579,0.9018466495489608,0.9571700133186579,False,1222,2120490,2927494
816000,0.005225543687082149,0.20451562089787345,0.004988601142447297,0.0003928274490058733,1.4762516046213094,1.0,1.0986692000550227,/net/nfs-ip34/jbod2/def-ilafores/ref_dbs/sourmash_db/RefSeq_20250528.k31.sbt.zip,GCF_020097255.1_ASM2009725v1_genomic,a9ae12c9613585a6c5f8cf95f5708c40,0.21422945655027567,779000,22,96702000,/nfs3_ib/nfs-ip34/home/def-ilafores/analysis/MethodsComparison/Feces_RA/preproc/SRR5091587/SRR5091587_unmatched_2.fastq,SRR5091587,4d86f47d,156156000,31,DNA,1000,156156,True,0.8440950202648652,0.9515146025096666,0.8978048113872659,0.9515146025096666,False,1150,2121640,2927494
2513000,0.01609288147749686,0.0017646087074053493,0.004514716053177592,0.0006958169683695338,2.8893617021276596,1.0,16.868593933541217,/net/nfs-ip34/jbod2/def-ilafores/ref_dbs/sourmash_db/RefSeq_20250528.k31.sbt.zip,plasmid.2.1.genomic,022cd8c77f424a377536f3f70686f532,0.006290016569800912,705000,23,95997000,/nfs3_ib/nfs-ip34/home/def-ilafores/analysis/MethodsComparison/Feces_RA/preproc/SRR5091587/SRR5091587_unmatched_2.fastq,SRR5091587,4d86f47d,156156000,31,DNA,1000,156156,True,0.8752849837229956,0.849158512108732,0.8622217479158638,0.8752849837229956,False,2037,2123677,2927494
626000,0.004008811701119394,0.18340477648499695,0.0038359076820615283,0.0003514951695887336,1.7178631051752922,1.0,1.6981374775850762,/net/nfs-ip34/jbod2/def-ilafores/ref_dbs/sourmash_db/RefSeq_20250528.k31.sbt.zip,GCF_000210735.1_ASM21073v1_genomic,112a151e28f067050905850dc0b386c2,0.19167176974892836,599000,24,95398000,/nfs3_ib/nfs-ip34/home/def-ilafores/analysis/MethodsComparison/Feces_RA/preproc/SRR5091587/SRR5091587_unmatched_2.fastq,SRR5091587,4d86f47d,156156000,31,DNA,1000,156156,True,0.8369083953039738,0.9481056062350841,0.8925070007695289,0.9481056062350841,False,1029,2124706,2927494
4219000,0.027017853940930862,0.09110764430577223,0.0037398498936960477,0.009677218808988166,48.51027397260274,41.0,59.64414935246988,/net/nfs-ip34/jbod2/def-ilafores/ref_dbs/sourmash_db/RefSeq_20250528.k31.sbt.zip,GCF_024758345.1_ASM2475834v1_genomic,183a75b530ce328e418f91cd67bce618,0.6581903276131045,584000,25,94814000,/nfs3_ib/nfs-ip34/home/def-ilafores/analysis/MethodsComparison/Feces_RA/preproc/SRR5091587/SRR5091587_unmatched_2.fastq,SRR5091587,4d86f47d,156156000,31,DNA,1000,156156,True,0.8900370629410447,0.9865983182579391,0.9383176905994919,0.9865983182579391,False,28330,2153036,2927494
652000,0.00417531186761956,0.12752293577981652,0.0035605420220804836,0.0008122988467269275,4.276978417266187,4.0,4.278805328908954,/net/nfs-ip34/jbod2/def-ilafores/ref_dbs/sourmash_db/RefSeq_20250528.k31.sbt.zip,GCF_042847785.1_ASM4284778v1_genomic,88019d6ddc2b537fe7ac87c23df45062,0.14954128440366973,556000,26,94258000,/nfs3_ib/nfs-ip34/home/def-ilafores/analysis/MethodsComparison/Feces_RA/preproc/SRR5091587/SRR5091587_unmatched_2.fastq,SRR5091587,4d86f47d,156156000,31,DNA,1000,156156,True,0.8380077396108268,0.9405445917717339,0.8892761656912803,0.9405445917717339,False,2378,2155414,2927494
866000,0.005545736314967084,0.07750177430801987,0.0034965034965034965,0.0007989768723693371,4.283882783882784,1.0,12.170717738571323,/net/nfs-ip34/jbod2/def-ilafores/ref_dbs/sourmash_db/RefSeq_20250528.k31.sbt.zip,GCF_018292125.1_ASM1829212v1_genomic,db815f18771b0ea0ac3270b94c8884ba,0.12292405961674947,546000,27,93712000,/nfs3_ib/nfs-ip34/home/def-ilafores/analysis/MethodsComparison/Feces_RA/preproc/SRR5091587/SRR5091587_unmatched_2.fastq,SRR5091587,4d86f47d,156156000,31,DNA,1000,156156,True,0.8457158905797677,0.9346165092343521,0.8901661999070599,0.9346165092343521,False,2339,2157753,2927494
3212000,0.02056917441532826,0.10636982065553494,0.0033043879197725353,0.005313418234162051,30.1453488372093,22.5,23.44423115588813,/net/nfs-ip34/jbod2/def-ilafores/ref_dbs/sourmash_db/RefSeq_20250528.k31.sbt.zip,GCF_006742345.1_ASM674234v1_genomic,aa13184474b5d866ab5daea20b7e99ed,0.6621315192743764,516000,28,93196000,/nfs3_ib/nfs-ip34/home/def-ilafores/analysis/MethodsComparison/Feces_RA/preproc/SRR5091587/SRR5091587_unmatched_2.fastq,SRR5091587,4d86f47d,156156000,31,DNA,1000,156156,True,0.882241820662061,0.9867883383516106,0.9345150795068358,0.9867883383516106,False,15555,2173308,2927494
499000,0.003195522426291657,0.12997847147470398,0.0030930607853684776,0.0002063198079996065,1.2505175983436854,1.0,1.513696865293992,/net/nfs-ip34/jbod2/def-ilafores/ref_dbs/sourmash_db/RefSeq_20250528.k31.sbt.zip,GCF_015074785.1_ASM1507478v1_genomic,988b2ef58a54374a65546dbc194ca3be,0.13428417653390742,483000,29,92713000,/nfs3_ib/nfs-ip34/home/def-ilafores/analysis/MethodsComparison/Feces_RA/preproc/SRR5091587/SRR5091587_unmatched_2.fastq,SRR5091587,4d86f47d,156156000,31,DNA,1000,156156,True,0.8308093024814183,0.9372852207077871,0.8840472615946027,0.9372852207077871,False,604,2173912,2927494
473000,0.0030290222597914905,0.09210526315789473,0.00273444504213735,0.00018104221562879378,1.2412177985948478,1.0,0.5563231726884071,/net/nfs-ip34/jbod2/def-ilafores/ref_dbs/sourmash_db/RefSeq_20250528.k31.sbt.zip,GCF_005347505.1_ASM534750v1_genomic,036f384b4fbf08c2073b30601273183c,0.10202761000862813,427000,30,92286000,/nfs3_ib/nfs-ip34/home/def-ilafores/analysis/MethodsComparison/Feces_RA/preproc/SRR5091587/SRR5091587_unmatched_2.fastq,SRR5091587,4d86f47d,156156000,31,DNA,1000,156156,True,0.829376436497279,0.9290159108869869,0.879196173692133,0.9290159108869869,False,530,2174442,2927494
482000,0.003086656932810779,0.12942332896461337,0.002529521760290991,0.00019812166993339695,1.4683544303797469,1.0,1.0192506932275929,/net/nfs-ip34/jbod2/def-ilafores/ref_dbs/sourmash_db/RefSeq_20250528.k31.sbt.zip,GCF_023347255.1_ASM2334725v1_genomic,58b144de4acaed89ce9d8071641d7213,0.15792922673656618,395000,31,91891000,/nfs3_ib/nfs-ip34/home/def-ilafores/analysis/MethodsComparison/Feces_RA/preproc/SRR5091587/SRR5091587_unmatched_2.fastq,SRR5091587,4d86f47d,156156000,31,DNA,1000,156156,True,0.8298808701205072,0.9422018484112423,0.8860413592658747,0.9422018484112423,False,580,2175022,2927494
2792000,0.017879556341094803,0.10728628800917958,0.002395040856579318,0.0006609748815881434,5.17379679144385,4.0,5.824919546518403,/net/nfs-ip34/jbod2/def-ilafores/ref_dbs/sourmash_db/RefSeq_20250528.k31.sbt.zip,GCF_964272015.1_LUMC_Rgna_QRD014_genomic,287d5f72ba553ae712cf1f8ad02f97fd,0.8009179575444636,374000,32,91517000,/nfs3_ib/nfs-ip34/home/def-ilafores/analysis/MethodsComparison/Feces_RA/preproc/SRR5091587/SRR5091587_unmatched_2.fastq,SRR5091587,4d86f47d,156156000,31,DNA,1000,156156,True,0.8782626440647437,0.9928643943163105,0.9355635191905272,0.9928643943163105,False,1935,2176957,2927494
2449000,0.015683034913804145,0.06919182448903057,0.0023630215937908245,0.0016966729906192806,13.46070460704607,2.0,95.61417046695261,/net/nfs-ip34/jbod2/def-ilafores/ref_dbs/sourmash_db/RefSeq_20250528.k31.sbt.zip,GCF_029369685.1_ASM2936968v1_genomic,616b6eb65d964b64030cd25de5f05d76,0.4592162010125633,369000,33,91148000,/nfs3_ib/nfs-ip34/home/def-ilafores/analysis/MethodsComparison/Feces_RA/preproc/SRR5091587/SRR5091587_unmatched_2.fastq,SRR5091587,4d86f47d,156156000,31,DNA,1000,156156,True,0.8745568948633862,0.9752081656549205,0.9248825302591533,0.9752081656549205,False,4967,2181924,2927494
3912000,0.02505187120571736,0.07353560893383902,0.0022349445426368504,0.0007890707888726672,6.6189111747851,6.0,3.632989244251021,/net/nfs-ip34/jbod2/def-ilafores/ref_dbs/sourmash_db/RefSeq_20250528.k31.sbt.zip,GCF_019969605.1_ASM1996960v1_genomic,8b4dc9d05d46ae3f83a5751556825ff6,0.8242730720606827,349000,34,90799000,/nfs3_ib/nfs-ip34/home/def-ilafores/analysis/MethodsComparison/Feces_RA/preproc/SRR5091587/SRR5091587_unmatched_2.fastq,SRR5091587,4d86f47d,156156000,31,DNA,1000,156156,True,0.8878706152309459,0.9937854101097556,0.9408280126703508,0.9937854101097556,False,2310,2184234,2927494
712000,0.004559543021081483,0.0701010101010101,0.002222136837521453,0.0008112740794686513,6.844380403458214,1.0,22.146199870594483,/net/nfs-ip34/jbod2/def-ilafores/ref_dbs/sourmash_db/RefSeq_20250528.k31.sbt.zip,GCF_032452855.1_ASM3245285v1_genomic,d3b7db64a3ee051cbbe16b797861660f,0.14383838383838385,347000,35,90452000,/nfs3_ib/nfs-ip34/home/def-ilafores/analysis/MethodsComparison/Feces_RA/preproc/SRR5091587/SRR5091587_unmatched_2.fastq,SRR5091587,4d86f47d,156156000,31,DNA,1000,156156,True,0.840390884019112,0.9393656404950614,0.8898782622570867,0.9393656404950614,False,2375,2186609,2927494
1514000,0.00969543277235585,0.08870967741935484,0.002113271344040575,0.00019163147729764774,1.7,1.0,1.0889249633273983,/net/nfs-ip34/jbod2/def-ilafores/ref_dbs/sourmash_db/RefSeq_20250528.k31.sbt.zip,GCF_023823145.1_ASM2382314v1_genomic,5736ede8b73d56eca0cd1cbd6d1391bc,0.40698924731182795,330000,36,90122000,/nfs3_ib/nfs-ip34/home/def-ilafores/analysis/MethodsComparison/Feces_RA/preproc/SRR5091587/SRR5091587_unmatched_2.fastq,SRR5091587,4d86f47d,156156000,31,DNA,1000,156156,True,0.8610939835184624,0.9714174511357553,0.9162557173271089,0.9714174511357553,False,561,2187170,2927494
478000,0.003061041522579984,0.14088754847048685,0.0020940597863674786,0.00048027425504544157,4.299694189602446,1.0,8.390804266383244,/net/nfs-ip34/jbod2/def-ilafores/ref_dbs/sourmash_db/RefSeq_20250528.k31.sbt.zip,GCF_003860285.1_ASM386028v1_genomic,39a83b91bee1d9f942ac708195c3697e,0.2059457130547178,327000,37,89795000,/nfs3_ib/nfs-ip34/home/def-ilafores/analysis/MethodsComparison/Feces_RA/preproc/SRR5091587/SRR5091587_unmatched_2.fastq,SRR5091587,4d86f47d,156156000,31,DNA,1000,156156,True,0.8296578125564487,0.9503049515028577,0.8899813820296532,0.9503049515028577,False,1406,2188576,2927494
3239000,0.02074207843438613,0.06900504355800091,0.0019275596198673121,0.001961746121426722,19.079734219269103,6.0,57.74626841804093,/net/nfs-ip34/jbod2/def-ilafores/ref_dbs/sourmash_db/RefSeq_20250528.k31.sbt.zip,GCF_020735605.1_ASM2073560v1_genomic,bf79e48da9be9fcacdb5c95f57331d86,0.7425492893168272,301000,38,89494000,/nfs3_ib/nfs-ip34/home/def-ilafores/analysis/MethodsComparison/Feces_RA/preproc/SRR5091587/SRR5091587_unmatched_2.fastq,SRR5091587,4d86f47d,156156000,31,DNA,1000,156156,True,0.88248008214346,0.990443823326617,0.9364619527350384,0.990443823326617,False,5743,2194319,2927494
4458000,0.028548374702220856,0.04273764258555133,0.001799482568713338,0.004581734411752851,47.73309608540925,41.0,55.274693591409616,/net/nfs-ip34/jbod2/def-ilafores/ref_dbs/sourmash_db/RefSeq_20250528.k31.sbt.zip,GCF_024759125.1_ASM2475912v1_genomic,6bd244397ae27f2890a12eadb785907c,0.6780228136882129,281000,39,89213000,/nfs3_ib/nfs-ip34/home/def-ilafores/analysis/MethodsComparison/Feces_RA/preproc/SRR5091587/SRR5091587_unmatched_2.fastq,SRR5091587,4d86f47d,156156000,31,DNA,1000,156156,True,0.8916204992403107,0.9875435753644959,0.9395820373024033,0.9875435753644959,False,13413,2207732,2927494
290000,0.0018571172417326262,0.05853131749460043,0.0017354440431363509,0.000176943146595689,1.911439114391144,1.0,3.4114386154677843,/net/nfs-ip34/jbod2/def-ilafores/ref_dbs/sourmash_db/RefSeq_20250528.k31.sbt.zip,GCF_023008285.1_ASM2300828v1_genomic,3191b17cd9816a6b0abb68f0b35dbdf7,0.06263498920086392,271000,40,88942000,/nfs3_ib/nfs-ip34/home/def-ilafores/analysis/MethodsComparison/Feces_RA/preproc/SRR5091587/SRR5091587_unmatched_2.fastq,SRR5091587,4d86f47d,156156000,31,DNA,1000,156156,True,0.8163906885069255,0.914508287224394,0.8654494878656598,0.914508287224394,False,518,2208250,2927494
1735000,0.011110684187607264,0.06381909547738693,0.0016265785496554727,0.0005400523451115528,6.224409448818897,2.0,18.276551030340354,/net/nfs-ip34/jbod2/def-ilafores/ref_dbs/sourmash_db/RefSeq_20250528.k31.sbt.zip,GCF_000209995.1_ASM20999v1_genomic,300ebb94b057c743776c0c6aab2d0089,0.435929648241206,254000,41,88688000,/nfs3_ib/nfs-ip34/home/def-ilafores/analysis/MethodsComparison/Feces_RA/preproc/SRR5091587/SRR5091587_unmatched_2.fastq,SRR5091587,4d86f47d,156156000,31,DNA,1000,156156,True,0.864887022735329,0.9735724396797054,0.9192297312075173,0.9735724396797054,False,1581,2209831,2927494
3032000,0.019416480954942493,0.05371009490940466,0.0015945592868669791,0.0020058111135325984,23.582329317269075,20.0,17.57377590028842,/net/nfs-ip34/jbod2/def-ilafores/ref_dbs/sourmash_db/RefSeq_20250528.k31.sbt.zip,GCF_024760085.1_ASM2476008v1_genomic,d22a231abb372af890fb48167198d8a7,0.6540120793787748,249000,42,88439000,/nfs3_ib/nfs-ip34/home/def-ilafores/analysis/MethodsComparison/Feces_RA/preproc/SRR5091587/SRR5091587_unmatched_2.fastq,SRR5091587,4d86f47d,156156000,31,DNA,1000,156156,True,0.8806020542340477,0.9863956625031022,0.9334988583685749,0.9863956625031022,False,5872,2215703,2927494
632000,0.0040472348164655855,0.11688311688311688,0.001556136171520787,0.0009403947540114515,11.329218106995885,11.0,4.845626151931367,/net/nfs-ip34/jbod2/def-ilafores/ref_dbs/sourmash_db/RefSeq_20250528.k31.sbt.zip,GCF_013393365.1_ASM1339336v1_genomic,8d385d4c2fd4ec420452a24991b7935d,0.303992303992304,243000,43,88196000,/nfs3_ib/nfs-ip34/home/def-ilafores/analysis/MethodsComparison/Feces_RA/preproc/SRR5091587/SRR5091587_unmatched_2.fastq,SRR5091587,4d86f47d,156156000,31,DNA,1000,156156,True,0.8371659603642109,0.962316977962172,0.8997414691631914,0.962316977962172,False,2753,2218456,2927494
4923000,0.03152616614155076,0.03587443946188341,0.0015369246138476908,0.0036222106689202437,44.18333333333333,44.0,30.187051123876866,/net/nfs-ip34/jbod2/def-ilafores/ref_dbs/sourmash_db/RefSeq_20250528.k31.sbt.zip,GCF_018292045.1_ASM1829204v1_genomic,351f8438ec8d8675fbef71d53ee9a94a,0.7358744394618834,240000,44,87956000,/nfs3_ib/nfs-ip34/home/def-ilafores/analysis/MethodsComparison/Feces_RA/preproc/SRR5091587/SRR5091587_unmatched_2.fastq,SRR5091587,4d86f47d,156156000,31,DNA,1000,156156,True,0.8944787703109219,0.9901553667614573,0.9423170685361897,0.9901553667614573,False,10604,2229060,2927494
4082000,0.02614052614052614,0.035908596300326445,0.0014792899408284023,0.009959029805014117,126.21212121212122,41.0,274.3730721303005,/net/nfs-ip34/jbod2/def-ilafores/ref_dbs/sourmash_db/RefSeq_20250528.k31.sbt.zip,GCF_025916295.1_ASM2591629v1_genomic,2b995a328d689c9331c85dafdfef990d,0.6345406497745997,231000,45,87725000,/nfs3_ib/nfs-ip34/home/def-ilafores/analysis/MethodsComparison/Feces_RA/preproc/SRR5091587/SRR5091587_unmatched_2.fastq,SRR5091587,4d86f47d,156156000,31,DNA,1000,156156,True,0.8890897907903714,0.9854344122628318,0.9372621015266016,0.9854344122628318,False,29155,2258215,2927494
1783000,0.011418069110376803,0.09635974304068523,0.00144086682548221,0.0017325398446589471,22.54222222222222,23.0,12.118644751674339,/net/nfs-ip34/jbod2/def-ilafores/ref_dbs/sourmash_db/RefSeq_20250528.k31.sbt.zip,GCF_001725985.1_ASM172598v1_genomic,16490d39996b2aa706f6a599ac52484a,0.7635974304068522,225000,46,87500000,/nfs3_ib/nfs-ip34/home/def-ilafores/analysis/MethodsComparison/Feces_RA/preproc/SRR5091587/SRR5091587_unmatched_2.fastq,SRR5091587,4d86f47d,156156000,31,DNA,1000,156156,True,0.865648735458482,0.9913372701271113,0.9284930027927967,0.9913372701271113,False,5072,2263287,2927494
307000,0.0019659827352135045,0.06896551724137931,0.001421655267809114,0.0002783951051650319,3.671171171171171,1.0,8.579515593408948,/net/nfs-ip34/jbod2/def-ilafores/ref_dbs/sourmash_db/RefSeq_20250528.k31.sbt.zip,GCF_006542725.1_Aond_3.0_genomic,7fbb97287421b4f5df527beb1443bd37,0.09537123330226778,222000,47,87278000,/nfs3_ib/nfs-ip34/home/def-ilafores/analysis/MethodsComparison/Feces_RA/preproc/SRR5091587/SRR5091587_unmatched_2.fastq,SRR5091587,4d86f47d,156156000,31,DNA,1000,156156,True,0.8178922995737068,0.9269962570863637,0.8724442783300352,0.9269962570863637,False,815,2264102,2927494
3868000,0.024770101693178618,0.0005692742290630606,0.0013576167422321267,0.0005772855554955877,7.971698113207547,2.0,15.898532949508272,/net/nfs-ip34/jbod2/def-ilafores/ref_dbs/sourmash_db/RefSeq_20250528.k31.sbt.zip,plasmid.3.1.genomic,e2e03e1dce424a170899a4ee7698c481,0.010386569424603387,212000,48,87066000,/nfs3_ib/nfs-ip34/home/def-ilafores/analysis/MethodsComparison/Feces_RA/preproc/SRR5091587/SRR5091587_unmatched_2.fastq,SRR5091587,4d86f47d,156156000,31,DNA,1000,156156,True,0.8875467111162593,0.8630088114411035,0.8752777612786814,0.8875467111162593,False,1690,2265792,2927494
1521000,0.00974025974025974,0.07305773342836779,0.0013127897743282358,0.00023330534580087952,3.3317073170731706,3.0,4.123368207879493,/net/nfs-ip34/jbod2/def-ilafores/ref_dbs/sourmash_db/RefSeq_20250528.k31.sbt.zip,GCF_015097455.1_ASM1509745v1_genomic,ad2202613b9c5f4de5c0bb121ca6ed7a,0.5420527441197434,205000,49,86861000,/nfs3_ib/nfs-ip34/home/def-ilafores/analysis/MethodsComparison/Feces_RA/preproc/SRR5091587/SRR5091587_unmatched_2.fastq,SRR5091587,4d86f47d,156156000,31,DNA,1000,156156,True,0.8612221254552079,0.9804392635535104,0.9208306945043592,0.9804392635535104,False,683,2266475,2927494
3125000,0.020012039242808474,0.05409705648369133,0.0013063859217705373,0.000348420867813905,5.0,5.0,3.0405752809650486,/net/nfs-ip34/jbod2/def-ilafores/ref_dbs/sourmash_db/RefSeq_20250528.k31.sbt.zip,GCF_964272005.1_LUMC_Rgna_QRD009_genomic,a984777914b479613bf58f81661532d6,0.8286926544683108,204000,50,86657000,/nfs3_ib/nfs-ip34/home/def-ilafores/analysis/MethodsComparison/Feces_RA/preproc/SRR5091587/SRR5091587_unmatched_2.fastq,SRR5091587,4d86f47d,156156000,31,DNA,1000,156156,True,0.8814606850405502,0.9939568519417677,0.9377087684911589,0.9939568519417677,False,1020,2267495,2927494
3005000,0.01924357693588463,0.02900490852298081,0.0012487512487512488,0.0027197323034650112,40.83076923076923,44.0,21.06807225730568,/net/nfs-ip34/jbod2/def-ilafores/ref_dbs/sourmash_db/RefSeq_20250528.k31.sbt.zip,GCF_014334015.1_ASM1433401v1_genomic,32a90d9faa0865b9d4716569d60e47de,0.44697307749516585,195000,51,86462000,/nfs3_ib/nfs-ip34/home/def-ilafores/analysis/MethodsComparison/Feces_RA/preproc/SRR5091587/SRR5091587_unmatched_2.fastq,SRR5091587,4d86f47d,156156000,31,DNA,1000,156156,True,0.8803479974333497,0.9743584451565137,0.9273532212949317,0.9743584451565137,False,7962,2275457,2927494
1734000,0.011104280335049566,0.0805398345668263,0.0011847127231742617,0.000637746823733883,10.091891891891892,10.0,4.101046562431541,/net/nfs-ip34/jbod2/def-ilafores/ref_dbs/sourmash_db/RefSeq_20250528.k31.sbt.zip,GCF_014489955.1_ASM1448995v1_genomic,579fa51da431e95a9307700dadd79bea,0.7548976926425772,185000,52,86277000,/nfs3_ib/nfs-ip34/home/def-ilafores/analysis/MethodsComparison/Feces_RA/preproc/SRR5091587/SRR5091587_unmatched_2.fastq,SRR5091587,4d86f47d,156156000,31,DNA,1000,156156,True,0.8648709377986233,0.9909709110242961,0.9279209244114597,0.9909709110242961,False,1867,2277324,2927494
698000,0.004469889085273701,0.04763151007589636,0.0011655011655011655,0.0001844581064897144,2.967032967032967,2.0,6.52964591781974,/net/nfs-ip34/jbod2/def-ilafores/ref_dbs/sourmash_db/RefSeq_20250528.k31.sbt.zip,GCF_014287515.2_ASM1428751v2_genomic,ba44e405458705e9ab11b89381454753,0.18267469248887724,182000,53,86095000,/nfs3_ib/nfs-ip34/home/def-ilafores/analysis/MethodsComparison/Feces_RA/preproc/SRR5091587/SRR5091587_unmatched_2.fastq,SRR5091587,4d86f47d,156156000,31,DNA,1000,156156,True,0.8398526963641694,0.9466363428740154,0.8932445196190923,0.9466363428740154,False,540,2277864,2927494
3229000,0.02067803990880914,0.031978424195723366,0.001063039524577986,0.0015696018505930328,27.680722891566266,20.0,58.84286192459904,/net/nfs-ip34/jbod2/def-ilafores/ref_dbs/sourmash_db/RefSeq_20250528.k31.sbt.zip,GCF_018289175.1_ASM1828917v1_genomic,c011021d83e072fd7dafbdfb08120209,0.6220381429397034,166000,54,85929000,/nfs3_ib/nfs-ip34/home/def-ilafores/analysis/MethodsComparison/Feces_RA/preproc/SRR5091587/SRR5091587_unmatched_2.fastq,SRR5091587,4d86f47d,156156000,31,DNA,1000,156156,True,0.8823920620370834,0.9848020319431047,0.933597046990094,0.9848020319431047,False,4595,2282459,2927494
2729000,0.017476113629959784,0.030331574981160514,0.0010310202617894925,0.0003972681071250701,7.22360248447205,2.0,39.324099284505344,/net/nfs-ip34/jbod2/def-ilafores/ref_dbs/sourmash_db/RefSeq_20250528.k31.sbt.zip,GCF_024759485.1_ASM2475948v1_genomic,9da38a9733af7807a37d2b3cea1d9a69,0.5141296156744537,161000,55,85768000,/nfs3_ib/nfs-ip34/home/def-ilafores/analysis/MethodsComparison/Feces_RA/preproc/SRR5091587/SRR5091587_unmatched_2.fastq,SRR5091587,4d86f47d,156156000,31,DNA,1000,156156,True,0.8776162840133613,0.9787679999225489,0.9281921419679551,0.9787679999225489,False,1163,2283622,2927494
380000,0.0024334639719255104,0.04106776180698152,0.0010246164092317937,0.000337831606145051,6.18125,1.0,27.87782987317162,/net/nfs-ip34/jbod2/def-ilafores/ref_dbs/sourmash_db/RefSeq_20250528.k31.sbt.zip,GCF_025147325.1_ASM2514732v1_genomic,0878062848e44bf823b15b8a5d1eba75,0.09753593429158111,160000,56,85608000,/nfs3_ib/nfs-ip34/home/def-ilafores/analysis/MethodsComparison/Feces_RA/preproc/SRR5091587/SRR5091587_unmatched_2.fastq,SRR5091587,4d86f47d,156156000,31,DNA,1000,156156,True,0.8235399560325025,0.9276676415494767,0.8756037987909896,0.9276676415494767,False,989,2284611,2927494
161000,0.0010310202617894925,0.06176239181746656,0.0010054048515586978,8.915475147002863e-05,1.6624203821656052,1.0,1.0975023185407866,/net/nfs-ip34/jbod2/def-ilafores/ref_dbs/sourmash_db/RefSeq_20250528.k31.sbt.zip,GCF_900015215.1_CRIB_assembly_V1_genomic,4f1f5b624ed155579fa4ba377193c4ab,0.06333595594020457,157000,57,85451000,/nfs3_ib/nfs-ip34/home/def-ilafores/analysis/MethodsComparison/Feces_RA/preproc/SRR5091587/SRR5091587_unmatched_2.fastq,SRR5091587,4d86f47d,156156000,31,DNA,1000,156156,True,0.801039220704222,0.9148366586908003,0.8579379396975111,0.9148366586908003,False,261,2284872,2927494
3924000,0.025128717436409743,0.025011948382985504,0.0010054048515586978,0.0019415923653472902,36.203821656050955,38.0,25.522997960376657,/net/nfs-ip34/jbod2/def-ilafores/ref_dbs/sourmash_db/RefSeq_20250528.k31.sbt.zip,GCF_006546965.1_ASM654696v1_genomic,d3b5011d40cba3b27ab151b054210724,0.6251393978014975,157000,58,85294000,/nfs3_ib/nfs-ip34/home/def-ilafores/analysis/MethodsComparison/Feces_RA/preproc/SRR5091587/SRR5091587_unmatched_2.fastq,SRR5091587,4d86f47d,156156000,31,DNA,1000,156156,True,0.8879583408814362,0.9849600337838019,0.9364591873326191,0.9849600337838019,False,5684,2290556,2927494
1465000,0.009381643997028613,0.04195993502977802,0.0009925971464433002,8.710521695347625e-05,1.6451612903225807,1.0,0.9554052373384913,/net/nfs-ip34/jbod2/def-ilafores/ref_dbs/sourmash_db/RefSeq_20250528.k31.sbt.zip,GCF_023972895.1_ASM2397289v1_genomic,14c269d69d47c8b18e66bc58953d6377,0.39658906334596644,155000,59,85139000,/nfs3_ib/nfs-ip34/home/def-ilafores/analysis/MethodsComparison/Feces_RA/preproc/SRR5091587/SRR5091587_unmatched_2.fastq,SRR5091587,4d86f47d,156156000,31,DNA,1000,156156,True,0.8601806000031306,0.9706066208619512,0.9153936104325409,0.9706066208619512,False,255,2290811,2927494
600000,0.003842311534619227,0.03259656173252958,0.0009349624734240119,0.00022134972778765729,4.438356164383562,3.0,5.959880253853278,/net/nfs-ip34/jbod2/def-ilafores/ref_dbs/sourmash_db/RefSeq_20250528.k31.sbt.zip,GCF_025148125.1_ASM2514812v1_genomic,20e22b7a195404638366fe78b372a400,0.13395847287340926,146000,60,84993000,/nfs3_ib/nfs-ip34/home/def-ilafores/analysis/MethodsComparison/Feces_RA/preproc/SRR5091587/SRR5091587_unmatched_2.fastq,SRR5091587,4d86f47d,156156000,31,DNA,1000,156156,True,0.8357639445455327,0.9372118000817187,0.8864878723136257,0.9372118000817187,False,648,2291459,2927494
377000,0.0024142524142524145,0.035758021062943915,0.0009349624734240119,0.00014346741615866676,2.8767123287671232,1.0,18.037970002025105,/net/nfs-ip34/jbod2/def-ilafores/ref_dbs/sourmash_db/RefSeq_20250528.k31.sbt.zip,GCF_032452555.1_ASM3245255v1_genomic,1ad811d7d51280706b0cbe0a9464310c,0.09233406808719079,146000,61,84847000,/nfs3_ib/nfs-ip34/home/def-ilafores/analysis/MethodsComparison/Feces_RA/preproc/SRR5091587/SRR5091587_unmatched_2.fastq,SRR5091587,4d86f47d,156156000,31,DNA,1000,156156,True,0.8233294206437352,0.9260289833736682,0.8746792020087018,0.9260289833736682,False,420,2291879,2927494
1411000,0.009035835958912882,0.06330806954971022,0.0009093470631932171,0.0001328781544898128,2.73943661971831,2.0,1.8219304785084833,/net/nfs-ip34/jbod2/def-ilafores/ref_dbs/sourmash_db/RefSeq_20250528.k31.sbt.zip,GCF_020541885.1_ASM2054188v1_genomic,23e33ee6b93d2bbac1d6e39486e33d71,0.6290682122157825,142000,62,84705000,/nfs3_ib/nfs-ip34/home/def-ilafores/analysis/MethodsComparison/Feces_RA/preproc/SRR5091587/SRR5091587_unmatched_2.fastq,SRR5091587,4d86f47d,156156000,31,DNA,1000,156156,True,0.8591391202799246,0.9851591122562684,0.9221491162680965,0.9851591122562684,False,389,2292268,2927494
3514000,0.022503137887753273,0.02712581762216237,0.0009029432106355184,0.0003187026173238955,6.617021276595745,2.0,25.112134213248943,/net/nfs-ip34/jbod2/def-ilafores/ref_dbs/sourmash_db/RefSeq_20250528.k31.sbt.zip,GCF_024759565.1_ASM2475956v1_genomic,960bb5f95152f9a5590d4499db9b2620,0.6760292420161601,141000,63,84564000,/nfs3_ib/nfs-ip34/home/def-ilafores/analysis/MethodsComparison/Feces_RA/preproc/SRR5091587/SRR5091587_unmatched_2.fastq,SRR5091587,4d86f47d,156156000,31,DNA,1000,156156,True,0.8848029277457754,0.9874497758154295,0.9361263517806024,0.9874497758154295,False,933,2293201,2927494
148000,0.0009477701785394093,0.026132056652702972,0.0008389046850585312,9.974401313888261e-05,2.2290076335877864,1.0,9.636575431039265,/net/nfs-ip34/jbod2/def-ilafores/ref_dbs/sourmash_db/RefSeq_20250528.k31.sbt.zip,GCF_040267475.1_UoG_LM19R_1.0_genomic,361dbedd535289fa0d5c0308f46e417d,0.02952323957709954,131000,64,84433000,/nfs3_ib/nfs-ip34/home/def-ilafores/analysis/MethodsComparison/Feces_RA/preproc/SRR5091587/SRR5091587_unmatched_2.fastq,SRR5091587,4d86f47d,156156000,31,DNA,1000,156156,True,0.7988666507320111,0.892586783481845,0.845726717106928,0.892586783481845,False,292,2293493,2927494
138000,0.0008837316529624222,0.06313131313131314,0.000800481569712339,5.0896773827717496e-05,1.192,1.0,0.5011347124277065,/net/nfs-ip34/jbod2/def-ilafores/ref_dbs/sourmash_db/RefSeq_20250528.k31.sbt.zip,GCF_000800475.2_ASM80047v2_genomic,12b711b1fee2169bbd221cf9bddfa495,0.0696969696969697,125000,65,84308000,/nfs3_ib/nfs-ip34/home/def-ilafores/analysis/MethodsComparison/Feces_RA/preproc/SRR5091587/SRR5091587_unmatched_2.fastq,SRR5091587,4d86f47d,156156000,31,DNA,1000,156156,True,0.7970658581763498,0.9176653197462852,0.8573655889613174,0.9176653197462852,False,149,2293642,2927494
4586000,0.02936806782960629,0.018471622225532548,0.0007940777171546403,0.0016174243226459218,38.185483870967744,38.0,16.308698913455355,/net/nfs-ip34/jbod2/def-ilafores/ref_dbs/sourmash_db/RefSeq_20250528.k31.sbt.zip,GCF_030168555.1_ASM3016855v1_genomic,761bc93d29d61ce80809686c2d5128e5,0.68315209295397,124000,66,84184000,/nfs3_ib/nfs-ip34/home/def-ilafores/analysis/MethodsComparison/Feces_RA/preproc/SRR5091587/SRR5091587_unmatched_2.fastq,SRR5091587,4d86f47d,156156000,31,DNA,1000,156156,True,0.8924350629693586,0.9877836917676646,0.9401093773685116,0.9877836917676646,False,4735,2298377,2927494
168000,0.0010758472296933835,0.04062909567496723,0.0007940777171546403,5.055518474162543e-05,1.1935483870967742,1.0,0.4521885731895544,/net/nfs-ip34/jbod2/def-ilafores/ref_dbs/sourmash_db/RefSeq_20250528.k31.sbt.zip,GCF_023375285.1_ASM2337528v1_genomic,2390af90da51758a0c8df3af04a336b7,0.05504587155963303,124000,67,84060000,/nfs3_ib/nfs-ip34/home/def-ilafores/analysis/MethodsComparison/Feces_RA/preproc/SRR5091587/SRR5091587_unmatched_2.fastq,SRR5091587,4d86f47d,156156000,31,DNA,1000,156156,True,0.802139715327527,0.9107060418875749,0.856422878607551,0.9107060418875749,False,148,2298525,2927494
489000,0.00313148390071467,0.041779891304347824,0.0007876738645969415,7.24168862515175e-05,1.7235772357723578,1.0,1.5788274593740952,/net/nfs-ip34/jbod2/def-ilafores/ref_dbs/sourmash_db/RefSeq_20250528.k31.sbt.zip,GCF_019967975.1_ASM1996797v1_genomic,2c2d74013e8cf3a4113eeeae8dce1511,0.16610054347826086,123000,68,83937000,/nfs3_ib/nfs-ip34/home/def-ilafores/analysis/MethodsComparison/Feces_RA/preproc/SRR5091587/SRR5091587_unmatched_2.fastq,SRR5091587,4d86f47d,156156000,31,DNA,1000,156156,True,0.8302669448628411,0.9437363413150552,0.8870016430889482,0.9437363413150552,False,212,2298737,2927494
1727000,0.011059453367145675,0.04987102321582115,0.0007428468966930506,0.0009352709177200705,23.603448275862068,22.0,12.536071615847982,/net/nfs-ip34/jbod2/def-ilafores/ref_dbs/sourmash_db/RefSeq_20250528.k31.sbt.zip,GCF_001051015.2_ASM105101v2_genomic,10cb2def49ad7cd4c946321ab8632111,0.7424763542562339,116000,69,83821000,/nfs3_ib/nfs-ip34/home/def-ilafores/analysis/MethodsComparison/Feces_RA/preproc/SRR5091587/SRR5091587_unmatched_2.fastq,SRR5091587,4d86f47d,156156000,31,DNA,1000,156156,True,0.8647580912439707,0.9904406849875937,0.9275993881157822,0.9904406849875937,False,2738,2301475,2927494
229000,0.001466482235713005,0.03620196887900921,0.0007300391915776531,0.00022783992042340652,5.850877192982456,2.0,13.886906906905468,/net/nfs-ip34/jbod2/def-ilafores/ref_dbs/sourmash_db/RefSeq_20250528.k31.sbt.zip,GCF_042850025.1_ASM4285002v1_genomic,26ae838edf91db815bafb3211b734604,0.07272149888853605,114000,70,83707000,/nfs3_ib/nfs-ip34/home/def-ilafores/analysis/MethodsComparison/Feces_RA/preproc/SRR5091587/SRR5091587_unmatched_2.fastq,SRR5091587,4d86f47d,156156000,31,DNA,1000,156156,True,0.8101950293496337,0.9189236857882905,0.8645593575689621,0.9189236857882905,False,667,2302142,2927494
1225000,0.007844719383180921,0.02846153846153846,0.000710827633904557,5.670378829128258e-05,1.4954954954954955,1.0,0.8686105076175823,/net/nfs-ip34/jbod2/def-ilafores/ref_dbs/sourmash_db/RefSeq_20250528.k31.sbt.zip,GCF_011383025.1_ASM1138302v1_genomic,527ebb0ddc764853fafd865b82ea74dd,0.3141025641025641,111000,71,83596000,/nfs3_ib/nfs-ip34/home/def-ilafores/analysis/MethodsComparison/Feces_RA/preproc/SRR5091587/SRR5091587_unmatched_2.fastq,SRR5091587,4d86f47d,156156000,31,DNA,1000,156156,True,0.8552304245246174,0.9633331367424373,0.9092817806335274,0.9633331367424373,False,166,2302308,2927494
1155000,0.0073964497041420114,0.02008181480104128,0.0006916160762314609,4.9188828397257174e-05,1.3333333333333333,1.0,0.6804138174397717,/net/nfs-ip34/jbod2/def-ilafores/ref_dbs/sourmash_db/RefSeq_20250528.k31.sbt.zip,GCF_013811845.1_ASM1381184v1_genomic,1acaf2d91141cbd1f321ff12cb7bfe8c,0.21476385273335813,108000,72,83488000,/nfs3_ib/nfs-ip34/home/def-ilafores/analysis/MethodsComparison/Feces_RA/preproc/SRR5091587/SRR5091587_unmatched_2.fastq,SRR5091587,4d86f47d,156156000,31,DNA,1000,156156,True,0.8536086678074534,0.9515910765902801,0.9025998721988667,0.9515910765902801,False,144,2302452,2927494
2561000,0.0164002664002664,0.020283199387677,0.0006788083711160634,0.00022169131687374937,6.122641509433962,2.0,17.75764668147042,/net/nfs-ip34/jbod2/def-ilafores/ref_dbs/sourmash_db/RefSeq_20250528.k31.sbt.zip,GCF_024759985.1_ASM2475998v1_genomic,77885c0164ce8f82af8b6a9dc7c2bc66,0.4900497512437811,106000,73,83382000,/nfs3_ib/nfs-ip34/home/def-ilafores/analysis/MethodsComparison/Feces_RA/preproc/SRR5091587/SRR5091587_unmatched_2.fastq,SRR5091587,4d86f47d,156156000,31,DNA,1000,156156,True,0.8758193684660391,0.9772546543596657,0.9265370114128524,0.9772546543596657,False,649,2303101,2927494
4454000,0.028522759291990062,0.016175797344727606,0.0006788083711160634,0.0010626836468324101,29.349056603773583,20.5,21.33340124180778,/net/nfs-ip34/jbod2/def-ilafores/ref_dbs/sourmash_db/RefSeq_20250528.k31.sbt.zip,GCF_038561945.1_B_ovatus_H2495_genomic,d732c80bcf4e6f003145adb06bb926a4,0.6796886922020449,106000,74,83276000,/nfs3_ib/nfs-ip34/home/def-ilafores/analysis/MethodsComparison/Feces_RA/preproc/SRR5091587/SRR5091587_unmatched_2.fastq,SRR5091587,4d86f47d,156156000,31,DNA,1000,156156,True,0.8915946809843913,0.9876217521493704,0.9396082165668809,0.9876217521493704,False,3111,2306212,2927494
2583000,0.01654115115653577,0.028343423225096313,0.0006595968134429673,0.00014722489610567946,4.184466019417476,3.0,5.362124584031087,/net/nfs-ip34/jbod2/def-ilafores/ref_dbs/sourmash_db/RefSeq_20250528.k31.sbt.zip,GCF_020181455.1_ASM2018145v1_genomic,b6d43479d19d1b4213aef74c6e98692d,0.7107870115575123,103000,75,83173000,/nfs3_ib/nfs-ip34/home/def-ilafores/analysis/MethodsComparison/Feces_RA/preproc/SRR5091587/SRR5091587_unmatched_2.fastq,SRR5091587,4d86f47d,156156000,31,DNA,1000,156156,True,0.8760610631698218,0.9890480765312922,0.9325545698505571,0.9890480765312922,False,431,2306643,2927494
1463000,0.009368836291913214,0.027065125458133634,0.0006147698455390763,5.397107560254607e-05,1.6458333333333333,1.0,1.0101481602000548,/net/nfs-ip34/jbod2/def-ilafores/ref_dbs/sourmash_db/RefSeq_20250528.k31.sbt.zip,GCF_025398935.1_ASM2539893v1_genomic,59d941b5607596289e12d171354d5915,0.412461234846349,96000,76,83077000,/nfs3_ib/nfs-ip34/home/def-ilafores/analysis/MethodsComparison/Feces_RA/preproc/SRR5091587/SRR5091587_unmatched_2.fastq,SRR5091587,4d86f47d,156156000,31,DNA,1000,156156,True,0.8601426940547494,0.9718360486042111,0.9159893713294802,0.9718360486042111,False,158,2306801,2927494
3328000,0.021312021312021312,0.020130006290626966,0.0006147698455390763,0.00041742186320450187,12.729166666666666,6.5,23.336969582736224,/net/nfs-ip34/jbod2/def-ilafores/ref_dbs/sourmash_db/RefSeq_20250528.k31.sbt.zip,GCF_018289315.1_ASM1828931v1_genomic,b8882c82de7b01fc8d6d7c5d0f9c6851,0.6978402180750681,96000,77,82981000,/nfs3_ib/nfs-ip34/home/def-ilafores/analysis/MethodsComparison/Feces_RA/preproc/SRR5091587/SRR5091587_unmatched_2.fastq,SRR5091587,4d86f47d,156156000,31,DNA,1000,156156,True,0.8832520739419779,0.9884617557117747,0.9358569148268763,0.9884617557117747,False,1222,2308023,2927494
776000,0.0049693895847742,0.03509420022164758,0.0006083659929813776,4.406499210587622e-05,1.3578947368421053,1.0,0.7095705072148513,/net/nfs-ip34/jbod2/def-ilafores/ref_dbs/sourmash_db/RefSeq_20250528.k31.sbt.zip,GCF_016743855.1_ASM1674385v1_genomic,e2beac2ea2f5a7ce14e5930678095089,0.2866642039157739,95000,78,82886000,/nfs3_ib/nfs-ip34/home/def-ilafores/analysis/MethodsComparison/Feces_RA/preproc/SRR5091587/SRR5091587_unmatched_2.fastq,SRR5091587,4d86f47d,156156000,31,DNA,1000,156156,True,0.842727556086408,0.9604967910228303,0.9016121735546192,0.9604967910228303,False,129,2308152,2927494
101000,0.0006467891083275698,0.043035631652012955,0.0005955582878659801,3.757479947012701e-05,1.1827956989247312,1.0,0.6212411537915824,/net/nfs-ip34/jbod2/def-ilafores/ref_dbs/sourmash_db/RefSeq_20250528.k31.sbt.zip,GCF_037966635.1_PS01779_genomic,5d987891937eef7ae88d0191b7d129d6,0.04673762147154095,93000,79,82793000,/nfs3_ib/nfs-ip34/home/def-ilafores/analysis/MethodsComparison/Feces_RA/preproc/SRR5091587/SRR5091587_unmatched_2.fastq,SRR5091587,4d86f47d,156156000,31,DNA,1000,156156,True,0.7890806203845371,0.9059120147639323,0.8474963175742347,0.9059120147639323,False,110,2308262,2927494
4108000,0.026307026307026308,0.013341239252890602,0.0005763467301928841,0.001174041688898423,38.18888888888889,38.0,16.60648765087806,/net/nfs-ip34/jbod2/def-ilafores/ref_dbs/sourmash_db/RefSeq_20250528.k31.sbt.zip,GCF_025914275.1_ASM2591427v1_genomic,00f84a19a7eccd4339a873932a896c19,0.6089534538986066,90000,80,82703000,/nfs3_ib/nfs-ip34/home/def-ilafores/analysis/MethodsComparison/Feces_RA/preproc/SRR5091587/SRR5091587_unmatched_2.fastq,SRR5091587,4d86f47d,156156000,31,DNA,1000,156156,True,0.889271907294834,0.9841268932433861,0.93669940026911,0.9841268932433861,False,3437,2311699,2927494
4835000,0.03096262711647327,0.0003059195431601489,0.0005763467301928841,0.00019846325901948903,6.455555555555556,5.0,7.3894235395539205,/net/nfs-ip34/jbod2/def-ilafores/ref_dbs/sourmash_db/RefSeq_20250528.k31.sbt.zip,plasmid.5.1.genomic,0f0c4d9f3e14a466d58e8f18d86b27e8,0.01643467767977022,90000,81,82613000,/nfs3_ib/nfs-ip34/home/def-ilafores/analysis/MethodsComparison/Feces_RA/preproc/SRR5091587/SRR5091587_unmatched_2.fastq,SRR5091587,4d86f47d,156156000,31,DNA,1000,156156,True,0.8939584801259414,0.8758785876240738,0.8849185338750076,0.8939584801259414,False,581,2312280,2927494
110000,0.0007044237813468582,0.0388986013986014,0.0005699428776351854,0.00012741272911233976,4.191011235955056,1.0,27.487638244868787,/net/nfs-ip34/jbod2/def-ilafores/ref_dbs/sourmash_db/RefSeq_20250528.k31.sbt.zip,GCF_030219305.1_ASM3021930v1_genomic,20eaac0e88db0e8bb2fa1d4d3d439c56,0.04807692307692308,89000,82,82524000,/nfs3_ib/nfs-ip34/home/def-ilafores/analysis/MethodsComparison/Feces_RA/preproc/SRR5091587/SRR5091587_unmatched_2.fastq,SRR5091587,4d86f47d,156156000,31,DNA,1000,156156,True,0.791256382362179,0.9067380233356508,0.8489972028489149,0.9067380233356508,False,373,2312653,2927494
4299000,0.027530162145546763,0.016476315296760906,0.0005635390250774866,0.0027053855618491447,90.0,69.0,86.31772703216878,/net/nfs-ip34/jbod2/def-ilafores/ref_dbs/sourmash_db/RefSeq_20250528.k31.sbt.zip,GCF_025916455.1_ASM2591645v1_genomic,27ccee7b3170a58b99749b4c684abf80,0.8049054484178992,88000,83,82436000,/nfs3_ib/nfs-ip34/home/def-ilafores/analysis/MethodsComparison/Feces_RA/preproc/SRR5091587/SRR5091587_unmatched_2.fastq,SRR5091587,4d86f47d,156156000,31,DNA,1000,156156,True,0.8905765401485584,0.9930234670839981,0.9418000036162782,0.9930234670839981,False,7920,2320573,2927494
436000,0.002792079715156638,0.023361823361823363,0.0005251159097312944,3.313414135093018e-05,1.1829268292682926,1.0,0.4970166798125569,/net/nfs-ip34/jbod2/def-ilafores/ref_dbs/sourmash_db/RefSeq_20250528.k31.sbt.zip,GCF_019249795.2_P1C_raw_genomic,daced544df689eeedcdbd81decd8f176,0.12421652421652421,82000,84,82354000,/nfs3_ib/nfs-ip34/home/def-ilafores/analysis/MethodsComparison/Feces_RA/preproc/SRR5091587/SRR5091587_unmatched_2.fastq,SRR5091587,4d86f47d,156156000,31,DNA,1000,156156,True,0.8272000930960663,0.9349319033349145,0.8810659982154905,0.9349319033349145,False,97,2320670,2927494
564000,0.0036117728425420735,0.03784295175023652,0.0005123082046158969,0.0002951329703835431,10.8,10.0,4.591840589567543,/net/nfs-ip34/jbod2/def-ilafores/ref_dbs/sourmash_db/RefSeq_20250528.k31.sbt.zip,GCF_018406505.1_ASM1840650v1_genomic,872ba7f893b2935ffad03d3bc2f1bde1,0.2667928098391675,80000,85,82274000,/nfs3_ib/nfs-ip34/home/def-ilafores/analysis/MethodsComparison/Feces_RA/preproc/SRR5091587/SRR5091587_unmatched_2.fastq,SRR5091587,4d86f47d,156156000,31,DNA,1000,156156,True,0.8340974394973378,0.958273520733778,0.896185480115558,0.958273520733778,False,864,2321534,2927494
767000,0.004911754911754912,0.024464831804281346,0.0005123082046158969,3.2792552264838116e-05,1.2,1.0,0.5567764362830021,/net/nfs-ip34/jbod2/def-ilafores/ref_dbs/sourmash_db/RefSeq_20250528.k31.sbt.zip,GCF_022845935.1_ASM2284593v1_genomic,be00e933b466fd9b012db789088bb49d,0.2345565749235474,80000,86,82194000,/nfs3_ib/nfs-ip34/home/def-ilafores/analysis/MethodsComparison/Feces_RA/preproc/SRR5091587/SRR5091587_unmatched_2.fastq,SRR5091587,4d86f47d,156156000,31,DNA,1000,156156,True,0.8424104859842647,0.9543010612992536,0.8983557736417591,0.9543010612992536,False,96,2321630,2927494
4706000,0.030136530136530136,0.011464228704106806,0.0005059043520581982,0.0009714793608458293,36.0,37.0,17.252407647057648,/net/nfs-ip34/jbod2/def-ilafores/ref_dbs/sourmash_db/RefSeq_20250528.k31.sbt.zip,GCF_020091525.1_ASM2009152v1_genomic,8f3ea558ca4f6e771ca0f137efec6697,0.6829197503990713,79000,87,82115000,/nfs3_ib/nfs-ip34/home/def-ilafores/analysis/MethodsComparison/Feces_RA/preproc/SRR5091587/SRR5091587_unmatched_2.fastq,SRR5091587,4d86f47d,156156000,31,DNA,1000,156156,True,0.8931789758241258,0.9877728529229167,0.9404759143735213,0.9877728529229167,False,2844,2324474,2927494
196000,0.0012551551013089475,0.021098187719772787,0.0004995004995004995,0.00013253656540372072,4.9743589743589745,4.0,7.945284618313506,/net/nfs-ip34/jbod2/def-ilafores/ref_dbs/sourmash_db/RefSeq_20250528.k31.sbt.zip,GCF_000210015.1_ASM21001v1_genomic,6f351faff0bbc09512221a953fad4daf,0.05301595888558291,78000,88,82037000,/nfs3_ib/nfs-ip34/home/def-ilafores/analysis/MethodsComparison/Feces_RA/preproc/SRR5091587/SRR5091587_unmatched_2.fastq,SRR5091587,4d86f47d,156156000,31,DNA,1000,156156,True,0.8061383709647068,0.9096028794229921,0.8578706251938495,0.9096028794229921,False,388,2324862,2927494
2745000,0.017578575270882964,0.014962593516209476,0.0004995004995004995,7.378324259588577e-05,2.769230769230769,2.0,3.3585828701200016,/net/nfs-ip34/jbod2/def-ilafores/ref_dbs/sourmash_db/RefSeq_20250528.k31.sbt.zip,GCF_900683725.1_Parabacteroides_distasonis_82G9_genomic,d0938f013a524bbc54ab1b9624844fb8,0.5265681948973719,78000,89,81959000,/nfs3_ib/nfs-ip34/home/def-ilafores/analysis/MethodsComparison/Feces_RA/preproc/SRR5091587/SRR5091587_unmatched_2.fastq,SRR5091587,4d86f47d,156156000,31,DNA,1000,156156,True,0.8777817963425373,0.9795230614519919,0.9286524288972646,0.9795230614519919,False,216,2325078,2927494
471000,0.003016214554676093,0.026172671651937457,0.0004930966469428008,4.884723931116511e-05,1.8571428571428572,1.0,1.5601721992396058,/net/nfs-ip34/jbod2/def-ilafores/ref_dbs/sourmash_db/RefSeq_20250528.k31.sbt.zip,GCF_036815185.2_ASM3681518v1_genomic,c6ed66af62435c7dcd0b26067f44e3e0,0.1600951733514616,77000,90,81882000,/nfs3_ib/nfs-ip34/home/def-ilafores/analysis/MethodsComparison/Feces_RA/preproc/SRR5091587/SRR5091587_unmatched_2.fastq,SRR5091587,4d86f47d,156156000,31,DNA,1000,156156,True,0.8292630793352409,0.942615945038568,0.8859395121869045,0.942615945038568,False,143,2325221,2927494
2869000,0.018372652988037603,0.01619348054679285,0.0004930966469428008,0.0003337325371119463,12.688311688311689,13.0,11.094938286946986,/net/nfs-ip34/jbod2/def-ilafores/ref_dbs/sourmash_db/RefSeq_20250528.k31.sbt.zip,GCF_018292165.1_ASM1829216v1_genomic,2391c2d4efd3d75a2653a2fd1570dca9,0.6033648790746583,77000,91,81805000,/nfs3_ib/nfs-ip34/home/def-ilafores/analysis/MethodsComparison/Feces_RA/preproc/SRR5091587/SRR5091587_unmatched_2.fastq,SRR5091587,4d86f47d,156156000,31,DNA,1000,156156,True,0.8790337386416093,0.9838342474436627,0.931433993042636,0.9838342474436627,False,977,2326198,2927494
125000,0.000800481569712339,0.011762860727728983,0.0004802889418274034,6.011967915220322e-05,2.3466666666666667,1.0,5.916064758116008,/net/nfs-ip34/jbod2/def-ilafores/ref_dbs/sourmash_db/RefSeq_20250528.k31.sbt.zip,GCF_016889665.1_ASM1688966v1_genomic,93f73424a62c9a7810069426678c2739,0.019604767879548308,75000,92,81730000,/nfs3_ib/nfs-ip34/home/def-ilafores/analysis/MethodsComparison/Feces_RA/preproc/SRR5091587/SRR5091587_unmatched_2.fastq,SRR5091587,4d86f47d,156156000,31,DNA,1000,156156,True,0.7945259891326938,0.8808762356188833,0.8377011123757885,0.8808762356188833,False,176,2326374,2927494
201000,0.001287174364097441,0.01835554438018607,0.00046748123671200596,0.0003822381873370193,15.32876712328767,14.0,11.277392580358365,/net/nfs-ip34/jbod2/def-ilafores/ref_dbs/sourmash_db/RefSeq_20250528.k31.sbt.zip,GCF_016888945.1_ASM1688894v1_genomic,6371c60d4254945f85db4e1518aa1225,0.050540608498868496,73000,93,81657000,/nfs3_ib/nfs-ip34/home/def-ilafores/analysis/MethodsComparison/Feces_RA/preproc/SRR5091587/SRR5091587_unmatched_2.fastq,SRR5091587,4d86f47d,156156000,31,DNA,1000,156156,True,0.8067936960917558,0.9082009472448399,0.8574973216682978,0.9082009472448399,False,1119,2327493,2927494
1743000,0.011161915008068854,0.017077798861480076,0.0004610773841543072,7.105052990714925e-05,2.888888888888889,1.0,6.846644668001734,/net/nfs-ip34/jbod2/def-ilafores/ref_dbs/sourmash_db/RefSeq_20250528.k31.sbt.zip,GCF_900537995.1_Roseburia_intestinalis_strain_L1-82_genomic,e869cf0b15c41500b90acfad5f73aa6d,0.4134250474383302,72000,94,81585000,/nfs3_ib/nfs-ip34/home/def-ilafores/analysis/MethodsComparison/Feces_RA/preproc/SRR5091587/SRR5091587_unmatched_2.fastq,SRR5091587,4d86f47d,156156000,31,DNA,1000,156156,True,0.8650153801858926,0.9719092214921735,0.9184623008390331,0.9719092214921735,False,208,2327701,2927494
255000,0.0016329824022131715,0.019050174403005098,0.00045467353159660853,0.00010623420577463182,4.380281690140845,3.0,6.1903291163344445,/net/nfs-ip34/jbod2/def-ilafores/ref_dbs/sourmash_db/RefSeq_20250528.k31.sbt.zip,GCF_033096465.1_ASM3309646v1_genomic,2c68bd9dadc6532293ac0421ad590fc2,0.06841964046149718,71000,95,81514000,/nfs3_ib/nfs-ip34/home/def-ilafores/analysis/MethodsComparison/Feces_RA/preproc/SRR5091587/SRR5091587_unmatched_2.fastq,SRR5091587,4d86f47d,156156000,31,DNA,1000,156156,True,0.813010543132555,0.9171179353857174,0.8650642392591362,0.9171179353857174,False,311,2328012,2927494
803000,0.005142293603832065,0.01897381079636558,0.00045467353159660853,5.431266468863813e-05,2.23943661971831,1.0,2.6295438941104146,/net/nfs-ip34/jbod2/def-ilafores/ref_dbs/sourmash_db/RefSeq_20250528.k31.sbt.zip,GCF_042854125.1_ASM4285412v1_genomic,c47a93bd32f231be1ec96546cc3273b3,0.2145911277391769,71000,96,81443000,/nfs3_ib/nfs-ip34/home/def-ilafores/analysis/MethodsComparison/Feces_RA/preproc/SRR5091587/SRR5091587_unmatched_2.fastq,SRR5091587,4d86f47d,156156000,31,DNA,1000,156156,True,0.8436578476103833,0.951566379162057,0.8976121133862202,0.951566379162057,False,159,2328171,2927494
3638000,0.02329721560490791,0.010065645514223195,0.0004418658264812111,0.0009584989755743309,40.666666666666664,47.0,17.64436656549576,/net/nfs-ip34/jbod2/def-ilafores/ref_dbs/sourmash_db/RefSeq_20250528.k31.sbt.zip,GCF_025147085.1_ASM2514708v1_genomic,5b057d4064659334efb7b362a7eec964,0.5307075127644055,69000,97,81374000,/nfs3_ib/nfs-ip34/home/def-ilafores/analysis/MethodsComparison/Feces_RA/preproc/SRR5091587/SRR5091587_unmatched_2.fastq,SRR5091587,4d86f47d,156156000,31,DNA,1000,156156,True,0.8857932932277658,0.9797705075216644,0.9327819003747151,0.9797705075216644,False,2806,2330977,2927494
383000,0.0024526755295986064,0.01973119816985988,0.0004418658264812111,2.937666140391748e-05,1.2463768115942029,1.0,0.5491969658404758,/net/nfs-ip34/jbod2/def-ilafores/ref_dbs/sourmash_db/RefSeq_20250528.k31.sbt.zip,GCF_003711125.1_ASM371112v1_genomic,7aac816438eb8856050a299806608e20,0.10952244781241063,69000,98,81305000,/nfs3_ib/nfs-ip34/home/def-ilafores/analysis/MethodsComparison/Feces_RA/preproc/SRR5091587/SRR5091587_unmatched_2.fastq,SRR5091587,4d86f47d,156156000,31,DNA,1000,156156,True,0.82374888902092,0.931142673315917,0.8774457811684185,0.931142673315917,False,86,2331063,2927494
1043000,0.006679218217679756,0.02883799830364716,0.00043546197392351236,0.0005543990867274194,23.86764705882353,23.5,19.554527391949193,/net/nfs-ip34/jbod2/def-ilafores/ref_dbs/sourmash_db/RefSeq_20250528.k31.sbt.zip,GCF_041447125.1_2021S6-1_genomic,5515521e7945a4dd17cf96934ca1a45b,0.44232400339270567,68000,99,81237000,/nfs3_ib/nfs-ip34/home/def-ilafores/analysis/MethodsComparison/Feces_RA/preproc/SRR5091587/SRR5091587_unmatched_2.fastq,SRR5091587,4d86f47d,156156000,31,DNA,1000,156156,True,0.850804658383549,0.9740298679929753,0.9124172631882621,0.9740298679929753,False,1623,2332686,2927494
2885000,0.018475114628960784,0.018338727076591153,0.00043546197392351236,0.00014380900524475882,6.1911764705882355,5.0,4.436669898965612,/net/nfs-ip34/jbod2/def-ilafores/ref_dbs/sourmash_db/RefSeq_20250528.k31.sbt.zip,GCF_964272285.1_LUMC_Rgna_QRD029_genomic,c661224dbde67e91bffdcd4e1d64d062,0.7780474649406688,68000,100,81169000,/nfs3_ib/nfs-ip34/home/def-ilafores/analysis/MethodsComparison/Feces_RA/preproc/SRR5091587/SRR5091587_unmatched_2.fastq,SRR5091587,4d86f47d,156156000,31,DNA,1000,156156,True,0.8791914503902685,0.99193694839976,0.9355641993950142,0.99193694839976,False,421,2333107,2927494
4254000,0.027241988780450317,0.00988783943329398,0.0004290581213658137,0.0009089685580909815,39.71641791044776,38.0,26.874948647031395,/net/nfs-ip34/jbod2/def-ilafores/ref_dbs/sourmash_db/RefSeq_20250528.k31.sbt.zip,GCF_018289275.1_ASM1828927v1_genomic,0044674628c604b7150c9a157e063dcf,0.6278040141676505,67000,101,81102000,/nfs3_ib/nfs-ip34/home/def-ilafores/analysis/MethodsComparison/Feces_RA/preproc/SRR5091587/SRR5091587_unmatched_2.fastq,SRR5091587,4d86f47d,156156000,31,DNA,1000,156156,True,0.8902742918292419,0.9850951851977265,0.9376847385134842,0.9850951851977265,False,2661,2335768,2927494
3801000,0.0243410435718128,0.014007944804515993,0.0004290581213658137,0.0001725024884764922,7.537313432835821,8.0,4.082464715768062,/net/nfs-ip34/jbod2/def-ilafores/ref_dbs/sourmash_db/RefSeq_20250528.k31.sbt.zip,GCF_021498165.1_ASM2149816v1_genomic,bb97d5704b6470b79daa311b20539ffb,0.7946895254024671,67000,102,81035000,/nfs3_ib/nfs-ip34/home/def-ilafores/analysis/MethodsComparison/Feces_RA/preproc/SRR5091587/SRR5091587_unmatched_2.fastq,SRR5091587,4d86f47d,156156000,31,DNA,1000,156156,True,0.8870465795751119,0.9926143837107717,0.9398304816429418,0.9926143837107717,False,505,2336273,2927494
3412000,0.021849944926868002,0.012883076322467305,0.00042265426880811494,0.001184630950567277,52.54545454545455,3.0,82.63816379677418,/net/nfs-ip34/jbod2/def-ilafores/ref_dbs/sourmash_db/RefSeq_20250528.k31.sbt.zip,GCF_020091465.1_ASM2009146v1_genomic,cfcaa7d93ee12c43b81dc72fd8321792,0.66601600624634,66000,103,80969000,/nfs3_ib/nfs-ip34/home/def-ilafores/analysis/MethodsComparison/Feces_RA/preproc/SRR5091587/SRR5091587_unmatched_2.fastq,SRR5091587,4d86f47d,156156000,31,DNA,1000,156156,True,0.8839625827465478,0.9869745564447897,0.9354685695956688,0.9869745564447897,False,3468,2339741,2927494
3254000,0.02083813622275161,0.013219442749644091,0.00041625041625041625,0.0004163970959462257,18.753846153846155,20.0,7.938282645569301,/net/nfs-ip34/jbod2/def-ilafores/ref_dbs/sourmash_db/RefSeq_20250528.k31.sbt.zip,GCF_018289375.1_ASM1828937v1_genomic,d63aa3877a3e796774bd21a9b9ae06b0,0.6617856416514135,65000,104,80904000,/nfs3_ib/nfs-ip34/home/def-ilafores/analysis/MethodsComparison/Feces_RA/preproc/SRR5091587/SRR5091587_unmatched_2.fastq,SRR5091587,4d86f47d,156156000,31,DNA,1000,156156,True,0.8826116204382526,0.9867717061280405,0.9346916632831466,0.9867717061280405,False,1219,2340960,2927494
100000,0.0006403852557698711,0.014336075205640423,0.0003906350060196214,2.5277592370812716e-05,1.2131147540983607,1.0,0.44775410766385776,/net/nfs-ip34/jbod2/def-ilafores/ref_dbs/sourmash_db/RefSeq_20250528.k31.sbt.zip,GCF_025309655.1_ASM2530965v1_genomic,77321164399958f2e4acc82998ec4dd6,0.023501762632197415,61000,105,80843000,/nfs3_ib/nfs-ip34/home/def-ilafores/analysis/MethodsComparison/Feces_RA/preproc/SRR5091587/SRR5091587_unmatched_2.fastq,SRR5091587,4d86f47d,156156000,31,DNA,1000,156156,True,0.7888273831820122,0.8860431099409252,0.8374352465614687,0.8860431099409252,False,74,2341034,2927494
81000,0.0005187120571735957,0.018926466025442134,0.0003906350060196214,2.322805785426033e-05,1.1147540983606556,1.0,0.40885127584721065,/net/nfs-ip34/jbod2/def-ilafores/ref_dbs/sourmash_db/RefSeq_20250528.k31.sbt.zip,GCF_023375325.1_ASM2337532v1_genomic,441f40738d53c7b85ff50059d6935792,0.025131864722308408,61000,106,80782000,/nfs3_ib/nfs-ip34/home/def-ilafores/analysis/MethodsComparison/Feces_RA/preproc/SRR5091587/SRR5091587_unmatched_2.fastq,SRR5091587,4d86f47d,156156000,31,DNA,1000,156156,True,0.7834835492222562,0.8879619282041884,0.8357227387132222,0.8879619282041884,False,68,2341102,2927494
278000,0.0017802710110402418,0.01631888710540396,0.0003906350060196214,5.1921541085993685e-05,2.4918032786885247,1.0,2.392768824986091,/net/nfs-ip34/jbod2/def-ilafores/ref_dbs/sourmash_db/RefSeq_20250528.k31.sbt.zip,GCF_042854215.1_ASM4285421v1_genomic,515b5beff96e7e6ba6bac8bee6d12422,0.0743713215623328,61000,107,80721000,/nfs3_ib/nfs-ip34/home/def-ilafores/analysis/MethodsComparison/Feces_RA/preproc/SRR5091587/SRR5091587_unmatched_2.fastq,SRR5091587,4d86f47d,156156000,31,DNA,1000,156156,True,0.8152785269071017,0.9195889113093973,0.8674337191082495,0.9195889113093973,False,152,2341254,2927494
295000,0.00188913650452112,0.02843822843822844,0.0003906350060196214,0.0002438946074697335,11.704918032786885,12.0,5.54369901453652,/net/nfs-ip34/jbod2/def-ilafores/ref_dbs/sourmash_db/RefSeq_20250528.k31.sbt.zip,GCF_028743475.1_ASM2874347v1_genomic,011d3b2bf57ad0cebabeb13bedbc6e52,0.13752913752913754,61000,108,80660000,/nfs3_ib/nfs-ip34/home/def-ilafores/analysis/MethodsComparison/Feces_RA/preproc/SRR5091587/SRR5091587_unmatched_2.fastq,SRR5091587,4d86f47d,156156000,31,DNA,1000,156156,True,0.8168409976926121,0.9380074360768512,0.8774242168847317,0.9380074360768512,False,714,2341968,2927494
111000,0.000710827633904557,0.020833333333333332,0.0003906350060196214,8.983792964221277e-05,4.311475409836065,1.0,12.818456191548233,/net/nfs-ip34/jbod2/def-ilafores/ref_dbs/sourmash_db/RefSeq_20250528.k31.sbt.zip,GCF_042846195.1_ASM4284619v1_genomic,9bab8405ddcf9b15b6bad48d1c7a73f0,0.03790983606557377,61000,109,80599000,/nfs3_ib/nfs-ip34/home/def-ilafores/analysis/MethodsComparison/Feces_RA/preproc/SRR5091587/SRR5091587_unmatched_2.fastq,SRR5091587,4d86f47d,156156000,31,DNA,1000,156156,True,0.7914874076987677,0.8998151215870333,0.8456512646429004,0.8998151215870333,False,263,2342231,2927494
210000,0.0013448090371167294,0.02108222066057625,0.0003842311534619227,4.474817027806035e-05,2.183333333333333,1.0,2.0123921641226445,/net/nfs-ip34/jbod2/def-ilafores/ref_dbs/sourmash_db/RefSeq_20250528.k31.sbt.zip,GCF_019968055.1_ASM1996805v1_genomic,68b64f4d4c3889600ebe30d1a4137e53,0.07378777231201687,60000,110,80539000,/nfs3_ib/nfs-ip34/home/def-ilafores/analysis/MethodsComparison/Feces_RA/preproc/SRR5091587/SRR5091587_unmatched_2.fastq,SRR5091587,4d86f47d,156156000,31,DNA,1000,156156,True,0.8079344915390279,0.9193552653377077,0.8636448784383678,0.9193552653377077,False,131,2342362,2927494
161000,0.0010310202617894925,0.018726591760299626,0.0003842311534619227,0.00012160571464877469,5.933333333333334,3.0,12.704155050831032,/net/nfs-ip34/jbod2/def-ilafores/ref_dbs/sourmash_db/RefSeq_20250528.k31.sbt.zip,GCF_006542745.1_6CPBBH3_genomic,fd3fc44b40474382e7e9ffb3487da7b2,0.050249687890137326,60000,111,80479000,/nfs3_ib/nfs-ip34/home/def-ilafores/analysis/MethodsComparison/Feces_RA/preproc/SRR5091587/SRR5091587_unmatched_2.fastq,SRR5091587,4d86f47d,156156000,31,DNA,1000,156156,True,0.801039220704222,0.9080318382191749,0.8545355294616984,0.9080318382191749,False,356,2342718,2927494
1485000,0.009509721048182587,0.01735106998264893,0.0003842311534619227,3.313414135093018e-05,1.6166666666666667,1.0,0.8183655798127277,/net/nfs-ip34/jbod2/def-ilafores/ref_dbs/sourmash_db/RefSeq_20250528.k31.sbt.zip,GCF_029542285.1_ASM2954228v1_genomic,487b85280eb940f1c73ca72a75cc41ad,0.429438982070561,60000,112,80419000,/nfs3_ib/nfs-ip34/home/def-ilafores/analysis/MethodsComparison/Feces_RA/preproc/SRR5091587/SRR5091587_unmatched_2.fastq,SRR5091587,4d86f47d,156156000,31,DNA,1000,156156,True,0.8605569288967494,0.9731014322401947,0.9168291805684721,0.9731014322401947,False,97,2342815,2927494
4483000,0.028708471016163323,0.009209272785011114,0.0003714234483465253,0.000729292698806556,36.810344827586206,35.5,38.9626066963024,/net/nfs-ip34/jbod2/def-ilafores/ref_dbs/sourmash_db/RefSeq_20250528.k31.sbt.zip,GCF_018289135.1_ASM1828913v1_genomic,f3a7db5030ffaeccc9f1bc5800350966,0.7118132740552556,58000,113,80361000,/nfs3_ib/nfs-ip34/home/def-ilafores/analysis/MethodsComparison/Feces_RA/preproc/SRR5091587/SRR5091587_unmatched_2.fastq,SRR5091587,4d86f47d,156156000,31,DNA,1000,156156,True,0.8917813572033827,0.9890941097617975,0.9404377334825901,0.9890941097617975,False,2135,2344950,2927494
1242000,0.0079535848766618,0.024275979557069848,0.00036501959578882654,0.00014654171793349535,7.526315789473684,2.0,14.03267523125548,/net/nfs-ip34/jbod2/def-ilafores/ref_dbs/sourmash_db/RefSeq_20250528.k31.sbt.zip,GCF_021484885.1_ASM2148488v1_genomic,900b4b516a4394bde113876bc484f3c5,0.5289608177172062,57000,114,80304000,/nfs3_ib/nfs-ip34/home/def-ilafores/analysis/MethodsComparison/Feces_RA/preproc/SRR5091587/SRR5091587_unmatched_2.fastq,SRR5091587,4d86f47d,156156000,31,DNA,1000,156156,True,0.8556107318006725,0.9796663196661607,0.9176385257334165,0.9796663196661607,False,429,2345379,2927494
999000,0.0063974487051410124,0.008319714752637052,0.00035861574323112785,0.0006500440308331972,33.982142857142854,41.5,22.72937925070654,/net/nfs-ip34/jbod2/def-ilafores/ref_dbs/sourmash_db/RefSeq_20250528.k31.sbt.zip,GCF_024759405.1_ASM2475940v1_genomic,76639c7a21c2df8f82379585387251d2,0.14841776853365027,56000,115,80248000,/nfs3_ib/nfs-ip34/home/def-ilafores/analysis/MethodsComparison/Feces_RA/preproc/SRR5091587/SRR5091587_unmatched_2.fastq,SRR5091587,4d86f47d,156156000,31,DNA,1000,156156,True,0.8496225414316129,0.9403158109835121,0.8949691762075624,0.9403158109835121,False,1903,2347282,2927494
1788000,0.011450088373165296,0.01662133575098217,0.0003522118906734291,8.505568243692387e-05,4.527272727272727,4.0,2.9778243763742895,/net/nfs-ip34/jbod2/def-ilafores/ref_dbs/sourmash_db/RefSeq_20250528.k31.sbt.zip,GCF_964272025.1_LUMC_Rgna_QRD035_genomic,2d1952bbf7a773b97598dd7f10d8bbd5,0.5403445149592022,55000,116,80193000,/nfs3_ib/nfs-ip34/home/def-ilafores/analysis/MethodsComparison/Feces_RA/preproc/SRR5091587/SRR5091587_unmatched_2.fastq,SRR5091587,4d86f47d,156156000,31,DNA,1000,156156,True,0.8657269360529559,0.9803394414550396,0.9230331887539978,0.9803394414550396,False,249,2347531,2927494
4555000,0.02916954840031763,0.008471965495995071,0.0003522118906734291,0.0008321110137202672,44.29090909090909,48.0,17.96630454972735,/net/nfs-ip34/jbod2/def-ilafores/ref_dbs/sourmash_db/RefSeq_20250528.k31.sbt.zip,GCF_001314995.1_ASM131499v1_genomic,514bdd6aa640f40cc6414be0e11ec2f6,0.7016327788046827,55000,117,80138000,/nfs3_ib/nfs-ip34/home/def-ilafores/analysis/MethodsComparison/Feces_RA/preproc/SRR5091587/SRR5091587_unmatched_2.fastq,SRR5091587,4d86f47d,156156000,31,DNA,1000,156156,True,0.8922398237481028,0.9886345921161377,0.9404372079321203,0.9886345921161377,False,2436,2349967,2927494
2836000,0.018161325853633545,0.014524527267744588,0.0003394041855580317,8.539727152301593e-05,4.716981132075472,4.0,3.5521843319211195,/net/nfs-ip34/jbod2/def-ilafores/ref_dbs/sourmash_db/RefSeq_20250528.k31.sbt.zip,GCF_026278325.1_ASM2627832v1_genomic,f8de7b562b424744a49b02a34a742fbd,0.7771992326664839,53000,118,80085000,/nfs3_ib/nfs-ip34/home/def-ilafores/analysis/MethodsComparison/Feces_RA/preproc/SRR5091587/SRR5091587_unmatched_2.fastq,SRR5091587,4d86f47d,156156000,31,DNA,1000,156156,True,0.8787057521584687,0.9919020455991249,0.9353038988787967,0.9919020455991249,False,250,2350217,2927494
1696000,0.010860933937857014,0.021251002405773857,0.0003394041855580317,0.00018479969557580648,10.20754716981132,11.0,4.340934994345515,/net/nfs-ip34/jbod2/def-ilafores/ref_dbs/sourmash_db/RefSeq_20250528.k31.sbt.zip,GCF_900683765.1_Phascolarctobacterium_succinatutens_82G5_genomic,3f78203e6069e7dd0f934cece4bae86a,0.6800320769847634,53000,119,80032000,/nfs3_ib/nfs-ip34/home/def-ilafores/analysis/MethodsComparison/Feces_RA/preproc/SRR5091587/SRR5091587_unmatched_2.fastq,SRR5091587,4d86f47d,156156000,31,DNA,1000,156156,True,0.8642529617446494,0.9876378435485909,0.9259454026466201,0.9876378435485909,False,541,2350758,2927494
197000,0.0012615589538666461,0.016358024691358025,0.0003394041855580317,8.47140933508318e-05,4.679245283018868,1.0,14.127149807889532,/net/nfs-ip34/jbod2/def-ilafores/ref_dbs/sourmash_db/RefSeq_20250528.k31.sbt.zip,GCF_000209855.1_ASM20985v1_genomic,2b845165824bdb6c15dab3f5f2327265,0.06080246913580247,53000,120,79979000,/nfs3_ib/nfs-ip34/home/def-ilafores/analysis/MethodsComparison/Feces_RA/preproc/SRR5091587/SRR5091587_unmatched_2.fastq,SRR5091587,4d86f47d,156156000,31,DNA,1000,156156,True,0.8062707203505415,0.9136327358306245,0.8599517280905831,0.9136327358306245,False,248,2351006,2927494
74000,0.00047388508926970465,0.017447827574409852,0.0003265964804426343,2.288646876816827e-05,1.3137254901960784,1.0,0.7793963495824232,/net/nfs-ip34/jbod2/def-ilafores/ref_dbs/sourmash_db/RefSeq_20250528.k31.sbt.zip,GCF_025148965.1_ASM2514896v1_genomic,4fe134d0444f089dec5e462a3d358d30,0.02531645569620253,51000,121,79928000,/nfs3_ib/nfs-ip34/home/def-ilafores/analysis/MethodsComparison/Feces_RA/preproc/SRR5091587/SRR5091587_unmatched_2.fastq,SRR5091587,4d86f47d,156156000,31,DNA,1000,156156,True,0.7812025398115157,0.8881715708330911,0.8346870553223034,0.8881715708330911,False,67,2351073,2927494
2331000,0.014927380311995697,0.010087025316455696,0.0003265964804426343,0.0021035055921549283,120.74509803921569,7.0,160.88856734840348,/net/nfs-ip34/jbod2/def-ilafores/ref_dbs/sourmash_db/RefSeq_20250528.k31.sbt.zip,GCF_012273055.1_ASM1227305v1_genomic,c1884ac4d25c83812a1bdd52c3c7dc1b,0.4610363924050633,51000,122,79877000,/nfs3_ib/nfs-ip34/home/def-ilafores/analysis/MethodsComparison/Feces_RA/preproc/SRR5091587/SRR5091587_unmatched_2.fastq,SRR5091587,4d86f47d,156156000,31,DNA,1000,156156,True,0.8731648511954093,0.975332618237587,0.9242487347164982,0.975332618237587,False,6158,2357231,2927494
2483000,0.0159007659007659,0.000157997459648688,0.0003265964804426343,0.00011272439841038103,6.470588235294118,2.0,8.47684953773227,/net/nfs-ip34/jbod2/def-ilafores/ref_dbs/sourmash_db/RefSeq_20250528.k31.sbt.zip,plasmid.6.1.genomic,65dad25ba1b8fe8a2d0774a605c3027f,0.007692307692307693,51000,123,79826000,/nfs3_ib/nfs-ip34/home/def-ilafores/analysis/MethodsComparison/Feces_RA/preproc/SRR5091587/SRR5091587_unmatched_2.fastq,SRR5091587,4d86f47d,156156000,31,DNA,1000,156156,True,0.8749459540567929,0.85468932355846,0.8648176388076264,0.8749459540567929,False,330,2357561,2927494
52000,0.000333000333000333,0.028105677346824058,0.00032019262788493557,1.8104221562879376e-05,1.06,1.0,0.23748684174075835,/net/nfs-ip34/jbod2/def-ilafores/ref_dbs/sourmash_db/RefSeq_20250528.k31.sbt.zip,GCF_023277765.1_ASM2327776v1_genomic,962d832023cf8d57968f315da1256a26,0.02922990444069702,50000,124,79776000,/nfs3_ib/nfs-ip34/home/def-ilafores/analysis/MethodsComparison/Feces_RA/preproc/SRR5091587/SRR5091587_unmatched_2.fastq,SRR5091587,4d86f47d,156156000,31,DNA,1000,156156,True,0.7723618173068785,0.8922993182045543,0.8323305677557165,0.8922993182045543,False,53,2357614,2927494
