intersect_bp,f_orig_query,f_match,f_unique_to_query,f_unique_weighted,average_abund,median_abund,std_abund,filename,name,md5,f_match_orig,unique_intersect_bp,gather_result_rank,remaining_bp,query_filename,query_name,query_md5,query_bp,ksize,moltype,scaled,query_n_hashes,query_abundance,query_containment_ani,match_containment_ani,average_containment_ani,max_containment_ani,potential_false_negative,n_unique_weighted_found,sum_weighted_found,total_weighted_hashes
1484000,0.0009063309414909632,0.309812108559499,0.0009063309414909632,0.0010129856244571163,2.0047169811320753,1.0,4.973038289170987,/nfs3_ib/nfs-ip34/home/def-ilafores/ref_dbs/sourmash_db/gtdb-rs214-full.k31.zip,"GCF_005844085.1 Acetobacteraceae bacterium KEBCLARHB70R strain=KEBCLARHB70R, ASM584408v1",498150ab681f0d11140df321d485e8fa,0.309812108559499,1484000,0,25194000,/nfs3_ib/nfs-ip34/home/def-ilafores/analysis/boreal_moss/preproc/S-2-POLPIL-B/S-2-POLPIL-B_unmatched_2.fastq.gz,S-2-POLPIL-B,a2e1df45,1637371000,31,DNA,1000,1637371,True,0.7977153729331417,0.9629058361277253,0.8803106045304334,0.9629058361277253,False,2975,2975,2936863
1306000,0.0007976200873229097,0.1762721014981779,0.0007976200873229097,0.0007334356420439088,1.6493108728943338,1.0,2.3311894807019398,/nfs3_ib/nfs-ip34/home/def-ilafores/ref_dbs/sourmash_db/gtdb-rs214-full.k31.zip,"GCF_003330725.1 Acidisarcina polymorpha strain=SBC82, ASM333072v1",50eb584445706a041942988680bc0cd3,0.1762721014981779,1306000,1,23888000,/nfs3_ib/nfs-ip34/home/def-ilafores/analysis/boreal_moss/preproc/S-2-POLPIL-B/S-2-POLPIL-B_unmatched_2.fastq.gz,S-2-POLPIL-B,a2e1df45,1637371000,31,DNA,1000,1637371,True,0.794434211159047,0.9455474796518586,0.8699908454054528,0.9455474796518586,False,2154,5129,2936863
1214000,0.0007414324548315562,0.18586106425394877,0.0007402109845600051,0.0006946187139134512,1.683168316831683,1.0,1.5538562255528168,/nfs3_ib/nfs-ip34/home/def-ilafores/ref_dbs/sourmash_db/gtdb-rs214-full.k31.zip,"GCF_022829365.1 Methylobacterium sp. J-077 strain=J-077, ASM2282936v1",9427e56a12226d50b9c8d4cf56b920c1,0.18616776568011043,1212000,2,22676000,/nfs3_ib/nfs-ip34/home/def-ilafores/analysis/boreal_moss/preproc/S-2-POLPIL-B/S-2-POLPIL-B_unmatched_2.fastq.gz,S-2-POLPIL-B,a2e1df45,1637371000,31,DNA,1000,1637371,True,0.7925644118280785,0.9472149235484321,0.8698896676882553,0.9472149235484321,False,2040,7169,2936863
1190000,0.0007267748115729422,0.14615857406269206,0.0007261640764371667,0.0010974294681093397,2.710681244743482,2.0,1.9631753573639161,/nfs3_ib/nfs-ip34/home/def-ilafores/ref_dbs/sourmash_db/gtdb-rs214-full.k31.zip,"GCF_020829625.1 Nostoc sp. XA010 strain=XA010, ASM2082962v1",5fecf54fd95f6a535be00ea420845bb9,0.14628149969268592,1189000,3,21487000,/nfs3_ib/nfs-ip34/home/def-ilafores/analysis/boreal_moss/preproc/S-2-POLPIL-B/S-2-POLPIL-B_unmatched_2.fastq.gz,S-2-POLPIL-B,a2e1df45,1637371000,31,DNA,1000,1637371,True,0.7920540781637533,0.939876142896419,0.8659651105300861,0.939876142896419,False,3223,10392,2936863
1164000,0.0007108956980427771,0.1506889050036258,0.0006345538060708294,0.0005311790165220509,1.5014436958614052,1.0,0.9916629534958438,/nfs3_ib/nfs-ip34/home/def-ilafores/ref_dbs/sourmash_db/gtdb-rs214-full.k31.zip,"GCF_022829385.1 Methylobacterium sp. J-070 strain=J-070, ASM2282938v1",48fe550b161c1b6a0798cff176c79725,0.16881798404641044,1039000,4,20448000,/nfs3_ib/nfs-ip34/home/def-ilafores/analysis/boreal_moss/preproc/S-2-POLPIL-B/S-2-POLPIL-B_unmatched_2.fastq.gz,S-2-POLPIL-B,a2e1df45,1637371000,31,DNA,1000,1637371,True,0.791489852346246,0.9442304961736928,0.8678601742599694,0.9442304961736928,False,1560,11952,2936863
589000,0.00035972299497181765,0.10034071550255537,0.00035972299497181765,0.00044775667097852367,2.232597623089983,2.0,1.8247190288337265,/nfs3_ib/nfs-ip34/home/def-ilafores/ref_dbs/sourmash_db/gtdb-rs214-full.k31.zip,"GCF_010729665.1 Mycolicibacterium madagascariense strain=JCM 13574, ASM1072966v1",55d8fcdb32ddbe2b0c924561b5479a7c,0.10034071550255537,589000,5,19859000,/nfs3_ib/nfs-ip34/home/def-ilafores/analysis/boreal_moss/preproc/S-2-POLPIL-B/S-2-POLPIL-B_unmatched_2.fastq.gz,S-2-POLPIL-B,a2e1df45,1637371000,31,DNA,1000,1637371,True,0.7742874142345064,0.9285164170644601,0.8514019156494832,0.9285164170644601,False,1315,13267,2936863
588000,0.00035911225983604203,0.07582205029013539,0.00035911225983604203,0.0002822739773697309,1.4098639455782314,1.0,0.8311769267310124,/nfs3_ib/nfs-ip34/home/def-ilafores/ref_dbs/sourmash_db/gtdb-rs214-full.k31.zip,"GCF_002141475.1 Caballeronia sordidicola strain=PAMC 26510, ASM214147v1",f609ef9ea2e648f734dd79bf3c6f87f3,0.07582205029013539,588000,6,19271000,/nfs3_ib/nfs-ip34/home/def-ilafores/analysis/boreal_moss/preproc/S-2-POLPIL-B/S-2-POLPIL-B_unmatched_2.fastq.gz,S-2-POLPIL-B,a2e1df45,1637371000,31,DNA,1000,1637371,True,0.7742449735635821,0.9201621642724562,0.8472035689180192,0.9201621642724562,False,829,14096,2936863
1116000,0.0006815804115255492,0.0650489137339601,0.00031269638951709783,0.0004760181186524533,2.73046875,2.0,2.070441475935371,/nfs3_ib/nfs-ip34/home/def-ilafores/ref_dbs/sourmash_db/gtdb-rs214-full.k31.zip,"GCA_003990685.1 Nostoc commune HK-02 strain=NIES-4070, ASM399068v1",9a5a548ac1123bf2ac668afd651b92c8,0.14178630415449117,512000,7,18759000,/nfs3_ib/nfs-ip34/home/def-ilafores/analysis/boreal_moss/preproc/S-2-POLPIL-B/S-2-POLPIL-B_unmatched_2.fastq.gz,S-2-POLPIL-B,a2e1df45,1637371000,31,DNA,1000,1637371,True,0.7904153947753547,0.9389303208429647,0.8646728578091597,0.9389303208429647,False,1398,15494,2936863
477000,0.0002913206597649525,0.07139134966128191,0.0002510121408037641,0.00019612763686968033,1.4014598540145986,1.0,0.7394992783599381,/nfs3_ib/nfs-ip34/home/def-ilafores/ref_dbs/sourmash_db/gtdb-rs214-full.k31.zip,"GCF_022829485.1 Methylobacterium sp. J-059 strain=J-059, ASM2282948v1",a08b70a7f71d1f01658bbbfb28e2e7fc,0.08285565398645128,411000,8,18348000,/nfs3_ib/nfs-ip34/home/def-ilafores/analysis/boreal_moss/preproc/S-2-POLPIL-B/S-2-POLPIL-B_unmatched_2.fastq.gz,S-2-POLPIL-B,a2e1df45,1637371000,31,DNA,1000,1637371,True,0.7690373996094498,0.9227991081401653,0.8459182538748076,0.9227991081401653,False,576,16070,2936863
582000,0.00035544784902138857,0.06029242648266798,0.00022413979482963848,0.00018386965956532531,1.4713896457765667,1.0,1.1309969936630275,/nfs3_ib/nfs-ip34/home/def-ilafores/ref_dbs/sourmash_db/gtdb-rs214-full.k31.zip,"GCF_022829585.1 Methylobacterium sp. J-026 strain=J-026, ASM2282958v1",a2812e6a63e8d582bea34bde88b2b2b3,0.09561360275998028,367000,9,17981000,/nfs3_ib/nfs-ip34/home/def-ilafores/analysis/boreal_moss/preproc/S-2-POLPIL-B/S-2-POLPIL-B_unmatched_2.fastq.gz,S-2-POLPIL-B,a2e1df45,1637371000,31,DNA,1000,1637371,True,0.7739888532352184,0.9270721573526208,0.8505305052939196,0.9270721573526208,False,540,16610,2936863
344000,0.0002100928867068001,0.05096296296296296,0.0002100928867068001,0.00019817063308707285,1.691860465116279,1.0,1.0961576779590703,/nfs3_ib/nfs-ip34/home/def-ilafores/ref_dbs/sourmash_db/gtdb-rs214-full.k31.zip,"GCA_013695595.1 Ktedonobacteraceae bacterium, ASM1369559v1",c503a02e822521b2eb9d88f905419341,0.05096296296296296,344000,10,17637000,/nfs3_ib/nfs-ip34/home/def-ilafores/analysis/boreal_moss/preproc/S-2-POLPIL-B/S-2-POLPIL-B_unmatched_2.fastq.gz,S-2-POLPIL-B,a2e1df45,1637371000,31,DNA,1000,1637371,True,0.7609710027050393,0.9084447882944774,0.8347078954997583,0.9084447882944774,False,582,17192,2936863
983000,0.0006003526384673969,0.03745318352059925,0.00020154259480594197,0.00033130588658715097,2.9484848484848483,2.0,2.934705727039065,/nfs3_ib/nfs-ip34/home/def-ilafores/ref_dbs/sourmash_db/gtdb-rs214-full.k31.zip,"GCF_009372195.1 Nostoc sphaeroides CCNUC1, ASM937219v1",9959853706ad4800fcf9bf1d4b359de4,0.11156508909317898,330000,11,17307000,/nfs3_ib/nfs-ip34/home/def-ilafores/analysis/boreal_moss/preproc/S-2-POLPIL-B/S-2-POLPIL-B_unmatched_2.fastq.gz,S-2-POLPIL-B,a2e1df45,1637371000,31,DNA,1000,1637371,True,0.7871864802342007,0.9316978793503937,0.8594421797922972,0.9316978793503937,False,973,18165,2936863
328000,0.0002003211245343908,0.051497385517350655,0.00019848891912706406,0.00018012416650010573,1.6276923076923078,1.0,1.686097696987628,/nfs3_ib/nfs-ip34/home/def-ilafores/ref_dbs/sourmash_db/gtdb-rs214-full.k31.zip,"GCA_023231945.1 Comamonadaceae bacterium BS-T2-15 strain=BS-T2-15, ASM2323194v1",be84853b0c595a0b38db8da38d8600ce,0.05197274599904928,325000,12,16982000,/nfs3_ib/nfs-ip34/home/def-ilafores/analysis/boreal_moss/preproc/S-2-POLPIL-B/S-2-POLPIL-B_unmatched_2.fastq.gz,S-2-POLPIL-B,a2e1df45,1637371000,31,DNA,1000,1637371,True,0.7598027531454037,0.9090199371028815,0.8344113451241426,0.9090199371028815,False,529,18694,2936863
300000,0.0001832205407326745,0.027725517377958215,0.00017100583801716289,0.0003537788449784685,3.710714285714286,3.0,3.335720021408345,/nfs3_ib/nfs-ip34/home/def-ilafores/ref_dbs/sourmash_db/gtdb-rs214-full.k31.zip,"GCA_016903675.1 Stigonema ocellatum SAG 48.90 = DSM 106950, ASM1690367v1",ba44ced52d5322f77d2df2b9e3d1afb5,0.029705911476383802,280000,13,16702000,/nfs3_ib/nfs-ip34/home/def-ilafores/analysis/boreal_moss/preproc/S-2-POLPIL-B/S-2-POLPIL-B_unmatched_2.fastq.gz,S-2-POLPIL-B,a2e1df45,1637371000,31,DNA,1000,1637371,True,0.7576188635049174,0.8927644066350799,0.8251916350699986,0.8927644066350799,False,1039,19733,2936863
561000,0.00034262241117010133,0.027878103837471784,0.0001508515785365687,0.00029385095593495507,3.493927125506073,3.0,4.123469359343215,/nfs3_ib/nfs-ip34/home/def-ilafores/ref_dbs/sourmash_db/gtdb-rs214-full.k31.zip,"GCF_002245985.1 Nostoc sp. 'Peltigera membranacea cyanobiont' 232 strain=232, ASM224598v1",b7c91e4f6f0e2e1a8285e3866edc9796,0.06331828442437923,247000,14,16455000,/nfs3_ib/nfs-ip34/home/def-ilafores/analysis/boreal_moss/preproc/S-2-POLPIL-B/S-2-POLPIL-B_unmatched_2.fastq.gz,S-2-POLPIL-B,a2e1df45,1637371000,31,DNA,1000,1637371,True,0.7730718570059881,0.9148284236836902,0.8439501403448392,0.9148284236836902,False,863,20596,2936863
1068000,0.0006522651250083213,0.023091934084995665,0.0001300865839201989,0.00019510613876098408,2.6901408450704225,2.0,1.9829665448995442,/nfs3_ib/nfs-ip34/home/def-ilafores/ref_dbs/sourmash_db/gtdb-rs214-full.k31.zip,"GCF_002813575.1 Nostoc flagelliforme CCNUN1 strain=CCNUN1, ASM281357v1",9ef52c35343aae6d3d3deda6e72bffb0,0.11578490893321769,213000,15,16242000,/nfs3_ib/nfs-ip34/home/def-ilafores/analysis/boreal_moss/preproc/S-2-POLPIL-B/S-2-POLPIL-B_unmatched_2.fastq.gz,S-2-POLPIL-B,a2e1df45,1637371000,31,DNA,1000,1637371,True,0.7892952495755541,0.9328143628996121,0.8610548062375831,0.9328143628996121,False,573,21169,2936863
228000,0.00013924761095683263,0.03736999823726424,0.00012947584878442332,0.00013007075917398939,1.8018867924528301,1.0,1.3696150906798645,/nfs3_ib/nfs-ip34/home/def-ilafores/ref_dbs/sourmash_db/gtdb-rs214-full.k31.zip,"GCF_004137085.1 Lichenibacterium ramalinae strain=RmlP001, ASM413708v1",e5caa7fff3b6534a1d79c51129b48eb6,0.04019037546271814,212000,16,16030000,/nfs3_ib/nfs-ip34/home/def-ilafores/analysis/boreal_moss/preproc/S-2-POLPIL-B/S-2-POLPIL-B_unmatched_2.fastq.gz,S-2-POLPIL-B,a2e1df45,1637371000,31,DNA,1000,1637371,True,0.750941414787499,0.9015123476721039,0.8262268812298015,0.9015123476721039,False,382,21551,2936863
184000,0.00011237526498270704,0.02344992050874404,0.00010810011903227796,0.00011372678943484936,1.887005649717514,1.0,2.259618628131935,/nfs3_ib/nfs-ip34/home/def-ilafores/ref_dbs/sourmash_db/gtdb-rs214-full.k31.zip,"GCF_009766005.1 Bradyrhizobium sp. S69 strain=S69, ASM976600v1",6e925e11ef1a02ddd098c16a7dec1db9,0.024377318494965553,177000,17,15853000,/nfs3_ib/nfs-ip34/home/def-ilafores/analysis/boreal_moss/preproc/S-2-POLPIL-B/S-2-POLPIL-B_unmatched_2.fastq.gz,S-2-POLPIL-B,a2e1df45,1637371000,31,DNA,1000,1637371,True,0.7457654880905383,0.8870891922759745,0.8164273401832565,0.8870891922759745,False,334,21885,2936863
168000,0.00010260350281029773,0.018355018587360595,9.64961514525419e-05,8.035785121743847e-05,1.4936708860759493,1.0,1.0172364862209844,/nfs3_ib/nfs-ip34/home/def-ilafores/ref_dbs/sourmash_db/gtdb-rs214-full.k31.zip,"GCA_004334935.1 Paraburkholderia strydomiana strain=WK1.1f, ASM433493v1",bde6577d9d0a50d7607e6a414776994f,0.019516728624535316,158000,18,15695000,/nfs3_ib/nfs-ip34/home/def-ilafores/analysis/boreal_moss/preproc/S-2-POLPIL-B/S-2-POLPIL-B_unmatched_2.fastq.gz,S-2-POLPIL-B,a2e1df45,1637371000,31,DNA,1000,1637371,True,0.7435801924825954,0.8807483524758807,0.8121642724792381,0.8807483524758807,False,236,22121,2936863
503000,0.0003071997732951176,0.01956656346749226,9.64961514525419e-05,0.00013483775034790524,2.5063291139240507,2.0,2.043039543236579,/nfs3_ib/nfs-ip34/home/def-ilafores/ref_dbs/sourmash_db/gtdb-rs214-full.k31.zip,"GCA_017115065.1 Nostoc sp. JL23, ASM1711506v1",3eaa58a52f584153cd3ac11dad6481ac,0.062291021671826624,158000,19,15537000,/nfs3_ib/nfs-ip34/home/def-ilafores/analysis/boreal_moss/preproc/S-2-POLPIL-B/S-2-POLPIL-B_unmatched_2.fastq.gz,S-2-POLPIL-B,a2e1df45,1637371000,31,DNA,1000,1637371,True,0.7703551610124572,0.9143458509402718,0.8423505059763645,0.9143458509402718,False,396,22517,2936863
233000,0.00014230128663571053,0.02453369181650143,8.916732982323494e-05,7.729335689134972e-05,1.5547945205479452,1.0,0.9510687709588951,/nfs3_ib/nfs-ip34/home/def-ilafores/ref_dbs/sourmash_db/gtdb-rs214-full.k31.zip,"GCA_013289985.1 Betaproteobacteria bacterium, ASM1328998v1",59088e25aed45564f8106db293acfd83,0.03915308351537557,146000,20,15391000,/nfs3_ib/nfs-ip34/home/def-ilafores/analysis/boreal_moss/preproc/S-2-POLPIL-B/S-2-POLPIL-B_unmatched_2.fastq.gz,S-2-POLPIL-B,a2e1df45,1637371000,31,DNA,1000,1637371,True,0.7514670838637211,0.900752246412074,0.8261096651378975,0.900752246412074,False,227,22744,2936863
987000,0.0006027955790104991,0.014363955771416761,8.489218387280586e-05,0.00012360127115224647,2.6115107913669067,2.0,1.690050407348831,/nfs3_ib/nfs-ip34/home/def-ilafores/ref_dbs/sourmash_db/gtdb-rs214-full.k31.zip,"GCF_020829645.1 Nostoc sp. CHAB 5784 strain=CHAB 5784, ASM2082964v1",e00379886d283874ae9235fdd288ac04,0.10199441975818953,139000,21,15252000,/nfs3_ib/nfs-ip34/home/def-ilafores/analysis/boreal_moss/preproc/S-2-POLPIL-B/S-2-POLPIL-B_unmatched_2.fastq.gz,S-2-POLPIL-B,a2e1df45,1637371000,31,DNA,1000,1637371,True,0.7872896063680198,0.9290061604822368,0.8581478834251284,0.9290061604822368,False,363,23107,2936863
144000,8.794585955168376e-05,0.0411927451583154,8.183850819392795e-05,0.00012768726358703146,2.798507462686567,2.0,2.0471306848828887,/nfs3_ib/nfs-ip34/home/def-ilafores/ref_dbs/sourmash_db/gtdb-rs214-full.k31.zip,"GCA_903644035.1 Rhodospirillales bacterium, MAGs_Peltigera_metabat2_5",913de499e9dfbe1d6905701533c2270c,0.044266830617891176,134000,22,15118000,/nfs3_ib/nfs-ip34/home/def-ilafores/analysis/boreal_moss/preproc/S-2-POLPIL-B/S-2-POLPIL-B_unmatched_2.fastq.gz,S-2-POLPIL-B,a2e1df45,1637371000,31,DNA,1000,1637371,True,0.7398918416541793,0.9043261943159426,0.822109017985061,0.9043261943159426,False,375,23482,2936863
176000,0.00010748938389650238,0.017735698093079077,8.122777305815236e-05,0.0001518627188261761,3.3533834586466167,2.0,2.642041500251215,/nfs3_ib/nfs-ip34/home/def-ilafores/ref_dbs/sourmash_db/gtdb-rs214-full.k31.zip,"GCA_903880405.1 uncultured cyanobacterium, freshwater MAG --- A5_bin-0177",3db104c58e82c3bdd50e0ce2f3fbd788,0.023469795972796373,133000,23,14985000,/nfs3_ib/nfs-ip34/home/def-ilafores/analysis/boreal_moss/preproc/S-2-POLPIL-B/S-2-POLPIL-B_unmatched_2.fastq.gz,S-2-POLPIL-B,a2e1df45,1637371000,31,DNA,1000,1637371,True,0.7446968805424907,0.8860042075789906,0.8153505440607407,0.8860042075789906,False,446,23928,2936863
143000,8.733512441590819e-05,0.022464022464022463,7.817409737927446e-05,9.363732663048974e-05,2.1484375,1.0,3.409751282512223,/nfs3_ib/nfs-ip34/home/def-ilafores/ref_dbs/sourmash_db/gtdb-rs214-full.k31.zip,"GCA_013166815.1 Acetobacteraceae bacterium strain=PAMC 26568, ASM1316681v1",bac20c016b8aae7d6b49bb749c2b3b1e,0.025096525096525095,128000,24,14857000,/nfs3_ib/nfs-ip34/home/def-ilafores/analysis/boreal_moss/preproc/S-2-POLPIL-B/S-2-POLPIL-B_unmatched_2.fastq.gz,S-2-POLPIL-B,a2e1df45,1637371000,31,DNA,1000,1637371,True,0.7397255357804008,0.8879216225891502,0.8138235791847754,0.8879216225891502,False,275,24203,2936863
182000,0.00011115379471115588,0.01892931085477669,7.817409737927446e-05,5.4820398500032174e-05,1.2578125,1.0,0.5761685646091341,/nfs3_ib/nfs-ip34/home/def-ilafores/ref_dbs/sourmash_db/gtdb-rs214-full.k31.zip,"GCF_018449635.1 Caballeronia sp. dw_276 strain=dw_276, ASM1844963v1",34d3acb599e8f5f42b0bc5fa84181a34,0.026915113871635612,128000,25,14729000,/nfs3_ib/nfs-ip34/home/def-ilafores/analysis/boreal_moss/preproc/S-2-POLPIL-B/S-2-POLPIL-B_unmatched_2.fastq.gz,S-2-POLPIL-B,a2e1df45,1637371000,31,DNA,1000,1637371,True,0.7455026143146548,0.8899276834830738,0.8177151488988643,0.8899276834830738,False,161,24364,2936863
128000,7.817409737927446e-05,0.03149020580213241,7.756336224349887e-05,8.852983608700848e-05,2.047244094488189,1.0,1.6063764069763729,/nfs3_ib/nfs-ip34/home/def-ilafores/ref_dbs/sourmash_db/gtdb-rs214-full.k31.zip,"GCA_001898095.1 Solirubrobacterales bacterium 70-9, ASM189809v1",81deb5849e9cc502bc45efce034e0527,0.03173816017852715,127000,26,14602000,/nfs3_ib/nfs-ip34/home/def-ilafores/analysis/boreal_moss/preproc/S-2-POLPIL-B/S-2-POLPIL-B_unmatched_2.fastq.gz,S-2-POLPIL-B,a2e1df45,1637371000,31,DNA,1000,1637371,True,0.7370859912753918,0.8946721681726146,0.8158790797240032,0.8946721681726146,False,260,24624,2936863
193000,0.00011787188120468727,0.021580288870008495,7.756336224349887e-05,7.490986130439179e-05,1.7322834645669292,1.0,1.1325451714245796,/nfs3_ib/nfs-ip34/home/def-ilafores/ref_dbs/sourmash_db/gtdb-rs214-full.k31.zip,"GCF_004137685.1 Lichenibacterium minor strain=RmlP026, ASM413768v1",1cfdff9a5643f1bc741e8140111fd291,0.03279524214103653,127000,27,14475000,/nfs3_ib/nfs-ip34/home/def-ilafores/analysis/boreal_moss/preproc/S-2-POLPIL-B/S-2-POLPIL-B_unmatched_2.fastq.gz,S-2-POLPIL-B,a2e1df45,1637371000,31,DNA,1000,1637371,True,0.7469151994331646,0.8956182412810376,0.8212667203571011,0.8956182412810376,False,220,24844,2936863
127000,7.756336224349887e-05,0.01685313694944059,7.267748115729422e-05,6.197088526090594e-05,1.5294117647058822,1.0,1.0437773146369236,/nfs3_ib/nfs-ip34/home/def-ilafores/ref_dbs/sourmash_db/gtdb-rs214-full.k31.zip,"GCA_017305995.1 Pseudonocardia sp., ASM1730599v1",00ec75437efe98a5b77e2d190892dee3,0.01798612094604164,119000,28,14356000,/nfs3_ib/nfs-ip34/home/def-ilafores/analysis/boreal_moss/preproc/S-2-POLPIL-B/S-2-POLPIL-B_unmatched_2.fastq.gz,S-2-POLPIL-B,a2e1df45,1637371000,31,DNA,1000,1637371,True,0.7368995278892607,0.8784310159441302,0.8076652719166955,0.8784310159441302,False,182,25026,2936863
122000,7.450968656462097e-05,0.016107016107016106,7.206674602151865e-05,0.0001991921311957691,4.9576271186440675,1.0,12.756117886017536,/nfs3_ib/nfs-ip34/home/def-ilafores/ref_dbs/sourmash_db/gtdb-rs214-full.k31.zip,"GCF_014203275.1 Granulicella aggregans strain=M8UP14, ASM1420327v1",779f272f13d6fda4647ee89872acf2a3,0.016653016653016654,118000,29,14238000,/nfs3_ib/nfs-ip34/home/def-ilafores/analysis/boreal_moss/preproc/S-2-POLPIL-B/S-2-POLPIL-B_unmatched_2.fastq.gz,S-2-POLPIL-B,a2e1df45,1637371000,31,DNA,1000,1637371,True,0.7359453610991014,0.8762515591901208,0.8060984601446111,0.8762515591901208,False,585,25611,2936863
117000,7.145601088574306e-05,0.0189657967255633,7.145601088574306e-05,6.878087265221429e-05,1.7264957264957266,1.0,2.178464650364499,/nfs3_ib/nfs-ip34/home/def-ilafores/ref_dbs/sourmash_db/gtdb-rs214-full.k31.zip,"GCA_021777685.1 Planctomycetes bacterium, ASM2177768v1",5b4fa689add089a2741137ccd2c4dc0e,0.0189657967255633,117000,30,14121000,/nfs3_ib/nfs-ip34/home/def-ilafores/analysis/boreal_moss/preproc/S-2-POLPIL-B/S-2-POLPIL-B_unmatched_2.fastq.gz,S-2-POLPIL-B,a2e1df45,1637371000,31,DNA,1000,1637371,True,0.7349525737082185,0.8799351782490601,0.8074438759786393,0.8799351782490601,False,202,25813,2936863
292000,0.00017833465964646987,0.01761973410219446,6.7180864935314e-05,5.0053407326116335e-05,1.3363636363636364,1.0,0.8557534981446332,/nfs3_ib/nfs-ip34/home/def-ilafores/ref_dbs/sourmash_db/gtdb-rs214-full.k31.zip,"GCF_017833295.1 Methylobacterium sp. PvR107 strain=PvR107, ASM1783329v1",cb0d042fdea39dca90cae1955eb975f5,0.046772385071279836,110000,31,14011000,/nfs3_ib/nfs-ip34/home/def-ilafores/analysis/boreal_moss/preproc/S-2-POLPIL-B/S-2-POLPIL-B_unmatched_2.fastq.gz,S-2-POLPIL-B,a2e1df45,1637371000,31,DNA,1000,1637371,True,0.7569585890665571,0.90593374308666,0.8314461660766086,0.90593374308666,False,147,25960,2936863
524000,0.0003200252111464048,0.012483957531209894,6.534865952798725e-05,0.00011134329384789143,3.05607476635514,3.0,2.036268236470478,/nfs3_ib/nfs-ip34/home/def-ilafores/ref_dbs/sourmash_db/gtdb-rs214-full.k31.zip,"GCF_002949735.1 Nostoc sp. 'Peltigera membranacea cyanobiont' N6 strain=N6, ASM294973v1",e3866cbcc31178d8ca9d239cfbc00924,0.061136390152840975,107000,32,13904000,/nfs3_ib/nfs-ip34/home/def-ilafores/analysis/boreal_moss/preproc/S-2-POLPIL-B/S-2-POLPIL-B_unmatched_2.fastq.gz,S-2-POLPIL-B,a2e1df45,1637371000,31,DNA,1000,1637371,True,0.77137224127249,0.9137941646352131,0.8425832029538516,0.9137941646352131,False,327,26287,2936863
129000,7.878483251505004e-05,0.012081672103419113,6.107351357755817e-05,5.4820398500032174e-05,1.61,1.0,1.4959612294441318,/nfs3_ib/nfs-ip34/home/def-ilafores/ref_dbs/sourmash_db/gtdb-rs214-full.k31.zip,"GCF_000938255.1 Bradyrhizobium sp. LTSP849 strain=LTSP849, ASM93825v1",9a676205b1f3f83f66596c178dc1f51e,0.015585357013410656,100000,33,13804000,/nfs3_ib/nfs-ip34/home/def-ilafores/analysis/boreal_moss/preproc/S-2-POLPIL-B/S-2-POLPIL-B_unmatched_2.fastq.gz,S-2-POLPIL-B,a2e1df45,1637371000,31,DNA,1000,1637371,True,0.737271050202783,0.8743806547399113,0.8058258524713472,0.8743806547399113,False,161,26448,2936863
459000,0.000280327427320992,0.01027576806123519,5.985204330600701e-05,9.908531654353642e-05,2.9693877551020407,2.0,1.997212760030752,/nfs3_ib/nfs-ip34/home/def-ilafores/ref_dbs/sourmash_db/gtdb-rs214-full.k31.zip,"GCF_013393905.1 Nostoc sp. C052 strain=C052, ASM1339390v1",08989ab2de6e1410a384bc5ca3a70e6d,0.0481283422459893,98000,34,13706000,/nfs3_ib/nfs-ip34/home/def-ilafores/analysis/boreal_moss/preproc/S-2-POLPIL-B/S-2-POLPIL-B_unmatched_2.fastq.gz,S-2-POLPIL-B,a2e1df45,1637371000,31,DNA,1000,1637371,True,0.7680837330680084,0.9067692901670159,0.8374265116175121,0.9067692901670159,False,291,26739,2936863
98000,5.985204330600701e-05,0.038660821044240734,5.924130817023142e-05,4.835091047828925e-05,1.4639175257731958,1.0,0.9954728003771802,/nfs3_ib/nfs-ip34/home/def-ilafores/ref_dbs/sourmash_db/gtdb-rs214-full.k31.zip,"GCA_903642255.1 Sphingomonadaceae bacterium, MAGs_Cladonia_concoct_37_sub",4604fb8d2da2f7d2b008e873372c368a,0.039059386209645275,97000,35,13609000,/nfs3_ib/nfs-ip34/home/def-ilafores/analysis/boreal_moss/preproc/S-2-POLPIL-B/S-2-POLPIL-B_unmatched_2.fastq.gz,S-2-POLPIL-B,a2e1df45,1637371000,31,DNA,1000,1637371,True,0.7307633218971832,0.9006826305535333,0.8157229762253582,0.9006826305535333,False,142,26881,2936863
119000,7.267748115729422e-05,0.02231285988483685,5.67983676271291e-05,6.503537958699469e-05,2.053763440860215,1.0,1.6807934083861054,/nfs3_ib/nfs-ip34/home/def-ilafores/ref_dbs/sourmash_db/gtdb-rs214-full.k31.zip,"GCA_018268575.1 Actinobacteria bacterium, ASM1826857v1",482ff8ae204add888b4be3fb4aacc0d8,0.028550863723608447,93000,36,13516000,/nfs3_ib/nfs-ip34/home/def-ilafores/analysis/boreal_moss/preproc/S-2-POLPIL-B/S-2-POLPIL-B_unmatched_2.fastq.gz,S-2-POLPIL-B,a2e1df45,1637371000,31,DNA,1000,1637371,True,0.7353545262131932,0.8916230067768502,0.8134887664950217,0.8916230067768502,False,191,27072,2936863
102000,6.229498384910933e-05,0.02054176072234763,5.557689735557794e-05,5.311790165220509e-05,1.7142857142857142,1.0,1.303298556416969,/nfs3_ib/nfs-ip34/home/def-ilafores/ref_dbs/sourmash_db/gtdb-rs214-full.k31.zip,"GCA_903868005.1 uncultured Sphingomonadaceae bacterium, freshwater MAG --- MJ130820A_bin-032",01dac2ee883e3f6298838620310d240f,0.023024830699774266,91000,37,13425000,/nfs3_ib/nfs-ip34/home/def-ilafores/analysis/boreal_moss/preproc/S-2-POLPIL-B/S-2-POLPIL-B_unmatched_2.fastq.gz,S-2-POLPIL-B,a2e1df45,1637371000,31,DNA,1000,1637371,True,0.731706976825302,0.8854573092111884,0.8085821430182452,0.8854573092111884,False,156,27228,2936863
129000,7.878483251505004e-05,0.00900536274410604,5.435542708402677e-05,4.2902920565242575e-05,1.4157303370786516,1.0,0.6838258002113681,/nfs3_ib/nfs-ip34/home/def-ilafores/ref_dbs/sourmash_db/gtdb-rs214-full.k31.zip,"GCF_004339745.1 Paraburkholderia sp. BL9I2N2 strain=BL9I2N2, ASM433974v1",bef359c603bb6b7ee78e4f62df038481,0.013052716786400891,89000,38,13336000,/nfs3_ib/nfs-ip34/home/def-ilafores/analysis/boreal_moss/preproc/S-2-POLPIL-B/S-2-POLPIL-B_unmatched_2.fastq.gz,S-2-POLPIL-B,a2e1df45,1637371000,31,DNA,1000,1637371,True,0.737271050202783,0.869393038916966,0.8033320445598745,0.869393038916966,False,126,27354,2936863
132000,8.061703792237679e-05,0.01169272603670972,5.2523221676700025e-05,4.7669911739158415e-05,1.627906976744186,1.0,1.1106933894194932,/nfs3_ib/nfs-ip34/home/def-ilafores/ref_dbs/sourmash_db/gtdb-rs214-full.k31.zip,"GCF_900103365.1 Afipia sp. GAS231 strain=GAS231, IMG-taxon 2690315678 annotated assembly",ecd7c2392d9743e5927e109f2796c172,0.01794697484704283,86000,39,13250000,/nfs3_ib/nfs-ip34/home/def-ilafores/analysis/boreal_moss/preproc/S-2-POLPIL-B/S-2-POLPIL-B_unmatched_2.fastq.gz,S-2-POLPIL-B,a2e1df45,1637371000,31,DNA,1000,1637371,True,0.7378180112561262,0.8783692776354186,0.8080936444457725,0.8783692776354186,False,140,27494,2936863
92000,5.618763249135352e-05,0.018058211174845976,5.1912486540924445e-05,7.89958537391768e-05,2.7294117647058824,1.0,3.826804027611545,/nfs3_ib/nfs-ip34/home/def-ilafores/ref_dbs/sourmash_db/gtdb-rs214-full.k31.zip,"GCF_000265425.1 Terriglobus roseus DSM 18391 strain=DSM 18391, ASM26542v1",2262f3152c65a1d4773932991cd9cef4,0.01954535797748035,85000,40,13165000,/nfs3_ib/nfs-ip34/home/def-ilafores/analysis/boreal_moss/preproc/S-2-POLPIL-B/S-2-POLPIL-B_unmatched_2.fastq.gz,S-2-POLPIL-B,a2e1df45,1637371000,31,DNA,1000,1637371,True,0.7292755215983361,0.8807899997499611,0.8050327606741485,0.8807899997499611,False,232,27726,2936863
98000,5.985204330600701e-05,0.01519644180874722,5.00802811335977e-05,7.048336950004137e-05,2.524390243902439,2.0,2.5909109884650077,/nfs3_ib/nfs-ip34/home/def-ilafores/ref_dbs/sourmash_db/gtdb-rs214-full.k31.zip,"GCF_000178975.2 Granulicella tundricola MP5ACTX9 strain=MP5ACTX9, ASM17897v2",41236b242bd79dbd3400694dddecfe2a,0.01816160118606375,82000,41,13083000,/nfs3_ib/nfs-ip34/home/def-ilafores/analysis/boreal_moss/preproc/S-2-POLPIL-B/S-2-POLPIL-B_unmatched_2.fastq.gz,S-2-POLPIL-B,a2e1df45,1637371000,31,DNA,1000,1637371,True,0.7307633218971832,0.8787061818812788,0.8047347518892309,0.8787061818812788,False,207,27933,2936863
461000,0.00028154889759254316,0.00992462311557789,4.824807572627095e-05,8.921083482613932e-05,3.3164556962025316,2.0,2.762975390323056,/nfs3_ib/nfs-ip34/home/def-ilafores/ref_dbs/sourmash_db/gtdb-rs214-full.k31.zip,"GCA_017115085.1 Nostoc sp. NMS7, ASM1711508v1",678a163446b4fcff04b3b72d55c7e111,0.057914572864321605,79000,42,13004000,/nfs3_ib/nfs-ip34/home/def-ilafores/analysis/boreal_moss/preproc/S-2-POLPIL-B/S-2-POLPIL-B_unmatched_2.fastq.gz,S-2-POLPIL-B,a2e1df45,1637371000,31,DNA,1000,1637371,True,0.7681914664212391,0.9121997122156249,0.8401955893184321,0.9121997122156249,False,262,28195,2936863
94000,5.7409102762904684e-05,0.017919478706074004,4.7026605454719794e-05,4.2902920565242575e-05,1.6363636363636365,1.0,1.1499191491521379,/nfs3_ib/nfs-ip34/home/def-ilafores/ref_dbs/sourmash_db/gtdb-rs214-full.k31.zip,"GCA_901457705.2 Beijerinckiaceae bacterium RH AL1, RHAL1_v2",68d38d139272b52f79455dbcc287ec27,0.021875727251570862,77000,43,12927000,/nfs3_ib/nfs-ip34/home/def-ilafores/analysis/boreal_moss/preproc/S-2-POLPIL-B/S-2-POLPIL-B_unmatched_2.fastq.gz,S-2-POLPIL-B,a2e1df45,1637371000,31,DNA,1000,1637371,True,0.7297816309740429,0.883996210362126,0.8068889206680845,0.883996210362126,False,126,28321,2936863
99000,6.046277844178259e-05,0.014336917562724014,4.641587031894421e-05,4.903190921742008e-05,1.894736842105263,1.0,1.4741540604379917,/nfs3_ib/nfs-ip34/home/def-ilafores/ref_dbs/sourmash_db/gtdb-rs214-full.k31.zip,"GCA_021414305.1 Burkholderiales bacterium, ASM2141430v1",3041d7823b70d5c7ccd652f67ec30244,0.01867572156196944,76000,44,12851000,/nfs3_ib/nfs-ip34/home/def-ilafores/analysis/boreal_moss/preproc/S-2-POLPIL-B/S-2-POLPIL-B_unmatched_2.fastq.gz,S-2-POLPIL-B,a2e1df45,1637371000,31,DNA,1000,1637371,True,0.7310026830478773,0.8794977941057517,0.8052502385768145,0.8794977941057517,False,144,28465,2936863
524000,0.0003200252111464048,0.00911410864017499,4.580513518316863e-05,3.94979268695884e-05,1.5466666666666666,1.0,1.03657555869743,/nfs3_ib/nfs-ip34/home/def-ilafores/ref_dbs/sourmash_db/gtdb-rs214-full.k31.zip,"GCF_002141485.1 Caballeronia sordidicola strain=PAMC 26577, ASM214148v1",7b030be8a5648a02fcfa0c44112f3c1c,0.06367723903268926,75000,45,12776000,/nfs3_ib/nfs-ip34/home/def-ilafores/analysis/boreal_moss/preproc/S-2-POLPIL-B/S-2-POLPIL-B_unmatched_2.fastq.gz,S-2-POLPIL-B,a2e1df45,1637371000,31,DNA,1000,1637371,True,0.77137224127249,0.9149952635478295,0.8431837524101597,0.9149952635478295,False,116,28581,2936863
189000,0.00011542894066158494,0.01379824724967369,4.519440004739305e-05,4.2902920565242575e-05,1.7027027027027026,1.0,1.0491918347990092,/nfs3_ib/nfs-ip34/home/def-ilafores/ref_dbs/sourmash_db/gtdb-rs214-full.k31.zip,"GCA_903845345.1 uncultured beta proteobacterium, freshwater MAG --- B4coas_bin-1415",815f55bc523bcea3cf4bc4313e5fe83e,0.03524146932686929,74000,46,12702000,/nfs3_ib/nfs-ip34/home/def-ilafores/analysis/boreal_moss/preproc/S-2-POLPIL-B/S-2-POLPIL-B_unmatched_2.fastq.gz,S-2-POLPIL-B,a2e1df45,1637371000,31,DNA,1000,1637371,True,0.7464107642061553,0.8976990682713128,0.8220549162387341,0.8976990682713128,False,126,28707,2936863
91000,5.557689735557794e-05,0.012003244120032442,4.519440004739305e-05,5.686339471742468e-05,2.2567567567567566,1.0,2.0992972492795596,/nfs3_ib/nfs-ip34/home/def-ilafores/ref_dbs/sourmash_db/gtdb-rs214-full.k31.zip,"GCF_004115155.1 Granulicella sibirica strain=AF10, ASM411515v1",5310541b33a45666b0e46adb82678626,0.014760746147607461,74000,47,12628000,/nfs3_ib/nfs-ip34/home/def-ilafores/analysis/boreal_moss/preproc/S-2-POLPIL-B/S-2-POLPIL-B_unmatched_2.fastq.gz,S-2-POLPIL-B,a2e1df45,1637371000,31,DNA,1000,1637371,True,0.7290184603463964,0.8728487168120568,0.8009335885792266,0.8728487168120568,False,167,28874,2936863
157000,9.588541631676633e-05,0.012575366063738156,4.458366491161747e-05,5.0393906695681755e-05,2.0273972602739727,2.0,2.0202576991441954,/nfs3_ib/nfs-ip34/home/def-ilafores/ref_dbs/sourmash_db/gtdb-rs214-full.k31.zip,"GCF_021730615.1 Lichenibacterium sp. 6Y81 strain=6Y81, ASM2173061v1",173b1e87a8bf9cb02e8337a61eed4cff,0.027045650301464254,73000,48,12555000,/nfs3_ib/nfs-ip34/home/def-ilafores/analysis/boreal_moss/preproc/S-2-POLPIL-B/S-2-POLPIL-B_unmatched_2.fastq.gz,S-2-POLPIL-B,a2e1df45,1637371000,31,DNA,1000,1637371,True,0.741957646193539,0.8900665864095925,0.8160121163015657,0.8900665864095925,False,148,29022,2936863
121000,7.389895142884539e-05,0.01076072335973696,4.397292977584188e-05,4.460541741306966e-05,1.8194444444444444,1.0,1.493749838576364,/nfs3_ib/nfs-ip34/home/def-ilafores/ref_dbs/sourmash_db/gtdb-rs214-full.k31.zip,"GCF_008329535.1 Mycolicibacterium sp. P1-18 strain=P1-18, ASM832953v1",1c89c82c2cb8830817fba564c0c70506,0.018083993424002392,72000,49,12483000,/nfs3_ib/nfs-ip34/home/def-ilafores/analysis/boreal_moss/preproc/S-2-POLPIL-B/S-2-POLPIL-B_unmatched_2.fastq.gz,S-2-POLPIL-B,a2e1df45,1637371000,31,DNA,1000,1637371,True,0.7357499935624142,0.8785848059480093,0.8071673997552118,0.8785848059480093,False,131,29153,2936863
114000,6.962380547841631e-05,0.016790597265531303,4.275145950429072e-05,4.358391930437341e-05,1.8285714285714285,1.0,1.2067835475395927,/nfs3_ib/nfs-ip34/home/def-ilafores/ref_dbs/sourmash_db/gtdb-rs214-full.k31.zip,"GCA_018268675.1 Actinobacteria bacterium, ASM1826867v1",1c77aa8c2fdccd11b8c708c7cd47f933,0.027344686975293835,70000,50,12413000,/nfs3_ib/nfs-ip34/home/def-ilafores/analysis/boreal_moss/preproc/S-2-POLPIL-B/S-2-POLPIL-B_unmatched_2.fastq.gz,S-2-POLPIL-B,a2e1df45,1637371000,31,DNA,1000,1637371,True,0.7343370009802065,0.8903823593447248,0.8123596801624656,0.8903823593447248,False,128,29281,2936863
79000,4.824807572627095e-05,0.012293642430628733,4.275145950429072e-05,3.7795430021761316e-05,1.5857142857142856,1.0,0.9927286658909539,/nfs3_ib/nfs-ip34/home/def-ilafores/ref_dbs/sourmash_db/gtdb-rs214-full.k31.zip,"GCF_001673405.1 Mycobacterium sp. 1245111.1 strain=1245111.1, ASM167340v1",8f605cce8e2cdead4f35714bdd9eb91c,0.013874253600280998,70000,51,12343000,/nfs3_ib/nfs-ip34/home/def-ilafores/analysis/boreal_moss/preproc/S-2-POLPIL-B/S-2-POLPIL-B_unmatched_2.fastq.gz,S-2-POLPIL-B,a2e1df45,1637371000,31,DNA,1000,1637371,True,0.7257004949122132,0.871106548097503,0.7984035215048582,0.871106548097503,False,111,29392,2936863
89000,5.435542708402677e-05,0.011016682404784388,4.275145950429072e-05,7.627185878265346e-05,3.2,2.0,4.749736834815168,/nfs3_ib/nfs-ip34/home/def-ilafores/ref_dbs/sourmash_db/gtdb-rs214-full.k31.zip,"GCF_009765685.1 Acidisphaera sp. L21 strain=L21, ASM976568v1",1bca1b40f211f3db7a56f85f6420d321,0.014006924771797293,70000,52,12273000,/nfs3_ib/nfs-ip34/home/def-ilafores/analysis/boreal_moss/preproc/S-2-POLPIL-B/S-2-POLPIL-B_unmatched_2.fastq.gz,S-2-POLPIL-B,a2e1df45,1637371000,31,DNA,1000,1637371,True,0.7284960322407946,0.8713740180268571,0.7999350251338259,0.8713740180268571,False,224,29616,2936863
945000,0.0005771447033079247,0.0076285240464344945,4.2140724368515135e-05,9.942581591310184e-05,4.231884057971015,3.0,11.736410491838393,/nfs3_ib/nfs-ip34/home/def-ilafores/ref_dbs/sourmash_db/gtdb-rs214-full.k31.zip,"GCA_020829485.1 Nostoc sp. CHAB 5834 strain=CHAB 5834, ASM2082948v1",ff180d7fdd96b283f7e1fb19ae990cb2,0.1044776119402985,69000,53,12204000,/nfs3_ib/nfs-ip34/home/def-ilafores/analysis/boreal_moss/preproc/S-2-POLPIL-B/S-2-POLPIL-B_unmatched_2.fastq.gz,S-2-POLPIL-B,a2e1df45,1637371000,31,DNA,1000,1637371,True,0.7861860135898145,0.9297273102124881,0.8579566619011514,0.9297273102124881,False,292,29908,2936863
389000,0.00023757596781670128,0.010826301544340073,4.1529989232739555e-05,4.085992434785007e-05,1.7647058823529411,1.0,1.1646464631307842,/nfs3_ib/nfs-ip34/home/def-ilafores/ref_dbs/sourmash_db/gtdb-rs214-full.k31.zip,"GCF_022829515.1 Methylobacterium sp. J-048 strain=J-048, ASM2282951v1",b4d57b1e436e8a0f634fdfaa11c2f2b0,0.06193281324629836,68000,54,12136000,/nfs3_ib/nfs-ip34/home/def-ilafores/analysis/boreal_moss/preproc/S-2-POLPIL-B/S-2-POLPIL-B_unmatched_2.fastq.gz,S-2-POLPIL-B,a2e1df45,1637371000,31,DNA,1000,1637371,True,0.763994801444754,0.9141757641945896,0.8390852828196718,0.9141757641945896,False,120,30028,2936863
70000,4.275145950429072e-05,0.015477015477015478,4.0919254096963975e-05,6.469488021742927e-05,2.8358208955223883,2.0,3.1175814148742527,/nfs3_ib/nfs-ip34/home/def-ilafores/ref_dbs/sourmash_db/gtdb-rs214-full.k31.zip,"GCA_903642295.1 PVC group bacterium, MAGs_Lobaria_metabat2_46",bae17b38c789fd596dbd3951560d59ad,0.01617001617001617,67000,55,12069000,/nfs3_ib/nfs-ip34/home/def-ilafores/analysis/boreal_moss/preproc/S-2-POLPIL-B/S-2-POLPIL-B_unmatched_2.fastq.gz,S-2-POLPIL-B,a2e1df45,1637371000,31,DNA,1000,1637371,True,0.7228745479678275,0.8754200038412641,0.7991472759045457,0.8754200038412641,False,190,30218,2936863
74000,4.519440004739305e-05,0.020683171419617674,4.0308518961188395e-05,5.2777402282639674e-05,2.3484848484848486,1.0,3.535501439907586,/nfs3_ib/nfs-ip34/home/def-ilafores/ref_dbs/sourmash_db/gtdb-rs214-full.k31.zip,"GCF_903642205.1 Caulobacter sp. S45, MAGs_Cladonia_metabat2_11",f14c0ab6373e19dd08993beefe8c807f,0.023190222500783453,66000,56,12003000,/nfs3_ib/nfs-ip34/home/def-ilafores/analysis/boreal_moss/preproc/S-2-POLPIL-B/S-2-POLPIL-B_unmatched_2.fastq.gz,S-2-POLPIL-B,a2e1df45,1637371000,31,DNA,1000,1637371,True,0.7241715175313985,0.8856617739583693,0.804916645744884,0.8856617739583693,False,155,30373,2936863
75000,4.580513518316863e-05,0.00825082508250825,3.969778382541281e-05,3.643343254349964e-05,1.646153846153846,1.0,1.3636012188406363,/nfs3_ib/nfs-ip34/home/def-ilafores/ref_dbs/sourmash_db/gtdb-rs214-full.k31.zip,"GCF_009863045.1 Streptomyces sp. SID4948 strain=SID4948, ASM986304v1",619dd30f937f8da11ebd420dd08ff9ba,0.00952018278750952,65000,57,11938000,/nfs3_ib/nfs-ip34/home/def-ilafores/analysis/boreal_moss/preproc/S-2-POLPIL-B/S-2-POLPIL-B_unmatched_2.fastq.gz,S-2-POLPIL-B,a2e1df45,1637371000,31,DNA,1000,1637371,True,0.724485152170558,0.8605874515971645,0.7925363018838613,0.8605874515971645,False,107,30480,2936863
83000,5.069101626937328e-05,0.01507770818835537,3.969778382541281e-05,4.324341993480799e-05,1.9538461538461538,1.0,1.8181204938555404,/nfs3_ib/nfs-ip34/home/def-ilafores/ref_dbs/sourmash_db/gtdb-rs214-full.k31.zip,"GCF_013410065.1 Granulicella arctica strain=X4EP2, ASM1341006v1",014d93bdb9b2133524526e72bc63494a,0.01925307353282301,65000,58,11873000,/nfs3_ib/nfs-ip34/home/def-ilafores/analysis/boreal_moss/preproc/S-2-POLPIL-B/S-2-POLPIL-B_unmatched_2.fastq.gz,S-2-POLPIL-B,a2e1df45,1637371000,31,DNA,1000,1637371,True,0.7268576858097008,0.880362008500326,0.8036098471550134,0.880362008500326,False,127,30607,2936863
80000,4.885881086204654e-05,0.008910212474297465,3.969778382541281e-05,2.8942446413060467e-05,1.3076923076923077,1.0,0.49374789341172964,/nfs3_ib/nfs-ip34/home/def-ilafores/ref_dbs/sourmash_db/gtdb-rs214-full.k31.zip,"GCF_023631465.1 Caballeronia sp. GAWG1-1 strain=GAWG1-1, ASM2363146v1",9965ebb92445963742141293217d1c97,0.010966415352981495,65000,59,11808000,/nfs3_ib/nfs-ip34/home/def-ilafores/analysis/boreal_moss/preproc/S-2-POLPIL-B/S-2-POLPIL-B_unmatched_2.fastq.gz,S-2-POLPIL-B,a2e1df45,1637371000,31,DNA,1000,1637371,True,0.7259950200971073,0.8645224595371304,0.7952587398171188,0.8645224595371304,False,85,30692,2936863
611000,0.00037315916795888044,0.006130855445923939,3.908704868963723e-05,5.652289534785926e-05,2.59375,2.0,1.7474870350019769,/nfs3_ib/nfs-ip34/home/def-ilafores/ref_dbs/sourmash_db/gtdb-rs214-full.k31.zip,"GCF_014698065.1 Nostoc flagelliforme FACHB-838 strain=FACHB-838, ASM1469806v1",c8d363c44b389d73d55882b756f8e6c2,0.058530510585305104,64000,60,11744000,/nfs3_ib/nfs-ip34/home/def-ilafores/analysis/boreal_moss/preproc/S-2-POLPIL-B/S-2-POLPIL-B_unmatched_2.fastq.gz,S-2-POLPIL-B,a2e1df45,1637371000,31,DNA,1000,1637371,True,0.7752038826359878,0.9125110644843811,0.8438574735601845,0.9125110644843811,False,166,30858,2936863
88000,5.374469194825119e-05,0.012396694214876033,3.847631355386165e-05,5.107490543481259e-05,2.380952380952381,2.0,1.8032472598820464,/nfs3_ib/nfs-ip34/home/def-ilafores/ref_dbs/sourmash_db/gtdb-rs214-full.k31.zip,"GCA_001899585.1 Rhodospirillales bacterium 70-18, ASM189958v1",8863accb82347c1b5a2501cd176d779b,0.017316017316017316,63000,61,11681000,/nfs3_ib/nfs-ip34/home/def-ilafores/analysis/boreal_moss/preproc/S-2-POLPIL-B/S-2-POLPIL-B_unmatched_2.fastq.gz,S-2-POLPIL-B,a2e1df45,1637371000,31,DNA,1000,1637371,True,0.7282305425272588,0.8773557815227082,0.8027931620249835,0.8773557815227082,False,150,31008,2936863
66000,4.0308518961188395e-05,0.016733067729083666,3.847631355386165e-05,3.813592939132673e-05,1.7777777777777777,1.0,1.2142597777082713,/nfs3_ib/nfs-ip34/home/def-ilafores/ref_dbs/sourmash_db/gtdb-rs214-full.k31.zip,"GCF_004364555.1 Amnibacterium kyonggiense strain=DSM 24782, ASM436455v1",fa68361336ebceabe6d5d119e60253f8,0.01752988047808765,63000,62,11618000,/nfs3_ib/nfs-ip34/home/def-ilafores/analysis/boreal_moss/preproc/S-2-POLPIL-B/S-2-POLPIL-B_unmatched_2.fastq.gz,S-2-POLPIL-B,a2e1df45,1637371000,31,DNA,1000,1637371,True,0.7215037751091731,0.8777032535181408,0.799603514313657,0.8777032535181408,False,112,31120,2936863
86000,5.2523221676700025e-05,0.011703511053315995,3.847631355386165e-05,4.93724085869855e-05,2.3015873015873014,2.0,1.831253544424074,/nfs3_ib/nfs-ip34/home/def-ilafores/ref_dbs/sourmash_db/gtdb-rs214-full.k31.zip,"GCF_900188085.1 Granulicella rosea strain=DSM 18704, IMG-taxon 2681813547 annotated assembly",5bf6cf0aac1de2bb6e004cce08811162,0.01597622143785993,63000,63,11555000,/nfs3_ib/nfs-ip34/home/def-ilafores/analysis/boreal_moss/preproc/S-2-POLPIL-B/S-2-POLPIL-B_unmatched_2.fastq.gz,S-2-POLPIL-B,a2e1df45,1637371000,31,DNA,1000,1637371,True,0.7276906888796916,0.8750795820194904,0.801385135449591,0.8750795820194904,False,145,31265,2936863
1011000,0.0006174532222691131,0.00735116895637503,3.725484328231048e-05,5.5501397239163014e-05,2.6721311475409837,2.0,1.7151333311017138,/nfs3_ib/nfs-ip34/home/def-ilafores/ref_dbs/sourmash_db/gtdb-rs214-full.k31.zip,"GCF_020829495.1 Nostoc sp. CHAB 5714 strain=CHAB 5714, ASM2082949v1",bcc1b6b62ebf14cd1a6b56ac21047358,0.12183658712942878,61000,64,11494000,/nfs3_ib/nfs-ip34/home/def-ilafores/analysis/boreal_moss/preproc/S-2-POLPIL-B/S-2-POLPIL-B_unmatched_2.fastq.gz,S-2-POLPIL-B,a2e1df45,1637371000,31,DNA,1000,1637371,True,0.7878999968713614,0.9343486423349093,0.8611243196031353,0.9343486423349093,False,163,31428,2936863
122000,7.450968656462097e-05,0.005507113354749885,3.66441081465349e-05,2.723994956523338e-05,1.3333333333333333,1.0,0.74535599249993,/nfs3_ib/nfs-ip34/home/def-ilafores/ref_dbs/sourmash_db/gtdb-rs214-full.k31.zip,"GCA_900129675.1 Bradyrhizobium erythrophlei strain=GAS478, IMG-taxon 2698537050 annotated assembly",f21589bbf92e41ad9ff470a004b321ae,0.0111977971546581,60000,65,11434000,/nfs3_ib/nfs-ip34/home/def-ilafores/analysis/boreal_moss/preproc/S-2-POLPIL-B/S-2-POLPIL-B_unmatched_2.fastq.gz,S-2-POLPIL-B,a2e1df45,1637371000,31,DNA,1000,1637371,True,0.7359453610991014,0.8651049428892365,0.800525151994169,0.8651049428892365,False,80,31508,2936863
76000,4.641587031894421e-05,0.007430340557275541,3.66441081465349e-05,3.7454930652195896e-05,1.8333333333333333,1.0,1.253882858253602,/nfs3_ib/nfs-ip34/home/def-ilafores/ref_dbs/sourmash_db/gtdb-rs214-full.k31.zip,"GCF_009765975.1 Acidisphaera sp. S103 strain=S103, ASM976597v1",c320a5be108246efc6acd6f1adbbef58,0.009411764705882352,60000,66,11374000,/nfs3_ib/nfs-ip34/home/def-ilafores/analysis/boreal_moss/preproc/S-2-POLPIL-B/S-2-POLPIL-B_unmatched_2.fastq.gz,S-2-POLPIL-B,a2e1df45,1637371000,31,DNA,1000,1637371,True,0.7247947657325716,0.8602695488660282,0.7925321572992999,0.8602695488660282,False,110,31618,2936863
85000,5.1912486540924445e-05,0.012676949080921191,3.66441081465349e-05,3.5071435065237976e-05,1.7166666666666666,1.0,1.2395115525435367,/nfs3_ib/nfs-ip34/home/def-ilafores/ref_dbs/sourmash_db/gtdb-rs214-full.k31.zip,"GCF_009914315.1 Granulicella sp. WH15 strain=WH15, ASM991431v1",369f54c03b90c9c66484dae03735f491,0.017959011197971688,60000,67,11314000,/nfs3_ib/nfs-ip34/home/def-ilafores/analysis/boreal_moss/preproc/S-2-POLPIL-B/S-2-POLPIL-B_unmatched_2.fastq.gz,S-2-POLPIL-B,a2e1df45,1637371000,31,DNA,1000,1637371,True,0.72741618907804,0.8783882743341479,0.8029022317060939,0.8783882743341479,False,103,31721,2936863
77000,4.7026605454719794e-05,0.006209872644984738,3.603337301075932e-05,8.410334428265806e-05,4.186440677966102,4.0,5.0404283389114095,/nfs3_ib/nfs-ip34/home/def-ilafores/ref_dbs/sourmash_db/gtdb-rs214-full.k31.zip,"GCF_014698965.1 Iningainema sp. BLCCT55 strain=BLCCT55, ASM1469896v1",51004a8203d6ff223e6daf0939b5bac6,0.008104410062098727,59000,68,11255000,/nfs3_ib/nfs-ip34/home/def-ilafores/analysis/boreal_moss/preproc/S-2-POLPIL-B/S-2-POLPIL-B_unmatched_2.fastq.gz,S-2-POLPIL-B,a2e1df45,1637371000,31,DNA,1000,1637371,True,0.7251004616744415,0.8561293782905917,0.7906149199825165,0.8561293782905917,False,247,31968,2936863
139000,8.489218387280586e-05,0.013057181449797388,3.542263787498374e-05,2.9963944521756717e-05,1.5172413793103448,1.0,1.0379253064339593,/nfs3_ib/nfs-ip34/home/def-ilafores/ref_dbs/sourmash_db/gtdb-rs214-full.k31.zip,"GCA_014378125.1 Caulobacter sp., ASM1437812v1",1dd563b1931126949ebd3489e3bce8ec,0.03129221071589374,58000,69,11197000,/nfs3_ib/nfs-ip34/home/def-ilafores/analysis/boreal_moss/preproc/S-2-POLPIL-B/S-2-POLPIL-B_unmatched_2.fastq.gz,S-2-POLPIL-B,a2e1df45,1637371000,31,DNA,1000,1637371,True,0.739048860657892,0.8942638712176942,0.8166563659377931,0.8942638712176942,False,88,32056,2936863
77000,4.7026605454719794e-05,0.010157618213660246,3.542263787498374e-05,3.064494326088755e-05,1.5517241379310345,1.0,1.002968246361999,/nfs3_ib/nfs-ip34/home/def-ilafores/ref_dbs/sourmash_db/gtdb-rs214-full.k31.zip,"GCF_009765775.1 Beijerinckia sp. L45 strain=L45, ASM976577v1",ae5f3bc63133505265197fb93036857f,0.013485113835376532,58000,70,11139000,/nfs3_ib/nfs-ip34/home/def-ilafores/analysis/boreal_moss/preproc/S-2-POLPIL-B/S-2-POLPIL-B_unmatched_2.fastq.gz,S-2-POLPIL-B,a2e1df45,1637371000,31,DNA,1000,1637371,True,0.7251004616744415,0.8703075069030151,0.7977039842887284,0.8703075069030151,False,90,32146,2936863
79000,4.824807572627095e-05,0.011057225994180407,3.481190273920816e-05,3.3028438847845477e-05,1.7017543859649122,1.0,1.1841780372411372,/nfs3_ib/nfs-ip34/home/def-ilafores/ref_dbs/sourmash_db/gtdb-rs214-full.k31.zip,"GCF_006439055.1 Sphingomonas glacialis strain=E6.1, ASM643905v1",961c72ca2263d3d1f344c1dceea21b73,0.015324927255092144,57000,71,11082000,/nfs3_ib/nfs-ip34/home/def-ilafores/analysis/boreal_moss/preproc/S-2-POLPIL-B/S-2-POLPIL-B_unmatched_2.fastq.gz,S-2-POLPIL-B,a2e1df45,1637371000,31,DNA,1000,1637371,True,0.7257004949122132,0.8739054850878807,0.799802990000047,0.8739054850878807,False,97,32243,2936863
90000,5.496616221980235e-05,0.011959714645404951,3.481190273920816e-05,3.4730935695672556e-05,1.7894736842105263,1.0,1.071756094687808,/nfs3_ib/nfs-ip34/home/def-ilafores/ref_dbs/sourmash_db/gtdb-rs214-full.k31.zip,"GCF_900105625.1 Terriglobus roseus strain=AB35.6, IMG-taxon 2690315679 annotated assembly",d8a3da85e5a73198886f0d7b16de2887,0.01888375996642887,57000,72,11025000,/nfs3_ib/nfs-ip34/home/def-ilafores/analysis/boreal_moss/preproc/S-2-POLPIL-B/S-2-POLPIL-B_unmatched_2.fastq.gz,S-2-POLPIL-B,a2e1df45,1637371000,31,DNA,1000,1637371,True,0.7287586506995728,0.8798121408913793,0.8042853957954761,0.8798121408913793,False,102,32345,2936863
79000,4.824807572627095e-05,0.01082209986709702,3.481190273920816e-05,3.575243380436881e-05,1.8421052631578947,1.0,1.4604670447906956,/nfs3_ib/nfs-ip34/home/def-ilafores/ref_dbs/sourmash_db/gtdb-rs214-full.k31.zip,"GCF_900114625.1 Granulicella pectinivorans strain=DSM 21001, IMG-taxon 2687453730 annotated assembly",aa5b8986f641b2e265f2f3b247e745af,0.014999050692994115,57000,73,10968000,/nfs3_ib/nfs-ip34/home/def-ilafores/analysis/boreal_moss/preproc/S-2-POLPIL-B/S-2-POLPIL-B_unmatched_2.fastq.gz,S-2-POLPIL-B,a2e1df45,1637371000,31,DNA,1000,1637371,True,0.7257004949122132,0.8732997734890976,0.7995001342006554,0.8732997734890976,False,105,32450,2936863
73000,4.458366491161747e-05,0.012728896828941492,3.481190273920816e-05,4.698891300002758e-05,2.4210526315789473,2.0,2.1353118710632417,/nfs3_ib/nfs-ip34/home/def-ilafores/ref_dbs/sourmash_db/gtdb-rs214-full.k31.zip,"GCF_900129455.1 Jatrophihabitans endophyticus strain=DSM 45627, IMG-taxon 2695420949 annotated assembly",f2bb8eeb8c61bf231393bc3ccdbcc63d,0.016301920500223315,57000,74,10911000,/nfs3_ib/nfs-ip34/home/def-ilafores/analysis/boreal_moss/preproc/S-2-POLPIL-B/S-2-POLPIL-B_unmatched_2.fastq.gz,S-2-POLPIL-B,a2e1df45,1637371000,31,DNA,1000,1637371,True,0.7238537541814203,0.8756494574688126,0.7997516058251164,0.8756494574688126,False,138,32588,2936863
68000,4.1529989232739555e-05,0.012909174734900875,3.420116760343258e-05,3.336893821741089e-05,1.75,1.0,1.379052469736273,/nfs3_ib/nfs-ip34/home/def-ilafores/ref_dbs/sourmash_db/gtdb-rs214-full.k31.zip,"GCA_018241625.1 Proteobacteria bacterium, ASM1824162v1",2b4f3fdd4d435f231021d1f84a9d4464,0.015675426463808206,56000,75,10855000,/nfs3_ib/nfs-ip34/home/def-ilafores/analysis/boreal_moss/preproc/S-2-POLPIL-B/S-2-POLPIL-B_unmatched_2.fastq.gz,S-2-POLPIL-B,a2e1df45,1637371000,31,DNA,1000,1637371,True,0.7221989170436446,0.874543205147833,0.7983710610957389,0.874543205147833,False,98,32686,2936863
441000,0.00026933419487703154,0.010267693436010267,3.420116760343258e-05,2.213245902175212e-05,1.1607142857142858,1.0,0.413036910936442,/nfs3_ib/nfs-ip34/home/def-ilafores/ref_dbs/sourmash_db/gtdb-rs214-full.k31.zip,"GCF_008040095.1 Methylobacterium sp. WL6 strain=WL6, ASM804009v1",bc19574ca8763e851335d8e67caffdd8,0.08085808580858085,56000,76,10799000,/nfs3_ib/nfs-ip34/home/def-ilafores/analysis/boreal_moss/preproc/S-2-POLPIL-B/S-2-POLPIL-B_unmatched_2.fastq.gz,S-2-POLPIL-B,a2e1df45,1637371000,31,DNA,1000,1637371,True,0.7670931644075014,0.9220729310093002,0.8445830477084009,0.9220729310093002,False,65,32751,2936863
62000,3.786557841808606e-05,0.00577319587628866,3.420116760343258e-05,3.439043632610714e-05,1.8035714285714286,1.0,1.3419022060538706,/nfs3_ib/nfs-ip34/home/def-ilafores/ref_dbs/sourmash_db/gtdb-rs214-full.k31.zip,"GCF_013128195.2 Frigoriglobus tundricola strain=PL17, ASM1312819v2",c19db1c473448265f7e80a8f79a9820f,0.006391752577319588,56000,77,10743000,/nfs3_ib/nfs-ip34/home/def-ilafores/analysis/boreal_moss/preproc/S-2-POLPIL-B/S-2-POLPIL-B_unmatched_2.fastq.gz,S-2-POLPIL-B,a2e1df45,1637371000,31,DNA,1000,1637371,True,0.720050122951656,0.8495981282478074,0.7848241255997317,0.8495981282478074,False,101,32852,2936863
56000,3.420116760343258e-05,0.018487394957983194,3.3590432467657e-05,4.0519424978284656e-05,2.1636363636363636,1.0,2.1889278102938174,/nfs3_ib/nfs-ip34/home/def-ilafores/ref_dbs/sourmash_db/gtdb-rs214-full.k31.zip,"GCA_903970275.1 Betaproteobacteria bacterium, BOG_genome_mining.10",eb56aa778cff54f3c1885d4f0df0ba1e,0.018823529411764704,55000,78,10688000,/nfs3_ib/nfs-ip34/home/def-ilafores/analysis/boreal_moss/preproc/S-2-POLPIL-B/S-2-POLPIL-B_unmatched_2.fastq.gz,S-2-POLPIL-B,a2e1df45,1637371000,31,DNA,1000,1637371,True,0.7176898501014398,0.8797214783699447,0.7987056642356922,0.8797214783699447,False,119,32971,2936863
78000,4.763734059049537e-05,0.006628314157078539,3.236896219610583e-05,3.370943758697631e-05,1.8679245283018868,1.0,1.566605943746949,/nfs3_ib/nfs-ip34/home/def-ilafores/ref_dbs/sourmash_db/gtdb-rs214-full.k31.zip,"GCF_000745965.1 Edaphobacter aggregans DSM 19364 strain=DSM 19364, ASM74596v1",b03b670e1f2c44ddeeb0cffff183eb14,0.00975487743871936,53000,79,10635000,/nfs3_ib/nfs-ip34/home/def-ilafores/analysis/boreal_moss/preproc/S-2-POLPIL-B/S-2-POLPIL-B_unmatched_2.fastq.gz,S-2-POLPIL-B,a2e1df45,1637371000,31,DNA,1000,1637371,True,0.7254023394903903,0.8612637880936456,0.793333063792018,0.8612637880936456,False,99,33070,2936863
68000,4.1529989232739555e-05,0.005722924090271029,3.236896219610583e-05,3.609293317393423e-05,2.0,1.0,1.4666094900233038,/nfs3_ib/nfs-ip34/home/def-ilafores/ref_dbs/sourmash_db/gtdb-rs214-full.k31.zip,"GCF_007827045.1 Actinobacteria bacterium 15TR583 strain=15Tr583, ASM782704v1",85e9cfa96493ccb50c493b5db96d97c2,0.007342619587517547,53000,80,10582000,/nfs3_ib/nfs-ip34/home/def-ilafores/analysis/boreal_moss/preproc/S-2-POLPIL-B/S-2-POLPIL-B_unmatched_2.fastq.gz,S-2-POLPIL-B,a2e1df45,1637371000,31,DNA,1000,1637371,True,0.7221989170436446,0.853407558048923,0.7878032375462838,0.853407558048923,False,106,33176,2936863
101000,6.168424871333376e-05,0.010122639672960872,3.175822706033025e-05,3.098544263045297e-05,1.75,1.0,0.9379806460197845,/nfs3_ib/nfs-ip34/home/def-ilafores/ref_dbs/sourmash_db/gtdb-rs214-full.k31.zip,"GCA_018268695.1 Actinobacteria bacterium, ASM1826869v1",71704584fac628bce838ddbbb8c96133,0.019661280903250925,52000,81,10530000,/nfs3_ib/nfs-ip34/home/def-ilafores/analysis/boreal_moss/preproc/S-2-POLPIL-B/S-2-POLPIL-B_unmatched_2.fastq.gz,S-2-POLPIL-B,a2e1df45,1637371000,31,DNA,1000,1637371,True,0.7314744655801543,0.8809580321716863,0.8062162488759204,0.8809580321716863,False,91,33267,2936863
122000,7.450968656462097e-05,0.006031782855817191,3.175822706033025e-05,2.6899450195667964e-05,1.5192307692307692,1.0,0.8658118603454177,/nfs3_ib/nfs-ip34/home/def-ilafores/ref_dbs/sourmash_db/gtdb-rs214-full.k31.zip,"GCF_013373795.3 Bradyrhizobium quebecense ecotype=symbiovar septentrionalis, /strain=66S1MB, ASM1337379v3",715fdb78957902ae88c6ca6fe31729f1,0.014151490546340332,52000,82,10478000,/nfs3_ib/nfs-ip34/home/def-ilafores/analysis/boreal_moss/preproc/S-2-POLPIL-B/S-2-POLPIL-B_unmatched_2.fastq.gz,S-2-POLPIL-B,a2e1df45,1637371000,31,DNA,1000,1637371,True,0.7359453610991014,0.871662690869416,0.8038040259842587,0.871662690869416,False,79,33346,2936863
830000,0.0005069101626937328,0.007164933970216353,3.1147491924554665e-05,4.2902920565242575e-05,2.4705882352941178,2.0,1.7529016971472167,/nfs3_ib/nfs-ip34/home/def-ilafores/ref_dbs/sourmash_db/gtdb-rs214-full.k31.zip,"GCA_023522315.1 Nostoc sp. CCCryo 231-06, ASM2352231v1",8faba63fcfe4cf6bbb4a6bcbb6cc67d7,0.11660578814273673,51000,83,10427000,/nfs3_ib/nfs-ip34/home/def-ilafores/analysis/boreal_moss/preproc/S-2-POLPIL-B/S-2-POLPIL-B_unmatched_2.fastq.gz,S-2-POLPIL-B,a2e1df45,1637371000,31,DNA,1000,1637371,True,0.7829020884048141,0.9330269688119224,0.8579645286083682,0.9330269688119224,False,126,33472,2936863
81000,4.946954599782212e-05,0.013739224137931034,3.1147491924554665e-05,3.2347440108714637e-05,1.8627450980392157,1.0,1.5084027111307374,/nfs3_ib/nfs-ip34/home/def-ilafores/ref_dbs/sourmash_db/gtdb-rs214-full.k31.zip,"GCA_903922595.1 uncultured Rhodospirillales bacterium, freshwater MAG --- MJ130729B_bin-354",4de2feae47d275b257a2a709b01bb2d1,0.021821120689655173,51000,84,10376000,/nfs3_ib/nfs-ip34/home/def-ilafores/analysis/boreal_moss/preproc/S-2-POLPIL-B/S-2-POLPIL-B_unmatched_2.fastq.gz,S-2-POLPIL-B,a2e1df45,1637371000,31,DNA,1000,1637371,True,0.7262860038039058,0.8839249421034926,0.8051054729536993,0.8839249421034926,False,95,33567,2936863
60000,3.66441081465349e-05,0.011517615176151762,3.1147491924554665e-05,3.132594200001839e-05,1.803921568627451,1.0,2.058169830862373,/nfs3_ib/nfs-ip34/home/def-ilafores/ref_dbs/sourmash_db/gtdb-rs214-full.k31.zip,"GCF_003858395.1 Acidipila sp. EB88 strain=EB88, ASM385839v1",7b5609b5efff97d2f3a324f12e4b6f92,0.013550135501355014,51000,85,10325000,/nfs3_ib/nfs-ip34/home/def-ilafores/analysis/boreal_moss/preproc/S-2-POLPIL-B/S-2-POLPIL-B_unmatched_2.fastq.gz,S-2-POLPIL-B,a2e1df45,1637371000,31,DNA,1000,1637371,True,0.7192889025125117,0.8704425596047168,0.7948657310586142,0.8704425596047168,False,92,33659,2936863
81000,4.946954599782212e-05,0.011566042100393246,3.0536756788779085e-05,2.7580448934798797e-05,1.62,1.0,0.8692525524840291,/nfs3_ib/nfs-ip34/home/def-ilafores/ref_dbs/sourmash_db/gtdb-rs214-full.k31.zip,"GCF_013778325.1 Sphingomonas sp. CGMCC 1.13654 strain=CGMCC 1.13654, ASM1377832v1",017c57766b63e92102ec55b015f202de,0.018736988202637056,50000,86,10275000,/nfs3_ib/nfs-ip34/home/def-ilafores/analysis/boreal_moss/preproc/S-2-POLPIL-B/S-2-POLPIL-B_unmatched_2.fastq.gz,S-2-POLPIL-B,a2e1df45,1637371000,31,DNA,1000,1637371,True,0.7262860038039058,0.8795907188318772,0.8029383613178915,0.8795907188318772,False,81,33740,2936863
