feature	X1XD42.69	X43.108	AF33.28	Acetatifactor	Acidaminococcus	Actinomyces	Acutalibacter	Adlercreutzia	Agathobacter	Agathobaculum	Akkermansia	Alangreenwoodia	Alistipes	Amedibacillus	Anaerobutyricum	Anaerococcus	Anaerofustis	Anaeromassilibacillus	Anaerostipes	Anaerotardibacter	Anaerotignum	Anaerotruncus	Angelakisella	Avimicrobium	Avimonas	Bacteroides	Bariatricus	Barnesiella	Bianquea	Bifidobacterium	Bilophila	Bittarella	Blautia	Bradyrhizobium	Bulleidia	Butyribacter	Butyricicoccus	Butyricimonas	CAG.103	CAG.170	CAG.177	CAG.194	CAG.217	CAG.238	CAG.245	CAG.269	CAG.273	CAG.274	CAG.302	CAG.317	CAG.41	CAG.95	CAJFUH01	CAJFUR01	CAKTAA01	CAKTFW01	CAKTXU01	COE1	Campylobacter	Catenibacillus	Catenibacterium	Choladocola	Choladousia	Christensenella	Clostridium	Clostridium.AP	Clostridium.AQ	Collinsella	Coprobacillus	Coprococcus	Copromonas	DXTB01	Desulfovibrio	Dialister	Dielma	Diplocloster	Dorea	Dysosmobacter	ER4	Egerieenecus	Egerieimonas	Egerieisoma	Eggerthella	Eisenbergiella	Emergencia	Enterenecus	Enterocloster	Escherichia	Eubacterium	Evtepia	Ezakiella	F23.B02	Faecalibacillus	Faecalibacterium	Faecalimonas	Faecalitalea	Faecivicinus	Faecousia	Fenollaria	Fimadaptatus	Fimenecus	Fimisoma	Flavonifractor	Flemingibacterium	Fournierella	Frisingicoccus	Fusicatenibacter	Geddesella	Gemella	Gemmiger	Gordonibacter	Guopingia	HGM11616	HGM13006	Haemophilus	Heritagella	Holdemanella	Holdemania	Hominisplanchenecus	Hungatella	Hydrogeniiclostridium	Instestinimonas	Intestinibacter	Intestinimonas	JAGTTR01	JAGZHZ01	JAGZMM01	JAHZGC01	JAHZIE01	JAJEQR01	JANFXS01	KLE1615	Klebsiella	Lachnoclostridium	Lachnospira	Lactobacillus	Lactococcus	Lactonifactor	Lawsonibacter	Lentihominibacter	Ligaoa	Ligilactobacillus	Limiplasma	Limivivens	Limosilactobacillus	Limousia	Longibaculum	Longicatena	Luoshenia	Marvinbryantia	Massiliimalia	Massilimicrobiota	Massilioclostridium	Massilistercora	Mediterranea	Mediterraneibacter	Megamonas	Megasphaera	Merdibacter	Merdimonas	Merdisoma	Merdivicinus	Mesorhizobium	Metalachnospira	Monoglobus	Muricomes	NSJ.51	Nanosynbacter	Negativibacillus	Neoanaerotignum	Neobittarella	Odoribacter	Oliverpabstia	Onthomonas	Oxalobacter	Parabacteroides	Paralachnospira	Paraprevotella	Pararuminococcus	Parasutterella	Paratractidigestivibacter	Pauljensenia	PeH17	Peptoniphilus	Phascolarctobacterium	Phil1	Phil12	Phocaeicola	Phocea	Porphyromonas	Prevotella	Pseudobutyricicoccus	Pseudoflavonifractor	Pseudolachnospira	Pseudoruminococcus	Pseudoscilispira	Pullichristensenella	QALW01	QAMM01	QANA01	QAND01	RUG115	RUG705	Ralstonia	Raoultibacter	Romboutsia	Roseburia	Ruminiclostridium	Ruminococcus	Ruthenibacterium	SFEL01	Sarcina	Scatomonas	Scatomorpha	Schaedlerella	Sellimonas	Senegalimassilia	Slackia	Staphylococcus	Streptococcus	Sutterella	Terrisporobacter	Thomasclavelia	Turicibacter	UBA11524	UBA11774	UBA1417	UBA3402	UBA3818	UBA4285	UBA644	UBA737	UBA738	UBA9414	UMGS1071	UMGS1264	UMGS1312	UMGS1370	UMGS1590	UMGS1623	UMGS1696	UMGS1766	UMGS1783	UMGS1975	UMGS856	UMGS911	Veillonella	Ventricola	Ventrimonas	Ventrisoma	Vescimonas	Wujia	Yeguia	Zhenpiania
NS10	0	0	0	0	0.000173296183432885	0	0	0.000109154089564869	0.0342462516260583	0.00488042563343131	0	0	0.00038935376277778	0.000552522247178873	0.0162977183419381	0	8.10215922543358e-05	0	0.0328306243613923	0.00694535093602445	0.00186349662184972	0	0	0	0	0.00230123828000162	0.0406919694098477	0.000196927481173733	0	0.0639170338895316	8.32721920391784e-05	0	0.15749247174372	0	0	0	0	0	0	0	0	0	0	0	0	0	0	0	0	0.000307206870631023	0.00217970589162012	0	0	0	0	0	0	0	0	0	0	0.0017937280285196	0.00115905888919397	0	0.00634219019368662	0.0021628263932338	0.000243064776763007	0.0992784577089794	0	0.00175546783217728	0.00403532541422289	0	0	0.0215506182397609	0	0	0.0807830286771425	0.00117481308768787	0.00189162911916026	0	0	0	0	0.00591120033488925	0	0	0.0329465302503117	0.000263320174826591	0.0385032611190882	0.000838348419853891	0	0	0.00132560327327233	0.0354514478108416	0	0	0	0	0	0	0.0404927913288892	0	0.000382601963423252	0	0	0	0.0332391082223413	0	0	0.0188712791959057	0.00103190000135036	0	0	0	0	0.000207055180205525	0	0	0.000444493457506425	0	0	0	0	0	0.00038935376277778	0	0	0	0	0	0	0.00155741505111112	0	0	0	0	6.41420938680158e-05	0	0.000489505453203279	0.000437741658151897	0	0	0	0.00164743904250483	0	0	0	0.000303830970953759	0	0	0	0.000365722465036932	0	0	0	0.0238642348185792	0	0.0404927913288892	0	0	0	0	0	0	0	0	0	0	0.00619927710734911	0	0.00111179629371227	0.000432115158689791	0.020576108532924	0.00121982508338472	0.00013503598709056	0.000597534242875726	0	0.000424238059442842	0	0	0	0	0	0	0.000146288986014773	0	0	0.00476451974451191	0	0	0.00568388975662014	0	0	0	0	0	0	0	0	0	0	0	0.0349900748549488	0	0.000231811777838794	0.00035559476600514	0.00415798310249682	0	0.0015720439497126	0.00134473337144349	0	0	9.11492912861278e-05	0	0.000992514505115613	0	0.00148539585799616	0	0	0.000140662486552666	0	0	0.000477127154386644	0	0	0.00012715888784361	0.0411409640669238	0.000315083969877972	0	0	0	0	0	0	0.0010127699031792	0	0	0	0	0	0	0	0	0	0	0	0	0	0.0030439362089997	0	0	0	0	0
NS11	0	0.00192761134239402	0.000104145826081952	0.00145347376575777	0.00198151137519082	0	0.000477791816147902	0	0.014427851151862	0.00195867237824302	0.00285761529810829	0.000104145826081952	0.016946535735265	0	0.0025040676253564	0	0	0	0.00269956943922954	0	0	0.000116935664372718	0	7.67390297445961e-05	0.0002850306819085	0.146978994517727	0.00339478850632046	0	0	0.022854527465721	0.000306042559100472	0	0.0158283384447008	0	0	0	0	0.00651276836963363	0.00838099831996338	0	0.0306682051015011	0	0	0.000145256020587985	0	0	0	0	0	0.000196415373751049	0.000238439128134995	0	0.000221995050332581	0	0	0	0.000232044208989612	0	0	0	0.00882772910026228	0.00131278554455934	0.000291425601053883	0.000184539095338195	0.00426997886936002	0	0	0.00877291550758757	0	0.000141601781076338	0.00101496502436007	0	0.00507665224155619	0	0	0.000163527218146223	0.00584678321863589	0.00435128569849418	0.00432753314166847	0	0	0	0.000146169580465897	0.00102044638362755	0	0	0.004083612654266	0.000876103922917472	0.00331896303645378	0.00104511250033117	0	0	0	0.0398394327158582	9.50102273028332e-05	0.000146169580465897	0	0.000494235893950315	0	0	5.29864729188878e-05	0.00014251534095425	0.000297820520199266	0	0.000118762784128542	0	0.00134201946065252	0	0	0.023144125947019	0.00010323226620404	0	0	0	0	0	0.00313351038123767	0.000366337511042655	0	7.85661495004198e-05	0.000291425601053883	0	0	0.00024117980776873	0.000219254370698846	0	0	8.86153081574502e-05	0.000202810292896432	0.000151650939733368	0	0.000108713625471511	0	0.000105059385959864	0.00130547706553604	0	5.7554272308447e-05	0	0.00220259286564549	0.000283203562152676	0	0.00111088881154082	0	0.000483273175415373	0	0	0	0	0	0	0	0	0	0	0	0.00553708642002377	0	0.0200160969250488	0	0	0.000209205212041815	9.31831075470095e-05	0	0	0	0.000240266247890819	0	0	0.00100765654533678	0	0	0.0114441645906018	0.00130364994578022	0.000999434506435573	0.0013712533767457	0.0578822403046174	0	0	6.85169908433893e-05	0.000150737379855457	0	0	0	0	0.0103369300185727	0	0.00024117980776873	0.135509250250544	8.31339488899791e-05	0	0.305241367087544	0	0.000101405146448216	7.30847902329486e-05	0	0.000129725502663484	0	0	0.000202810292896432	0	0	0.00110632101215126	0	0	0	0.000158959418756663	0.00158959418756663	0.00100491586570304	0	0.00391917187624187	0	0	5.02457932851522e-05	0	0.00012789838290766	0	0.000429373142618573	0	0	0.000217427250943022	0.00257532529583353	0	0.000123330583518101	0	0	0	0.00851255094238269	0.00054082744772382	9.68373470586569e-05	0.000372732430188038	0	0.00012789838290766	0	0	0	0	0	0	0.000602035959543914	0.000454952819200105	0	0.000200069613262697	0	0	0.000248488286792025	0	0	0	7.85661495004198e-05	4.56779938955929e-05	0.00942611082029455	0	0.00051159353163064	7.76525896225079e-05
NS13	0	0.00180531193505245	0	0.00748166965731836	0	0	0	0	0.0321973897323199	0.00168602189560273	0	0	0.00991619454693307	0	0.0670275610395371	5.88049490245099e-05	0	0	0.0636479566120285	0	0.000151212726063025	0.00047716015779888	0	0	0	0.12895841314005	0.0209379221355269	0	0	0	0	0	0.341776043871852	0	0	0.000603170762851402	0	0.000364590683951961	0	0	0	0	0	0	0	0	0	0	0	0	0.00141971948359174	0	0.000107529049644818	0.000334348138739356	0	0	0	0	0	0	0.036417904930879	0.000283943896718348	0.000257061634307143	0	0.00496061748556759	0.00234631746607795	0.00249416990933957	0	0	0.00204977250885434	0.000724981014402172	0	0	4.45237471185575e-05	0	4.20035350175071e-05	0.0442482039288426	0.00106772986014503	0	0	0	0	0.00345101043703838	0.00100556462831912	0	0	0.0120600549742266	0	0.00872329415243587	0	0.000389792804962466	0	0.000792186670430183	0.0588721546805379	0.000887114659569749	0	0	0	0.000142812019059524	0	0	0	0.00137603580717353	0	0	0	0.0337641215884729	0	0	0.0328837274945059	0	0	0	0	0	0	0	0.000954320315597761	0	0.00065441507557276	0	0	0.000637613661565757	0	0	0	0	0	0	0.000554446662231093	0	0	0	0.000599810480050001	0.000336028280140057	0	0	0.000168854210770378	0.000664495923976962	0.00121390216200595	0	0	0	0.00466575266974469	0	0	0	0	0	0	0	0	0	0	0.00671300496649798	0.00089383522517255	0	0	0	0	0	0	0	0	0.000702299105492718	0.000252021210105042	0	0	0	0	0	0.000510762985812886	0.0032586342466582	0.00223542813363173	0	0	0	0	0	0	0	7.64464337318629e-05	0	0.000130210958554272	0	0	0	0.0338632499311142	0	0	0.00143148047339664	0	5.964501972486e-05	0	0	0	0	0	0	0	0	0	0	0	0	0	0.00197668635792388	0	0.00148188471541765	0.000304105593526751	0	0	8.06467872336136e-05	0	0.000588889560945449	0	0	0	0	0.00170282330960974	0	0	0.00129874930274132	0.000193216261080533	0	0	0.00071322002459727	0.00121558230340665	0	0	0	0	0	0	0	0	0	0	0	0	0	0	0	0	0	0	0	0.000600650550750351	0.000612411540555253	0	0.000227659159794888	0	0	0.000190696048979482
NS21	0	0.00328599295264692	0	0.00368028438876165	0	0	0	0	0.0401969378315357	0.00308503598169213	0	0	0.000110872811561262	0	0.0029901011367928	0	0	0.000326381839033466	0.0240968196826959	0	3.74195739019261e-05	0.000116416452139326	0	0	0	0.191417751430086	0.00714228792976207	0	0	0.00148500271984866	0.00114268291415326	0	0.0420755390324268	0	0	0.000557135878095344	0	0.00638627394592872	0.00276974142381479	0	0	0	0.00477307453771235	0	0	0	0	0	0	0	0.00410922357848929	0	0.000519716304193418	0	0	0	0	0.00123138116340227	0	0	0	0.00452638253198854	0.000245306095579293	0	0.0185892127683902	0.000126810778223194	0.000335390254972819	8.66193840322363e-05	0.000530110630277286	0	0.010559942346138	0.000517637438976644	0	0.00623105200974295	0.00051555857375987	0	0.00588110969825271	0.0057612284707521	0	0	0	0	0.000853720649021721	0.000926480931608799	0	0	0.0343560195274739	0.00164022465603443	0.00338092779754625	0.000805906749035926	0	0	0.000425474414366345	0.133823483554444	0.000792047647590768	0	0	0	0	0	0	0	0.0182170958945877	0	0.000144827610101899	0	0.0109992758619495	0	0	0.0190202308233346	0	0	0	0	8.45405188154626e-05	0	0	0.00112120130691327	0	0.000813529254830763	0.000839168592504305	0	0.00215994096022784	0	0	0	0	0	0	0.000257086331807677	0.000146906475318673	0	0	0	0.0055817531070373	0	0	0	0.00178366635599181	0	0	0	0	0	0	0	0.000159379666619315	0.000638904576621775	0	0	0	0	0	0	0	0.0183023293684754	0	0	0	0	0.000385975975247645	0	0	0	0	0.000254314511518646	0.000119881227500615	0	0	0	0	0.000814915164975279	0.00025292860137413	0.00284804534697993	0	0.00980462131737689	0	0	0	0	0	0	0	0	0	0	0	0.188580793364262	0.000179475363714794	0	0.000376274604236034	0	0.000462893988268271	0	0	0.0015189575183893	0	0	0	0	0	0	0	0	0	0.000108100991272231	0.113260734740263	0	0.00573143140264501	0.00367820552354488	0	0	0	0	0.000117802362283841	5.0585720274826e-05	0	0	0	0.00204629632837755	0	4.29632144799892e-05	0.000129582598512225	0	0	0.000185711959365115	0.00867094681916298	0	0	0	0	0	0	0	0.000314601602805082	0	0	0	0	0	0	0	0	0	0	0	0.00603910345472751	0	0.0013082991764229	0	0	0	0	0
NS25	0	0.00200203612186455	0	0.00285919229822619	0	0	0	0	0.0173621745500807	0.0120072041219688	0	0	0.0072241724056865	0	0.00254841052667986	0	0	0	0.00536599816839259	0	0.0249948746070741	0.000248124156315211	0	0.00024862541723706	0	0.223180410322165	0.00813446223976413	0	0	0.00360306350624997	0.00394241715034168	0.000513792444895134	0.025688619722913	0	0	0.00116593290422057	0.000509782357520342	0.00709384456600579	0	0	0	0	0	0	0	0	0	0	0	0	0.00375745187017944	0	0.00143511001925343	0	0	0	0	0	0	0.00013784675350845	0	0.00403314537719634	0.000236093894190837	0	0.0162363425196081	0.000766427949506985	0.00109625763608357	0	0	0	0.0539722672382378	0.000677704766339728	0	0	0	0	0.00614245133633655	0.00831692121531713	0	0	0	0	0.000337849861326166	0.00133886792225844	0	0	0.0313167773534326	0	0.00218900644571419	0.00271934050103034	0	0	0.0014521528905963	0.151540199371519	0.000261658201205132	0	0	0	0	0	0	0	0.0316476095618528	0	0	0	0.00729936154396384	0	0	0.0230745440154709	0	0	0	0	0	0	0	0.00866880638245507	0	0.000437600784774099	0.000440107089383344	0	0.000139350536273997	0	0	0	0	0	0	0.000333839773951375	0.000301257814031195	0.000330832208420281	0	0.000916304965139809	0.00524369050346146	0	0	0	0.0234414670102643	0.000293738900203462	0	0	0	0.000121806404009285	0	0	0.000149877015632824	0	0	0	0.00010125470621348	0	0	0	0.00268274845373537	0.00696602303093432	0	0	0	0	0	0	0	0.00101004075752556	0.0151576290157892	0.000100753445291631	0	0	0	0	4.81210484974955e-05	0.00403164159443079	0	0.0030130794012338	0.000279202333469843	0.0167822156635015	3.50882645294238e-05	0.000612540846499369	0	0.000289227551906822	0	0	0	0	0.0133149938670726	0	0	0.169114407291542	6.46626589185095e-05	0	0.000511286140285889	0	0.000508779835676645	0	0	0.00122608421484244	0	0	0	0	0	0	0	0	0	0.000722316988384281	0.0015884958613392	0	0.00724171653795122	0.00121605899640546	0	5.86475278563226e-05	0	0	7.81967038084301e-05	0	0	0	0	7.76954428865812e-05	0.000136342970742904	6.2156354309265e-05	0	5.71437450907758e-05	0	0	0.00750938987021853	0.000931342792795277	0	0	0	0	0	0	0.00069976024690108	0	0	0	0	0	0	0	0	0	0	0	0.00146568693548622	0	0.00266019171225217	0	0.000147871971945429	0	0	0
NS27	0	0.00107043537725097	0	0.000486893093229998	0	0	0	7.75017095965352e-05	0.0598349669478003	0.00121632094825621	0.00593207203100068	0	0.00959744700250741	0	0.0193079553225439	0	0	0	0.0321741509003875	0	0.000113061317529063	0	5.1059949851835e-05	0	0	0.120272623660816	0.00164759516754046	0	0	0.119338956006382	0	0	0.0546387052655573	0	0	0.000688397538180989	0	0.000485069523592432	0	0.000530658764531571	0	0	0.0101609300205152	9.3913836334625e-05	0.0114128105767039	0	0	0.00357510827444723	0	0.00094552085707773	0.00501025757921131	0	0	0	0	0	0	0	0	0	0.0154337816275359	0.000186915887850467	0.000476863460223387	0	0.00455436516981992	0	0.000374743560519717	0.00888169591976294	0	0.00393161613859129	0.00172965580123091	0	0	0.00697697743332574	0	0	0.0122826532938227	0.00163209482562115	0.00257943925233645	0	0	0	0.000124914520173239	0.00138682470936859	0	0	0.00349669478003191	0	0.00600045589240939	0.000253476179621609	0	0	0	0.126481878276727	0	0	0	0.000281741509003875	0	0	0	0	0.000210622293138819	0	0	0	0.0160893549122407	0	0	0.00572874401641213	9.93845452473216e-05	0	0	8.66195577843629e-05	0.000287212217916572	0	0.00514611351720994	0.000380214269432414	0.00236881695919763	0	0	0	0.00156644631866879	0	0	0	0	0	0	0.00108958285844541	0	0.00613357647595168	0	0.000766811032596307	0.00411579667198541	0.000285388648279006	0	0	0	0	0	0	0	0.0022274903122863	0	0	0	0	0	0	0	0	0	0	0.00079416457715979	0.00772190563027126	0	0.000591748347390016	0	0	0.00341828128561659	0	0	0	0	0.000292682926829268	0	0	0	0	0	0.00210622293138819	0.0121094141782539	0.00142694324139503	0	0.0131506724413039	0	0.00312833371324367	0	0	0.000401185320264418	0	0	0	0	0	0	0.0862174606792797	0	0	0	0	0	0	0.000224299065420561	0	0	0	0	0	0	0.000372008206063369	0	0	0	0.00210987007066332	0.0260305447914292	0	0.022753590152724	0.000134032368361067	0	9.84727604285389e-05	8.29724185092318e-05	0	0.000542511967175746	0	0.000555276954638705	0.000146797355824026	0	0.0114419876909049	6.20013676772282e-05	0	0	0	0	0.00143788465922042	0.09561796216093	0.00112058354228402	0	0	0	0	0	0	0.00113334852974698	0	0	0	0	0	0	0	0	0	0	0	0.000887166628675633	0.000486893093229998	0.000797811716434921	0	0	0	0	0.000293594711648051
NS28	0.000395921175439783	0.000198657632042849	0	0.0238298542689434	0	0	0	0	0.00898908358885817	0.00151467731378635	0.0306232482404859	0	0.0104577559773293	0	0.00632776836380695	0	0	0.000351310338770511	0.00550316492974839	7.24926095875658e-05	0.000125467978132325	0	0.000464231519089604	7.04014766186938e-05	0	0.0317636127528441	0.00100722904667339	0.0100785638656405	3.69433491167403e-05	0.0106515342991115	0.000508842355758876	0	0.0107700318340142	0	0	0.0013062610612221	0	0.000798115749786182	0.00308651226205521	0.00956902446555869	0.00485351962075212	0.00261949256567377	0	0.000204931030949465	0.0113255761594112	0.00057645565508574	0	0	0.00378913293959623	7.52807868793953e-05	0.00043356156887948	0.00161086943035447	0	0	0	0	0	0.000135226598653729	0.00029345565996505	0	0	0.00222148025726512	0.000747928558533251	0	0.00653897279366303	0	0	0.000667071417070197	0	0.00679827328180317	0.00404843342773637	0	0	0.0159874085913501	0	0	0.00256651719712901	0.0054000023699507	0.00407352702336283	0.000287879305381391	0	0	0	0.000638492599828945	0	0	0.00162271918384474	0.00029624383725688	0.00324543836768949	0.000384071421949507	0	0.000701923633218065	0.00132786943523378	0.0844357670171173	5.50665015136317e-05	0	0.000151955662404705	0.00230512557602	0.000132438421361899	0	5.57635458365891e-05	0	0.000109435958704306	8.36453187548837e-05	0	0	0.0011835812603816	0	0	0.00468832011621123	0	0	0	6.27339890661627e-05	4.94901469299728e-05	0	0.00185204676609772	0	0.000625945802015713	0.00012965024407007	0	0.000213295562824953	0.000290667482673221	0	0.000361766003614872	0	0	0	0.000285091128089562	0.000292758615642093	0	0.00124213298351002	0	0.000273241374599287	0.0164390933126265	0	0	0	0.000609216738264736	5.64605901595465e-05	0.000130347288393027	0	0.000375009845751062	0.00100304678073565	0	0	0	0	0	9.9677338182903e-05	0	0	0	0	9.9677338182903e-05	0.00404216002882975	0	0.000136620687299643	0	0	0.00103371673094577	0	0	0.000444714278046798	0	5.71576344825038e-05	7.17955652646085e-05	0	0	0.000189596055844403	0	0.00286973147761547	0.0010267462877162	0.00106578076980181	0.000209810341210167	0.0123565047130652	0	0.000814844813537158	0	3.8337437762655e-05	0.000381980288980635	0	0.00913197767506442	0	0.0028495171922497	0.000147773396466961	8.99187176615e-05	0.0148358913698245	0	7.10985209416511e-05	0.492323102349109	0	0	0	0.000254421177879438	6.1339900420248e-05	0	0	0	4.80960582840581e-05	0	0.0019078103119343	0	0	0	6.55221663579922e-05	0.0136076992727737	0.000255118222202395	0.00674250973596658	0.000144985219175132	0.000149167485112876	0	3.97315264085697e-05	0	5.71576344825038e-05	0	4.6004925315186e-05	0.000139408864591473	0	0.000710985209416511	0.00256860833009789	0	0	0	0.00184507632286814	0.000927765993856251	0.00736566736069046	0.000646857131704434	0.000165199504540895	0.000172169947770469	0.000104556648443605	0.00154465021967352	0.00060015516206629	0	0	0	0.000108041870058391	0	0	0.000168684726155682	0.000733290627751147	9.61921165681162e-05	0	4.67019696381434e-05	0.000156834972665407	5.92487674513759e-05	5.01871912529302e-05	0.0035444703822382	0.00130904923851393	0	0.0058593545787796	0.0338435930125489	0	0
NS29	0	0.00103508129369237	0	0	0	0	0.00153351274742424	0	0.0380408299759543	0.000344761692437537	0	0	0.00249374970141886	0	0.00043314171059127	0	0.00187747822348201	0.00221587018488144	0.0165628931318375	0	0	0.00107011481440196	0.000105100562128764	0.000231698966511139	0.0012062678153415	0.0122163479147093	0.000699874197811997	0	0	0.146441708998838	0.000321671417424399	8.83800181537335e-05	0.16194324569645	0	0	0	0.000102711912989474	0	0	0	0.000282656814815994	0	5.57351465834355e-05	0	0	0	0	0	0	0	0.000132171919040718	0	0.00102074939885663	0	0	0	0	0	0	0.000316097902766056	0	0	0	0	0.0469337707215313	0.0152841696259375	0.00304950873449369	0.0171027278373171	0.000836027198751533	0.000118636240584741	0.00234246858926382	0.000100323263850184	0	0.00737296367660875	0.000109877860407344	0.000202238960459895	0.00035033520709588	0.00583945092918452	5.8920012102489e-05	0	0	0	0.00699794576174021	0.0158741659633422	0.000288230329474338	0	0.0453150628214724	0	0.0322388012166186	0.00579565902829753	0	0	0.00129544404987499	0.050817714222017	0.00368727805468414	0	0	0	0	0	0	0.000307339522588659	0.00248976861952004	0	0.000992085609185152	0	0.00116645699635333	0	0	0.02856665127315	0.000866283421182541	0.000174371387168177	0.000792235297864548	0	0	0	0	0	0	0.00518814593053808	0	0	0.00900042995684507	0.000112266509546634	0	0.00462283230090609	0.000136153000939535	0	0	0	0.000295396276892208	0	0	0.00107170724716149	0.00141806137235855	0	0.000825676385814609	0	0.00307658009140564	0.00618898991990063	0	0	0	0	0	0.000233291399270666	0.00121104511362008	0.0147570743825342	4.61805500262751e-05	0	0.000579645524467729	0.000408459002818606	0.000512763348567607	0	0	0.0024101469815437	0	0	0	0.000101915696609711	0	0	0	0	0.00326607958978932	0.000967402901412488	0	0	0	0	0	0.000679968788317913	0.0061873974871411	0.0049660015605841	0.000299377358791025	7.72329888370464e-05	0.000412440084717423	0	7.6436772457283e-05	0	0	0.000131375702660955	0	0	0	0	0	0.0376857174705798	0	0	0.000489673073554469	0	0.000245234644967116	0	0.000160039492332436	0.000329633581222033	0	0	0.00147061165342293	0.000308135738968422	0	0	0	0	0	0.0120292370654649	0.00942560950363871	0	0.10104383967387	0.0261381913148717	0	0	0.000613086612417791	0	0.00172062359666863	0.0199372581492746	0	0	0	0.00235122696944122	6.36973103810692e-05	0.00034078061053872	0.0201291462967976	0.000105100562128764	0	0.000649712565886905	0.000479322260617545	0.00155023329139927	0	0	0	0	0	9.31573164323136e-05	0.00113460834116279	0	0	0.000474544962338965	0	0	0	0.000230106533751612	0	0.000574868226189149	0	0	0	0.00142124623787761	0.000695096899533417	0	0	0	0	0.000711021227128685
NS30	0	0.000322294993131483	0	0.00139898145302906	0	0	0	0	0.177545834218723	0.000731483244215081	0	0	0.000594033908909008	0.000368901376942163	0.0150238442999208	0	0	9.79523998732938e-05	0.0237186996660929	0	0	0	0	0	0	0.0259123594600295	0	0.000103481970833883	0	0.053746639798218	0	0	0.181016824904556	0	0	0	0	0	5.29258934799249e-05	0	0.00017931608686482	0	8.84731353694267e-05	0	0	0	0	0	0	0	0.00469381580683155	0	0	0	0	0	0	0	0	0	0	0	0	0	0.00579972999894938	0.000216443206171633	0.00120623640811709	0.0149053534936224	0	0.00526020186093761	0.00914670030752314	0	0	0.00145190734650898	0	0	0.0345906261133199	0.00144874759167436	0.000562436360562784	0	0	0	0.00148271495614655	0.014674691390695	0	0	0.0284930892212073	0.015626567534625	0.017835236164026	0	0	0	0	0.0468133477523479	0.0083575515375762	0	0	0	0	0	5.29258934799249e-05	0	0.000164307251400364	0	0	0	0.046519490552728	0	0	0.000805737482828707	0.00028516787382467	0	0	0	0	0	0	0.00171574687519995	0	0.000164307251400364	0	0	0.00262022669661061	0	0	0.00268421173201171	0	0	0	0	0	0.0064877666141884	0	0.000509510467082859	0.00563542274754902	0	0	0	0	0	0	0	0	0.000297016954454504	0	0	0	0.00102218068900034	0	0	0	0.000200644431998521	0	0	0	0.053301904305245	0	0	0	0	0	0	0	5.29258934799249e-05	0.000349152909225773	0	0	0.000266999283525591	0	0	0	0	0.00296227015745848	0.000823906073127786	0	8.53133805348043e-05	0	0	0	0.0102613038254362	0	0.000130339886928173	0	0	0	0	0	0.0050113711677111	0	0	0.00102218068900034	0	0	0	0	0	0	0	0	0	0	0	0	0	0	0.00262891602240582	0.134332237161719	0	0.0090282095012248	0.00019906455458121	0	0	0	0	0.000665128392688011	0.00158066735601985	0	0	0	0.00160910514953145	0	0.000102692032125227	0.00128681015639997	0	0	0	0.00201513364578042	0.00642615139491327	0	0	0	0	0	0	0.00322610968614945	0	0	0	0	0	0	0	0	0	0	0	0	0	0	0	0	0	0	0
NS32	0.000771955594671849	0.000431771773291034	7.67594263628505e-05	0.0196320955585077	0	0	0.000248595869470595	4.62301090594441e-05	0.0291964945365606	0.0025321888037654	0.0028531827685555	0.00053295465349661	0.00719706848772591	0	0.00703133790807884	0	0	0.000950770167448944	0.002643838878475	4.62301090594441e-05	0.00103537998968981	0.000169219644481739	0.00145145097122481	0.000127350866465638	7.8503958780188e-05	0.0494801729529439	0.00344196245940691	0.00180122972090098	0	0.0100982258977582	0.00169132417860872	5.49527711461316e-05	0.0311337977860139	0	0	0.000731831349073086	0	0	0.00752329604976802	0.0119858099733174	0.0151643480377063	0.00447385338426205	0	0.000649838325458223	0.00905499551219036	0.00676006311718286	0.00771955594671849	0	0.00434563025158774	0	0.00238303128208304	0.000647221526832217	0.000160496982395051	5.23359725201254e-05	0	0	0	0	0.000289592381278027	5.93141021894754e-05	0	0.00265343380677036	0.0010859714297926	0	0.00562175571487013	0	0.000208471623871833	0.00317068766851093	0	0.0553208674861898	0.00213094634777777	0	0.00115488046027743	0.0411962607692167	6.97812966935005e-05	9.76938153709007e-05	0.00933673749759036	0.0100912477680888	0.0121323506963737	0.000286975582652021	0	0.000144796190639014	0	0.0113813294907099	0	0.000249468135679264	0.00417815513952334	0.000450089363673078	0.00549527711461316	0.00075712706912448	0	0.000310526770286077	0.000239873207383908	0.149353781579308	0	0	0	0.00125431880806567	0.000138690327178332	0.000143051658221676	0.0757109623800307	0	0.000174453241733751	0.000573951165304041	0	0.000131712197508982	0.0105108078144585	8.02484911975256e-05	0	0.0095591653808009	0.000185792702446445	0.000317504899955427	0	0	0	0	0	0.000149157521682357	0.00294040938942238	0.000218938818375858	0	9.59492829535632e-05	0.000273019323313321	0	0.000422176844995678	0	0	0	0	0.000232895077714558	0	0.00182129184370036	0	0.000465790155429116	0.00378999667666575	0	0	0	0.000811207574061943	0.000332333425502796	0	0.00350738242505707	0.00114877459681675	0.00255399545898212	0	0	0	0	0	0	5.75695697721379e-05	0	0	0	0.00105108078144585	0.00985748042416561	0	0	0	0	0.00293517579217036	8.28652898235318e-05	0	0.000271274790895983	0	0.000498936271358528	0.000197132163159139	0	0.000443111234003728	0.000138690327178332	0	0.00364956181707008	0.00158229090252512	0.00164771086817528	0.00101444560068176	0.00509577919104287	7.06535629021692e-05	0	0.000173580975525082	0.000188409501072451	0	0	0.000456195227133759	0	0.000955131498492288	0.000807718509227268	0	0.0337680417361935	0	0	0.181418287409971	0.000355012346928184	0	0	0	0.000228533746671214	6.10586346068129e-05	0	0.000270402524687314	0	0	0	0	0	0	0.000396008858735615	0.024234172075444	0.00101444560068176	0.017395604999481	0.00184571529754309	0.000537315984539954	0	0	0.000307037705451402	0	0	0.000415198715326328	0	0	0.00051202026448856	0.000365479541432209	0	0	0.000115139139544276	0.000506786667236547	0.00032273849720744	0.00481665400426887	0.00135201262343657	0.0013371840978892	0	9.24602181188881e-05	8.98434194928819e-05	0.000566973035634691	0	0.00121419456246691	0	6.01863683981442e-05	0	0	0	0.000314015835120752	0.000388158462857596	0	0.0019067739321499	0.000309654504077408	0	0	0.00245455711119388	0.000812079840270612	0	0.00720753568222993	0.000136945794760995	0.000211960688706508	6.62922318588255e-05
NS34	0	0	0	0.00030730463108079	0	0	0.00392530448767196	0	0.00164305542751196	0.000103459225797199	0.00643803202114256	8.29722503918134e-05	0.0145478012353646	0	0.000407690810567182	0.00170861374880919	5.73635311350809e-05	0.00024891675117544	0.00168198068078219	0	0	0.0010509818382963	0	0	6.76070188377739e-05	0.500253014146257	0.000830746852688403	0	0.000288866353215943	0.0158784302879444	0	0	0.00622087008184547	0	0	0	0	0	0	0.00390379316349631	0	0	0	0	0	0	0	0	0	0.000290915050756482	0	0	7.4777460229659e-05	0	0	0	0.00013214099136474	0	0.000339059442959139	0	0	0	0	0	0.019783247800211	0.000145457525378241	0.00178134251149832	0.0030730463108079	0.00584698278069717	0.000784651158026285	0.000452762156459031	0	0	0.000847136433012712	8.5020947932352e-05	0.000139311432756625	0.00187660694713336	0.00453274330844166	0	0	0	0	0.00146891613656618	0.0115638732675701	0	7.06800651485818e-05	0.0057261096258054	0.0266177027954478	0.00090962170799914	0.00200362619464675	0.000576708357661617	0	0.000262233285188941	0.00404003154994212	0.0164571873431466	0	0	0.0045245485182795	0.0018653391106604	0	0.00815279186257337	0.0019585548487549	0.00134496993536359	0	0.00257521280845702	0	0.000423056042121221	0	0	0.0080349917539924	0.000611536215850773	7.78505065404669e-05	9.83374819458529e-05	0	0	0.000240721961013286	0	0.00146994048533645	0	0.126872765639245	0.000754945043688475	0	0.00622496747692654	0.000222283683148438	0	0	0	0	0	0	0	0	0.000318572467553753	0.000290915050756482	0	0	0	0	0.00187353390082255	0.000311402026161868	0	0	0	0	0	0	0	0	0	0	0	0	0	0	0	0.00353195455988855	0	0	0	0	0	0	0	0.000461981295391455	0.000493736107269803	0.000380033393769911	0.000164920152013358	0	0	0	0	0.0084887782592217	0.000400520369175297	0.00141052825666083	0.000583878799053502	0.0487057353287647	0	0	0	0.000203845405283591	0	0.000166968849553896	0	0.00350429714309128	0.00845599909857308	0	0	0.00038105774254018	0	0.00371633733853702	0.00189811827130902	0	0.000884012988742407	0	0.00341108140499677	8.19479016215441e-05	0.000114727062270162	0	0.000140335781526894	0	5.94122286756195e-05	0	0	0	0	0.000364668162215871	0.000781578111715477	0.0020220644725116	0.0485100847136433	0.00581317927127828	0	0	0	0	0.00113702713499892	0	0	0.000491687409729265	0	0.000216137590526823	0	0.000216137590526823	0.000331889001567254	0.00169939460987677	0	0.000261208936418672	0.00477961136207656	0	0	0.000199748010202514	0	0	0	0.000815381621134364	0.00167071284430923	0.000477346526945494	0	0	0	0.000134189688905278	0	0	0	7.37531114593897e-05	0.000437396924904992	0	0	0.000171066244634973	0	0	0.00397959497249624	0	0	0
NS36	0	0.000640384899167221	0	0.000439916582906178	0	0	0.0096011330172245	0.000796304700703588	0.00720665035077315	0.000691430072289246	0.141569611230681	0.000126220791719916	0.0853976465390909	0	0.00410310382495404	0	0	0.00215689058791974	0.00318429070875759	0	0.00542192547961581	0.00236199937446461	0	6.3110395859958e-05	0.000501170790652608	0.11158660463286	0	0.0105895531876783	0	0.0144272221123978	0.00123065271926918	0	0.0191799917770867	0	0	0.00185897239569847	0	0.00549524491010017	0.00731245307324426	0.00932548908236556	0	0	0	0	0	0	0	0	0	0.00154434851045544	0.00112577809085484	0	0.000145710766911962	0	0	0.000109515098698162	0	0	0	0.000126220791719916	0	0.000161488365876951	0.00010673081652787	0.000264506806177765	0.0105292270739886	0	0.000241304454758663	0.0147901068885925	0.00116754232340922	0	0.00948512126012899	0.000399080444408558	0.00382653179603834	0	0.000158704083706659	0.000278428217029227	0.00307848798628648	0.0184440131900727	0	0	8.26003710520039e-05	0	0.00058098687953432	0.000732266210786866	0.000232951608247786	0	0.00549988538038399	0	0.0259049613123992	0.00281305308605195	0.000104874628414342	0	0.00411238476552168	0.0111241353643744	0.00113877140764954	0	0	0.0112522123442078	0.00049931460253908	0	0	0.00101440680404315	0.00947769650767487	0	0.000547575493490812	0.00132717450117265	0.0270502293784461	0	0	0.063665396105903	7.05351483140707e-05	0.000742475245411271	0.000576346409250499	0	0	0	0	0.00230445754294523	0	0.0061792502299353	0.00212997586027358	0	0.000596764478499309	0.00784146668559979	0	0	0.0011396995017063	0.000169841212387828	0.000339682424775656	0.000464047028382044	0.000197684034090751	0	0	0.00190908947476373	0.0080400788137473	0	0	0	0.0062024525813544	0.000271931558631878	0.000180978341068997	0	0	0.000930878338934381	0	0	0.000103018440300814	0	0.000305342944675385	0	0	0.000121580321436096	0.000232951608247786	0.00022923923202073	0	0.00666464342162292	0	0	0	0.000169841212387828	0	0.00033132957826478	0	0.000182834529182525	0.0375451169723344	0.00040186472657885	0	0	0.000234807796361314	0	0	0.00617832213587854	0.00320563687206316	0.0017262549455812	0.000719272893992169	0.0311032161243349	0	0	0.00018376262323929	0	0	0	0	6.3110395859958e-05	0.0132717450117265	0	0	0.0677109580993376	0.000129933167946972	0.000437132300735886	0	0	0.000777742819568306	7.05351483140707e-05	5.1973267178789e-05	0	0	0	0.000130861262003737	0	0.00056984975085315	0	0.0179205681420578	0	0	0.00247801113156012	0.000323904825810667	0	0.031043818104702	0.0225489732031403	0	0	0.000902107423174694	0	0	0.00140884677816789	0	0	6.03261136896658e-05	0.00033132957826478	0.00066729962681338	7.14632423708348e-05	0.000186546905409582	0.000909532175628807	0	0	0.0242668753022106	0	0	0	0	0	0	8.81689353925884e-05	0.00131603737249148	0.00116661422935246	0	0.000548503587547576	0	0.000309055320902442	0	0	0	0.000977283041772585	0.000580058785477555	0	0	0	0.000116939851152275	0	0	0	0	0.000225526855793674
NS38	0.000124149737652002	0.00083376350128397	0	0.00650283257427748	0	0	0.00088342339634477	0.00139047706170242	0.00830888454727818	0.000317561960520383	0.0934311720388654	0.000201253258930613	0.0391542135767539	0	0.00785279761632504	0	0	0.00307237929705112	0.0207996549944133	0.000876889199626244	0	0.000214321652367666	0	0.000202560098274319	0.00102064152743382	0.212310426617704	0.00288158075287015	0.00848922837670951	0.000190798544180971	0.127662521807882	0.000342391908050784	0	0.0207356198665717	0	0.000539724648950281	0.000493985271920596	0	0.00135780607810979	0.000508360504701355	0.00657993609555609	0.0359707529354879	0.00252219993335119	0	0.000101933468809012	0.00641396749890552	0.00396887108683294	0.00564423912546311	0	0.00728432250181324	0.000143752327807581	0.00100103893727825	0.00374278788037193	0	0.000269208904803288	9.80129507778961e-05	0	0.000181650668775034	0	0	0	0	0.000449552734234617	0.000784103606223169	0.000345005586738194	0.00347880633294346	0	0.000209094294992845	0.0163185028848478	0.00712227442319378	0.00884076816016623	0.000491371593233186	0	0.00228304833345313	0.00615129279082076	0.000211707973680256	0	0.00319652903470312	0.0059866310335139	0.00441450330303644	0.000914787540593697	0	0.000687397494788978	0.00023261740317954	0.00170281166484798	0.000294038852333688	0	0.00479740723074209	0.00236276553341915	0.00348272685097458	0.00194196326474605	0	0.000236537921210656	0.00162962866160049	0.0401853098189374	0	0	0.000222162688429898	0.0026724864578773	0	0.000215628491711371	0	0.00201645310733725	0.000584157186636261	0	0.00124541789455113	0	0.00765415803608183	0.000409040714579753	0	0.0195581576178932	0.000798478839003927	0	8.62513966845486e-05	0	8.10240393097275e-05	0	0	0.000278356780209225	0.000535804130919165	0	0	0	0.000428643304735332	0.000205173776961729	0.000150286524526107	0	0	0	0	0.000244378957272888	0	0.00146758058298103	0	0.000176423311400213	0.0134565247221333	0	0	0	0.000943538006155213	0.000850752412752138	0.000300573049052215	0.00105200567168275	0.00139047706170242	0.000904332825844055	0	0	0	0	0	0	0	0	0	0.000220855849086193	0	0.00275220365784332	0	0	0	0	0.000743591586568305	0	0	0.000388131285080469	0.00125717944864448	0.000412961232610869	0.002301344084265	0	0.000250913153991414	7.31830032474958e-05	0	0.00533843871903608	0.0011382570683673	0.00161002607144491	0.0010637672257761	0.0179481315464483	0	0.000482223717827249	0	0	0	0	0.00174332368450285	0	0	0.00160479871407009	0.000363301337550068	0.0493005142412817	0	0	0	0.000253526832678825	8.10240393097275e-05	0	0.00250782470057044	0	0.000610293973510367	0.00034892610476931	0.000223469527773603	0	0.000135911291745349	9.67061114341908e-05	0	0	0	0.00138132918629648	0.0041570559523265	0.000288811494958867	0.0346704477885011	0.00377023150658974	0.00106638090446351	0	0	0.00630680667272169	0	0	0	0	0	0.000244378957272888	0.000227390045804719	0	0.000882116557001065	0	0.0120817297325553	0.000241765278585477	0.0120098535686515	0.000262674708084762	0.000193412222868382	0	0	0.000671715422664515	0	0	0.00142053436660764	0	0.000964447435654498	0	0	0	7.05693245600852e-05	0.000439098019484975	0.000666488065289694	0.000115001862246065	0.000709613763631968	0	0.000329323514613731	0.0015590593370404	0	0.00011630870158977	0.00977515829091551	0	0.000640351278415588	0.00018557118680615
NS39	0.00219829038879868	0.000633827629522963	0	0.000457658016483348	0	0	0	0	0.0192637642084623	0.00143425043659426	0.00239935353411563	0	0.0284944774656086	0	0.00343147768007598	0	0	0.000584998008517418	0.0117928321946138	0.000123510217837556	0.0010876558718098	0	0.000141701645270995	0	0.000134999540427096	0.0730979426453016	0.00506774870553632	0.00330988234933668	0	0.0481010064646588	0.000775529274793958	8.99996936180643e-05	0.0453550583657588	0	0.0068371043843255	0.00111733662183278	0.000191488709825669	0.00136339961395876	0.00412849658384142	0.00338169061552131	6.98933790863691e-05	0.00160946260608475	0.00734359202181439	0.000717125218297129	0.00475657955206961	0.0208425886209749	0	0	0.0140409096479672	0.000331275467998407	0.000855954532920739	0.000671167927938969	0.000528508839118846	7.18082661846258e-05	0	0.000109148564600631	0	0	0	0	0	0.00190818499341279	0.000410743282576059	0.000305424492171942	0.00527264162504979	0	0	0.00758869757039125	0.000214467355004749	0.0217655642023346	0.00162669658996906	0	0	0.0160218603511137	0	0	0.0141155902447992	0.0066513603357946	0.00971613713655443	0.000642444621465118	0	0	0	0.0106697509114863	0	0	0.00798795153037777	6.31912742424707e-05	0.0179836621832777	0.0010876558718098	0	0.000193403596923925	0.00116137902509268	0.270793758999969	0.000165637733999203	0	0	0.00169276019485891	0	0.000131169766230583	0	0	0.000532338613315359	0	0	0	0.0066781687551702	0	0	0.0783801587058427	0	0.000100531572658476	6.1276387144214e-05	0	0.000590742669812188	0.00218105640491437	0.00136531450105702	0.000157020742057048	0.000330318024449278	6.03189435950856e-05	0	5.55317258494439e-05	0.000339892459940562	0	0.000505530193939765	0	0	0	0	0.000324573363154508	0	0.000692231686019792	0	0.000860741750666381	0.0150146297374307	0	0	0	0.00019627592757131	0.000470104782622017	0.000130212322681455	0	0.00300254297006649	0.00751305953001011	0	0	0	0	0	0.000145531419467508	0	0	0.000194361040473054	0	0.00049116854070284	0.0029489261313153	0.00411030515640798	0	0	0	0.0012465915009651	0	0	8.42550323232942e-05	0	0.000290105395385888	0	0	0	0	0	0.00616019179509176	0.00146680351726462	0.00342094580103557	0.000860741750666381	0.00609221330310365	0	0	0	0	0	0	0	0	0.00246733202610374	0	0	0.0573795918992616	0	0	0.0294471337969913	0.000402126290633904	0.000235531113085572	0	0	0.000209680137259107	0	0	0	0.000136914427525353	0	0	0	0	0	0.000353296669628359	0.00442721897116946	0.000136914427525353	0.0159060096816692	0.0010943579766537	0	0	7.08508226354974e-05	0	0.000305424492171942	0	0.000680742363430252	0.000644359508563375	0	0.00108286865406416	0.000388722080946107	0.000304467048622813	0	7.18082661846258e-05	0	0.00167456876742547	0.0025573317197218	0.0006012745488526	0.000179999387236129	0	0.000243190661478599	0	0	0	0.00011585066944453	0	0	0	0	0	0.00012733999203407	0.000180956830785257	0	0.000163722846900947	8.80848065198076e-05	0	0.00150893103342627	0.00215616287263703	0.000873188516805049	0	0.00854997089371611	0.00296616011519961	9.95741291093477e-05	0
NS4	0	0.0080278878425371	0	0.00471426515042464	0	0	0	0	0.135975960846409	0.00227568886228815	0	0	0.00698427189320646	0	0.00187225837733819	0	0	0	0.0351221276885895	0	0.000578629169728698	0	0	0.000121218549468532	0	0.114874463039707	0	0	0	0.0386829225792277	0.000155311266506557	0	0.0253223655799929	0	0	0.00463945057692453	0	0	0	0	0	0	0	0	0	0	0	0	0	0	0.00210049017750941	0	0	0	0	0	0	0	0	0	0	0.00519913934829877	0	0	5.87152348988204e-05	0.000184668883955967	0.000418582803633526	0.00625601357647754	0	0.00143473517535021	0.0131474775177472	0	0	0.00215731137257279	0	0	0.00372273529656876	0.00438849029872796	0	0	0	0	0.000221602660747161	0.000650602683475639	0	0	0.00717178183691559	0.00566128506814755	0.00191960937322434	0	0	0	0.000684695400513664	0.140416537240611	0.000199821202639534	0	0	0	0	0	0	0	0.000608933807095831	0	0	0	0.00579197381679332	0	0	0.010119854840787	0	0	0	0	0.00223875508549696	0	0	0.000148682127082497	0.000911980180767162	0	0	0	8.71258324305077e-05	0	0	0	0	0	0	0	0	0.00156637094391369	0	0	0.158756524967233	0	0	0	0.00274825180123188	0	0	0	0	0	0	0	6.06092747342662e-05	0	0	0	0	0	0	0	0.00331078163235929	0.00260619881357345	0	0	0	0	0	0	0	0	0	0.000170463585190124	0	0	0	0	0	0.00442258301576599	0.00148966233057814	0.00208817891857902	0	0.00290735114740933	0	0	0	0	0	0	0	0	0	0	0	0.17556802254665	0	0	0.00308539089194124	0	0	0	0	5.87152348988204e-05	0	0	0	0	0	0.000392066245937285	0	0	0	0	0.00726837786852333	0	0.010888835013978	0	0	0	0	0	0.000248119218443402	0.000176145704696461	0	0	0	0.001913927253718	0.0196355109740668	0	0.00013352980839893	8.04966930064473e-05	0	0	9.84900714431826e-05	0.000608933807095831	0	0	0	0	0	0	0.000682801360678218	0	0	0	0	0	0	0	0	0	0	0	0.00112411264233709	0	0.00241679483002886	0	0.000244331138772511	0	0	0
NS40	0	0.000632395268705099	0	0.00437365965395051	0	0	0	6.2191357916855e-05	0.058953214629364	0.00360570120057272	0	0.000957327644338106	0.0137163389275275	0	0.0127673966348186	0	0	0.00254774933668375	0.0135528245707573	0	0	0.000563914897066315	0	0.00010202177815574	0	0.0152906886959171	0.00859847931648204	0.0050822218666212	0	0.0525104694608988	0	0.000104118116063049	0.0543734150811947	0	0	0.000141852198394624	0.000134165626067822	0.000219416700965084	0	0.00489564779287063	0.114779391880324	0	0	8.45522955948254e-05	0	0	0	0	0	0	0.00953693991965436	0.000160020460257975	0.000511506449383572	0	0	0	0.000265536134925898	0	0	0	0	0.000218019142360211	0.00194051012286636	8.45522955948254e-05	0.0099198709773896	0.0009992544024843	0.000413677347042452	0.0141998942048136	0	0.0076711991821487	0.000788921832450892	6.2191357916855e-05	0	0	0.000317245803306204	0.000568806352183371	0.0315554757394308	0.00562796850182416	0.0127003138217847	0	0	0	0	0.0121545671865818	0	0	0.00365671208965059	0.000431146829603366	0.0326246080721587	0.00242127028294273	0	0.000510108890778699	0.000788921832450892	0.106018795765677	0.000357775002847526	0	0.00012438271583371	0.00128156124066868	0.000263439797018588	0	0	0	0.00134864405370259	0.000402496878203466	0.000232693507711379	0	0.0131447374581344	0	0	0.0755072963040864	0.00057299902799799	0.00017329726700427	0	8.66486335021351e-05	0	0	0.00402916145784928	0.000382232278432806	0.00444633270140392	8.10583990826425e-05	0.000272523927950264	0	0.000238982521433308	0	0.000164911915375031	0	0	8.31547369899523e-05	0.000608636772422256	0.000617720903353931	0	0.00104118116063049	5.31072269851796e-05	0.000484254056588545	0.00363225481406531	0	0	0	0.00160928873351143	0.00136192086044888	0	0.0059955264149058	0	0.00487678075170485	0	0	0	0	0	0	0	0	0.00145835240418513	0	0	0.00490822582031449	0.00236327160084049	0.00886052155489575	0	0	0.000684803716387842	0	0	0	0.0254173983468279	0.000555529545437076	0	0	0	0	0	0.00168545567747702	0.00553153695808792	0.00292788527720924	0.001035590926211	0.0109778228412786	5.17096683803064e-05	0.00149119503139965	0	0	0.00342891003705627	0	0	5.45047855900527e-05	0.00110826397366441	0	0	0.0288225498876013	7.54681646631499e-05	0.000129972950253203	0.0213665747306031	0	0.000138358301882442	0	0	0.00080149985989475	0	0	0	0	0	0.000122985157228837	0.018365317626638	0	0	9.64315437362471e-05	0.0264425075835024	0.000125780274438583	0.0224999947591552	0.00795490357893795	0	0	7.12754888485305e-05	0	5.79986821022356e-05	0	0	0.00128295879927355	0	0.000480061380773926	0.000575794145207737	0	0.000259945900506405	0	0	0.00125011617205903	0.0267457778007599	0.000688297612900025	0	0.00253237619203014	0	0	0.00164073380212107	0	0	0	0	0	0.00246599215829867	0	0	0.000259945900506405	0	0.000645672075451394	0	0	0.00022640449398945	0.00163514356770158	6.35889165217282e-05	0	0.0109212217177812	0	0.000943352058289374	9.78291023411203e-05
NS41	0.000176163613628597	0.00192720763390525	0.000185640770057983	0.0010999076255988	0	0	0.000278739894981957	0	0.0786877148736165	0.0011957941494726	0.00167968660716127	0.000175606133838633	0.0296690744218795	0	0.00033894771229806	0	0	8.02770897548037e-05	0.00122589805813065	0	0.00134965857150264	0.000383546095495173	0	4.5713342777041e-05	0	0.0874139460259217	0.00190435096251673	0.00927033142730993	0	0.00403280880059896	4.01385448774018e-05	0	0.00405399303261759	0	0.000406960246673657	0.000201807683966937	4.79432619368966e-05	0.00137586012163094	0.0127980635382016	0.00279297374771921	0.00789502878546896	0.000773781948469913	0.0175845850148318	0.000458805867140302	0	0	0	0	0	0	0.00117349495787404	0.000131565230431484	0.000281527293931777	0	0	0	8.4736928074515e-05	0	4.40409034071492e-05	0	0.0129993137423786	0.00148847103920365	8.58518876544428e-05	0	0.00664014177826018	0	0.000335045353768313	0.00144554509537643	0	0.0317757905481532	0.00150575291269253	0	0	0	0	0.000105921160093144	0.00494763313592974	0.00672432122654473	0.00842240466677482	5.46330194164636e-05	0	0	0	0.00754716139653147	0	0.00033616031334824	0.00517452741044505	0	0.00495209297424945	0.000392465772134596	0	0.000166128977409246	0	0.111012623014884	0.000109266038832927	0	0	0.00404786075492798	3.84661055075101e-05	0	0	0	0.000366264222006292	0.000236928910734664	5.46330194164636e-05	0	0.00166184725388243	0	0	0.00703037763123492	3.95810650874379e-05	0.000170031335938994	8.91967663942263e-05	0	0	0	0.00194894934571384	0.000128777831481664	0.000671763146906517	4.51558629870771e-05	3.28913076078709e-05	0	0	0.000111495957992783	0.000467725543779724	0	0	0	0.000212957279766215	0.000120415634632206	0	0.000332257954818493	0	0	0.00603806360509916	0	0	0	0.000726953646112944	0.000199020285017117	0.000123203033582025	0.00103746988912284	0.000453788549030626	0.000163341578459427	0	0	0	0	0	0	0	0	0.0001282203516917	0	0	0.00148233876151405	0.00157376544706813	0.00122534057834068	0	0	0.00062381988496962	0	0	0.000175606133838633	0.000762074872880671	9.70014834537211e-05	0	0	0.000129892791061592	4.79432619368966e-05	0	0.00438736594701601	0.00132011214263455	0.00104192972744256	0.00103691240933288	0.024284934610408	3.9023585297474e-05	0.00216246410527002	0	0	0.000109266038832927	0	0.000218532077665854	0	0.00127997359775715	0	0	0.0423712514362073	0	0	0.352123747133857	0	5.24031002566079e-05	0	0	0.000476645220419147	0	0	0	0.000117628235682386	0	0.000369609100746075	0	0	0	0.000134352629381303	0.0277831202924316	9.19841653440459e-05	0.00266419591623755	0.000875243270243346	0	0	0	0	0	0	0.00015665182097986	9.7558963243685e-05	0	0.000201250204176973	0.00290000986739228	0	0	0	7.52597716451284e-05	4.01385448774018e-05	0.00627053267751411	0.000657826152157419	0.00063385452118897	0.000713016651363846	0	0.000109266038832927	0	0	0	0	0	0	0.000196790365857262	0	0	0.000154979381609968	0	0.00030048160679055	0.000584796299672146	0.00055970970912377	0.000616015167910125	0.000371839019905931	0.000542427835634889	0	0.00998446303825371	0.00135467588961231	0.000254768264013509	0
NS46	0	0.000459718093025203	0	0.00373030940987699	0	0	0.00213376905580497	0.00571796651363519	0.073964721090993	0.000962200659820193	0.00221840707680767	0.00157783089679774	0.00874355303284757	0	0.00592109776404167	0	0	0.00164732316667365	0.023895540645405	0.00122680584127075	0.00105842072580221	0.00195469282189399	0.00085974410808008	0	0.00151724789229055	0.06869310877233	0.0108710856028944	0	0.00321179016541833	0.0301881547753217	0.00055237445285974	0.000154130290878605	0.0736475512438671	0	0	0	0	0.00115018615909988	0.00621332166813521	0.00389602174573491	0.0452742138241507	0	0	0.00105307516658099	0.0064797087026595	0.0188101319729479	0	0.000131857127456841	0	6.41467106546795e-05	0.00014611195204677	0.00344343106500467	0.000166603262394793	0.00154041198224918	0.000203131250406485	0	5.88011514334563e-05	0	5.61283718228446e-05	0.00021114958923832	0	0.00066463119650543	0.00230482695088411	0.00114216782026804	0.00277790894196237	0.000143439172436158	0.000914090626829184	0.000511391832163695	0.00699733702058129	0.0517877777352113	0.00132035312764215	0	0	0.00492949652850475	6.59285637284206e-05	0	0.0225564780604886	0.00798715640304447	0.00345234033037338	0	0	0.00186114553552258	0.00204289454904417	0.000572865763207763	0	8.46380210027022e-05	0.000654831004599854	0.00112167650992002	0.0513574602179028	0.00622044908043017	0	0.000216495148459543	0.001651777799358	0.040771471106807	0.000182639940058463	0	8.37470944658316e-05	0.00445552361088962	0.000294896683704152	0.000752832923655614	0.0160607326801654	0	0.000919436186050407	0	0.000151457511267993	0	0.0117664667724493	0	0	0.105129331350725	0.000735014392918203	0.000332315598252715	0.000416953619255417	9.8892845592631e-05	0	0.000363498027043184	0	0.000485554962594449	0.00142726431206662	0.000330533745178974	0.000193331058500909	0	0.000565738350912799	0	0.000463281799172686	0	4.72191064541391e-05	0	0	0.000428535664234734	0	0	0	0.000868653373448786	0.00178274400027797	0.000218277001533285	0	0	0.00098981938246318	0.000614739310440679	0.000252132209934365	0	0.000143439172436158	0.00356637892709281	0	0	5.70192983597152e-05	0.000163039556247311	0.000302024095999116	0.000118493229403783	0.000251241283397495	0	0	0	0.000450808827656498	0.0261504757102244	0	0	9.17654332976666e-05	0	0.000708286596812087	0.000450808827656498	0	8.64198740764433e-05	0.00145310118163587	0.000275296299893	0	0	0.000124729715161877	0	0.000797379250499142	0.00260952382649384	0.00933601917986649	0.00564847424375928	0.00167316003624289	0.00326257297801995	0.000339443010547679	0	0.000122947862088136	0.00012918434784623	0	0	0	0.000120275082477524	0	0	0	0.0442710305436345	0	0.000387553043538689	0.00397887791366387	0.000383989337391207	0.000103347478276984	0	5.52374452859741e-05	9.0874506760796e-05	7.12741229496439e-05	0.000121166009014395	0	0	8.01833883183494e-05	0.000554156305933482	0	0	0	0.00184778163746952	0.0030674600664453	0.000185312719669074	0.0479951034677534	0.0216156596375533	0	0	0.000241441091491919	0.00066463119650543	0	0	0	0	0.00017818530737411	0	0	0.000374189145485631	0.00101832903164304	0.00328039150875736	0.00391384027647232	0.00202151231215928	0.00462479965289502	0	9.62200659820193e-05	0	0	0.000402698794665488	0	0	0.00310309712792012	0.000157693997026087	0.00071274122949644	0	0	0.000738578099065685	0	0.0001300752743831	0	0.000776887940151119	0.000388443970075559	0.000338552084010809	0.000594248000092656	0.000785797205519824	0	0.000166603262394793	0.0130093092913838	0	0.000640576180009925	7.12741229496439e-05
NS51	0	0.000135058138307975	0	0.000988316064180753	0	0	0	0	0.0667116860461027	0.00338348773573624	0	0	0.000167415817277594	0	0.0201011529181702	0.000124506721252664	0.000116065587608416	0	0.0441830037774073	8.65216198535463e-05	4.15022404175547e-05	0	0	0	0	0.00549799171362047	0	0.000220876330357834	0	0.0979544319468771	0	0	0.172042261942446	0.000180077517743966	0	0	9.42593256941074e-05	0	0.000386181864224365	0	0	0	0.000128023860271101	0	0	0	0	0	0	0.000851147642461716	0.00840736910967143	0	6.96393525650495e-05	6.33085023318632e-05	0	5.20536574728653e-05	0	0	0	0	0	0.000315839083855628	0.00300293329394138	0	0.00999148852357538	0.000186408367977153	0.00117753814337266	0.0200097073036909	0	0.00525249541013358	0.000913752716989892	0	4.22056682212421e-05	8.79284754609211e-05	0	0	0.0090214615822905	0.00219891531432671	0	0	0.000184298084566091	0	9.98867481236063e-05	0.00698292780720451	0	4.71296628470537e-05	0.00955395642968184	0.00434718382678794	0.0136690090812529	0.00194286759378451	0.000424870393427171	0	0	0.0956851738521817	0	0	0	0	0.00070835179831318	0	0.00779538692046342	0	0.00064433986817763	0	0	0	0.0610765259107632	0	0	0.0700508578302066	0	0	0	0	0	0	0	0.000526867424961839	0	0.00135128481088343	0	0	0.00299167844908238	0	0	0	0	0	0	0.00131892713191382	0	0.00223619698792214	0	0	0.00300645043295981	0.00109383023473386	0	0	0.000407988126138674	0.000483254901133222	0	0	0	0.00115643530926203	0.000107624453964167	0	0	0	0	0	0	0	0	0	0	0.0311280871687734	0	0	0	0	0.00410168752330105	0	0.00126476319102989	0.000154050689007534	0.000756184888963921	0	0	0	0	0	5.69776520986769e-05	0.000508578302065967	0.0173458262111268	0.00371691251468406	0	0.00080472140741835	8.5818192049859e-05	0.000168822672884968	0	0	0	4.07988126138674e-05	0	0.00131118942607325	0.000246903159094266	0	0	0.0168766398660673	0	0.00186900767439734	0.00030739795021138	0	0	0	0	0.000276447126849136	0	0	0	0	0	0.000581734793649454	0	0.00161929080408832	0	0.0135430955043929	0.0439220320622393	0	0.0450707296656608	0.000206807774284086	0	0.0194188279485935	0.000154050689007534	0	0.000628864456496508	0.000329204212125688	0	0.00240150252178868	0	0.00511251327719979	9.70730369088569e-05	0.000948220679370573	0.00184438770126828	0.000177967234332904	0	0	0.00695127355603858	0.00679792629483473	0	0	0	0	0	0	0.000633085023318632	0	0	0	0.00289530883997721	0	0	0	0	0	0	0	0.000706944942705805	0.00122115066720127	0.00135409852209818	0	0.000282777977082322	0	0	0
NS55	0.00103755778564698	0.000185636547722139	0	0.0070501750502473	0	0	0	0.000458572444913609	0.261060175341245	0.00242832673236528	0.000110378487834785	0.000129443863006248	0.000350200838675819	0.000199684718901112	0.0101708759335762	0	0	8.62959086708323e-05	0.0163039060939963	0	0.000181622784528147	0	0	0	0	0.0206086671195529	0.00456063842917364	0	0	0.0124918345005022	0	0	0.143849259109486	0	0	0.00068936382856816	6.32167703053771e-05	9.13131126633225e-05	0	0	0	0	0	0	0	0	0	0	0	0	0.00609088564688316	0	0.000486668787271554	0	0	6.32167703053771e-05	0	0	0	0.000146502356580715	0	0.000207712245289096	0.00256479468096102	0.000132454185401743	0.00624942929304585	0.00024182923243803	0.000158543646162692	0.00674713592910089	0	0.0021594045983678	0.00178813150292352	0	0	0.000381307503429259	6.32167703053771e-05	0	0.0183539356453278	0.000951261876976151	0.00108873326637038	0	0	0	0.00144395130903869	0.00934705103800933	0	0	0.00636783530726862	0.000806766401992432	0.0298001848337951	0.00175602139737159	0	0	0.041423039602798	0.0738803356710159	0.000490682550465546	0	0	0	0	0	0	0	0.000622133295068791	0	0.00011338881023028	0	0.0362964605632715	0	0	0.0346357660417572	0.000430476102555663	0	0	0	0	0	0	0.000984375423326587	0.00703211311587433	6.72305334993693e-05	0	0	0.000212729449281587	0	0.00121617024777964	0	0	0	0	0.000380304062630761	0	0.00184131386524392	0	0	0.0171909477598686	0	0.000111381928633284	0	0.000186639988520637	0.000233801706050046	0	0	0	0.012368411282287	0	0	0.000119409455021268	0	0	0	0	0	0	0	0	0.0240875963679457	0	0	0	0	0	0	0	0	0.000475630938488076	0	0	0	0	0	0.000596043834307842	0.00172391129181965	0.0132393978953833	0.0017479938709836	0	0	0	0	0	0	0	0	0	0	0	0	0	0.0211715974075104	0	0	0	0	0	0	0	8.93062310663264e-05	0	0	0	0	0	0.000569954373546892	0	0	0	0.00568750244588695	0.0665130733284432	0	0.0372748153418071	0.000790711349216463	0	0	0	0	0.000190653751714629	5.81995663128869e-05	0	0	0	0.0015442953888885	0	0.000181622784528147	0.00234905490928393	0.000103354402245299	0.000420441694570683	0	0.00759102964063775	0.00165066011352929	0	0	0	0	0	0	0.00152824033611253	0	0	0	0	0	0	0	0	0	0	0	0	0	0.000949254995379155	0	0.000124426659013758	0	0	0
NS58	0.00205352106791452	0	0	0.000957822390273455	0	0.000208903465708496	0	0	0.13539451419499	0.00056403935741294	0	0	0	0	0.011581608138879	0	0	0	0.0795687187950448	0	0	0	0	0	0	0.000227704777622261	0.0091776515072385	0	0	0.0249200944243665	0	0	0.35923771125363	0	0	0	0	0	0	0	3.34245545133594e-05	0	0	0	0	0	0	0	0	0	0.00210783596899873	0	0	0	0	0	0	0	0	0	0	0.00117926006392446	0.00343489523491195	0	0.00262852785727715	7.41607303265161e-05	0.000360358478347156	0.0109235622218973	0	0.000771898305792893	0.000188535377801918	0	0	0	0	0	0.0283382773820218	0.000242850278886127	0	0	0	0	0.000168689548559611	0.00111084417890493	0	0	0.000209425724372767	0	0.00110614385092649	0	0	0	0.0194259332762331	0.0102075455931814	0.00181798241032819	0	0	0	0	0	0	0	0.000232927364264973	0	0	0	0.0922627378888216	0	0.000149888236645846	0.0204432931542334	0	0	0	0	9.60955942259082e-05	0	0	0.000490400885750695	0	0	0	0	0.000678936263552612	0	0	0	0	0	0	0	0	0.0241831874490798	0	0.00182894984227788	0.00246714993001734	0	0	0	0	0	0	0	0	0	0	0	0	0	0	0	0	0	0	0	0	0.0107083916522175	0	0	0	0	0.000590152290626502	0	6.63268503624475e-05	0	0	0	0	3.70803651632581e-05	0	0	0	0.00024859512419311	0.00107533058973448	0.00179970335707869	0	9.24397835760095e-05	0	0	0	0	0	0.00061887651716142	0	0	5.11813490985815e-05	0	0	0.000559339029434498	0	0	0.00406787273600869	0	0	0	0	0	0	0	0	0	0	0	0	0.00115210261338236	0	0.0133614656667154	0.0815679249618751	0	0.000716538887380142	0.000139443063360421	0	0	0	0	0.0010241492406359	0	0	0.00077503185777852	0	0.00853788464350624	0	0.000102362698197163	0.00100273663540078	0.00803494954981303	0	0	0.00911811401951158	0	0	0	0	0	0	0	0.000865904865361716	0	0	0	0	0	0	0	0	0	0	0	9.87068875472644e-05	0.00165294867241848	0.000878439073304226	0	0	0	0	0
NS6	0	0.00128473771432214	0	0.00623911126691737	0	0	0	0	0.0536276743790766	0.00197125905623898	0	0	0.0444266949242569	0	0.0169538901990779	0.000171962309048803	0	0	0.0419275978923662	0	9.36165466250239e-05	0.000159347313404296	0	5.70994539698727e-05	0	0.18154771389721	0.00790163490343553	0	0	0	5.70994539698727e-05	9.69362823209467e-05	0.0852269105742877	0	0	0.000227733868740306	0	0.00430835298616865	0.00150384027025304	0.00026757069709138	0	0	0	0	0	0	0	0	0	0.00118116196060934	0.00347377143221365	0	0	0	0	0	0	0.000399032230649925	0	0.000187233093250048	0	0.000565682962585251	0.000105567595130346	0	0.000859811545244014	0.000150716000594897	0.00209807295982323	0.00430237746191599	0.000884377589393843	0.00161471944249687	0.00104505279707651	0	0	0.00046808273312512	0.00023702912868889	0	0.0256655406123186	0.00258275437142796	0.00266242802813011	0	0	0	0.00155164446427433	0.0030156479061763	0	0	0.00364506979412327	0.000181921516136571	0.0375734325535938	0	0.000401688019206663	0	0.00597154056982599	0.064770035268872	0.000320022521086961	0	0	0.00198719378757941	0.00236033207980113	0	0	0	0.000863131280939937	0	0	0	0.0285178575222555	0	0	0.00316835574818875	0	0	0	0	0	0	0	0.000218438608791722	0	0.00653855142668961	7.63539210062252e-05	0	0.000430237746191599	0	0	0	0	0	0	0.000573650328255466	0	0.00192146302080014	0	0	0.0109637591093547	0	0	0	0.000347908300932713	0.000217774661652538	0	0	0	0.0022972571015786	0	0	0	0	0	0	0	0	0	0	0.00122896615463063	0.0101763178022819	0	0	0	0	0.000298776212633055	0	0	0	0	0	0	0	0	0	0.000144076529203051	0.00744085558884144	0.0101783096436994	0.000800720249856587	0.000375794080778465	0.0390281407355472	0	0.00188693776956254	0	0.000208479401703954	0	0	0	0.000837237342511739	0	0	0	0.181585558884144	0	0.00234705313701744	0.00360456901863301	0	0.000115526802218115	0	0.000138764952089574	0.000188560987528417	0	0	0	0	0	0	0.0108037478488113	0	0	0.00122299063037797	0.0268447107315104	0	0.00732001720950985	0.00112140671808273	0	0	0.000142084687785497	0	0.000377785922196018	0	0	0	0	0.000541116918435422	0	0	0.000122830220749145	0	0	0	0.0118507924873053	0.00148524975035588	0	0	0	0	0	0	0.00112738224233539	0	0	0	0	0	0	0	0	0	0	0	0.00078212972995942	0	0.000604191896657956	0	0.000621454522276754	0	0	0
NS62	0	0	0.000140374160945356	0.00801834222369686	0	0	0.00291595416145581	0.00511621279021294	0.129350535548693	0.00115595994657274	0.00734624775614031	0.000222259088163481	0.00813744757237777	0	0.022149341092196	0	0.00015526232953047	0.00076355036029368	0.0827537581991271	0	0	0.000313714980900607	0	7.33774023123453e-05	0	0.0100229277796211	0.0179997958194023	0	0.000378584858307173	0.021862212126626	0	0.000139310720332134	0.248898275524702	0	0	0.00225236721880503	0	0	0.00102515675114639	0.000309461218447717	0	0	0.0192004202717303	0	0	0.00317117990862918	0	0	0	0	0.0014292641841709	0	0	0.000138247279718911	0	0	7.55042835387901e-05	0	0	0.000243527900427929	0	0.000319032183966719	0.00051045149434675	0.000690172957981335	0.00731966174080975	0.00102941051359928	0.000810341747275465	0.000376457977080728	0	0.0383508588346392	0.000542354712743422	0	0	0	0	7.76311647652349e-05	0.0190334600954544	0.00111342232204385	0.000119105348680908	0	5.95526743404541e-05	0	0.000433883770194737	0.00487055800855857	0.000969857839258824	0	0.00101664922624061	0	0.0041548624758599	0.00353806692019091	0	0	0.00572769114281582	0.0274069914839676	0	0	0	0.000730583701283786	0	0	0	0.000406234314250955	0.00035518916481628	0	0	0.000197799954059366	0.0457577227057332	0	0	0.0346160554010022	0.000881592268361366	0	0	0	0	0	0	0.000863513777936585	0	0.0002754311188246	0.000119105348680908	0	0.00315416485881762	0	0	0	0	0	0	0	0	0.00433458393949448	0	0.00118148252129008	0.00970495903626758	0	0.000225449410003148	0.000455152582459185	6.27429961801213e-05	0.00163876198497571	0	0	0	0.00511195902776005	0	0	0	0.00146967492747335	0	0	8.72021302842364e-05	0	0	0.00019992683528581	0	0.00956245799409578	0	0	0	0	0.000126549432973465	0	0	0.000196736513446143	0.000875211624682031	0.000396663348731953	0	0	0.000345618199297278	0	0	0.00081246862850191	0.0165694681946181	0.00288617782428558	0.000206307478965145	0.00197161889691432	0	0	6.16795555668989e-05	5.52989118875645e-05	0	8.82655708974588e-05	0	0	0.000477484835336855	0	0	0.00287341653692691	0	0	0	0	0	5.74257931140093e-05	0	0	9.88999770296828e-05	0	6.69967586330109e-05	0.000182911785474252	0	0	0	0	0	0.00233425214602316	0.00769080251482436	0.018720808555167	0.0907136111890968	0.00135269646001889	0	0.0019896973873391	0.000152072007690803	0	0	0	0	0	0	0.00184187914210119	0	9.57096551900156e-05	0.00148030933360557	6.27429961801213e-05	0	0.000572131049913649	0.00376245288958083	0	0.000238210697361817	0	0	0	0	0	0.00180359528002518	7.76311647652349e-05	0	9.57096551900156e-05	0	0.000186102107313919	0	0	0	0.000120168789294131	0.000242464459814706	0	0	0.00103685459789184	9.25193333503484e-05	9.1455892737126e-05	0.000947525586381154	0	0	0.00032860314948572
NS67	0.000512435979710546	0	0	0.00856636969553503	0	4.92595334301192e-05	0.000842885349804262	0.0014504195954424	0.0204194449271575	0.00296036112711286	0.00423016243331149	0.000409127791544601	0	0	0.0128628956669399	0	5.81536158550018e-05	0.00956455940768148	0.00108576221602221	0	0.00601308387940719	0.000443335800871073	0	0	0	0.0047651756991775	8.75725038757675e-05	0	0.00178497392665529	0.0682627667711607	0.000400233709119718	0	0.0438580887574693	0	0	0	0	0	0.025953616675994	0.0508269444174581	0.0603258244472328	0	0.0372340498314913	0.000148462760476887	0	0	0	0	0	0	0.000560327192767606	0.00213663226253142	9.98873872332973e-05	0.00133069156279975	0.000441283320311484	7.32051399586494e-05	0.000179249968870712	0	0	0	0	0.00160709227815764	0.000932510334239618	0.00161735468095558	0.0156535850677934	0.000621901609555255	0.000487122052808956	0.0139582361255735	0	0.01163277565156	0.000383129704456483	0	0	0.0978027511449421	0	0	0.0337947765738079	0.00204769143828259	0.000138884517865475	0	0	0.00153320297801246	0.000472754688891838	0.00590703905049513	0	0	0.0172319426181168	0.00260596615049061	0.000273664074611773	0.00621422697424684	5.40486547358252e-05	0	0	0.0275251326244522	0.00232409215364048	0	0.000439230839751896	0	8.27833825700614e-05	0.00034960585531654	0	0.00254918085500867	0.00110149790031239	0.000184723250362947	0.00531113552802799	0	0.00276948043507115	0	0	0.0518388173333352	0	0	9.03091446218852e-05	0	0	0.00142921062965999	0	0	0	0.000725893957907729	0	0	0.00179592048963976	0	0.00161051307909029	0	0.000799783258052907	7.86784214508848e-05	0	0	8.89408242488263e-05	0.00245408258908108	0	0.00054322318810437	0.00762564943905706	0	0	0	0.00103102940109986	0.0062272260177909	0.000954403460208559	0.00584888543464012	0	0	0	0.000131358755813651	0	0.000911301368457205	0	0	0.000131358755813651	0.000357131617368364	0.000346869214570423	0	6.84160186529433e-05	0.0896126695519982	0	0	0.000225088701368184	0	0	0	6.43110575337667e-05	0	0	0.00157904171050993	0	4.31020917513543e-05	0.00115486239486168	0	0	0.00047070220833225	0	0.00255739077724702	0.00102418779923456	0.000877777519317263	0	0	0.000502173576912604	0	0	0.000344816734010834	0	0.000781995093203142	0	0	0	0.00458797821086638	0.000691001788394728	0	0.0151028361176372	0.00214347386439671	0	0.000262717511627302	0	0	0.000431020917513543	0.000708789953244493	0.00110491870124503	0.00207437368555724	0.000194301492974359	0.00166114093289346	0	0.000472070528705309	0	0.00261691271347508	0.00435810038819249	0.0118284454649074	0.077414777586365	0.0151213084426735	0	0.000185407410549476	0.000477543810197544	0	0.000103992348352474	0.000811413981223908	0.000257928390321596	0.00112407518646786	0	0.000983822348229325	0	7.25209797721199e-05	0.00178634224702835	0.000649952177202962	0	0.0023384595175576	0.0316082006176598	0	0	0	0	0	0	0	0.00147231272141134	0	0	7.45734603317082e-05	0	0.000175145007751535	0	0.000101255707606356	0.000444704121244132	0.000964665863006501	0.000309240404311304	0	0.00010809730947165	0.0042677912435706	0.00031334536543048	0	0.000723157317161611	0	0	0
NS7	0	0.000293040591901201	0	0.000948472449425001	0	7.27502165508782e-05	0	0	0.0315851524287014	0.00143596689117248	0	0	0.0146017163611837	0	0.0159424960531308	0	0	0.000224369826745699	0.00781078960501392	0	0	0	0	0.000130542444652043	0	0.00530940599108232	0.00690379157810858	0	0	0.105359311279819	0.000381428705467689	0	0.128553712096797	0	4.28342396514517e-05	0	0	0	0.00168889287768581	0.00258501236753681	0	0	0	9.79068334890324e-05	0	0	0	0	0	0.000692826828648083	0.00176300291136848	0.000129862536086147	0	8.02292107757349e-05	0	0	0	0	0	0	0	0.0023796799806362	0.00180311751675635	0	0.00757894078404336	0	0.000322276660234732	0.0319325857058743	0	0.00131358334931118	0.00555689270906848	0	0	0.00445136138092149	0	0	0.0389043681405725	0.00226817497582925	0.00426914588526135	0.00022776936957518	0	0	0.00124967194411696	0.00437181207871165	0	0	0.00647204963876458	0.000221650192482115	0.00108377425403832	0.000371909985545144	0	0	0.000984507603417492	0.166678905020853	0	0	0	0.000702345548570628	0	0	0.00886396797358691	0	0.000104705919147993	0	0	0	0.0116617917222492	0	8.29488450393191e-05	0.0266027824578151	0.000128502718954355	0	0	7.27502165508782e-05	0.000310038306048603	0.000116944273334122	0	8.43086621711112e-05	0.000223010009613907	0	0	0	0.0233643779584521	0	0.000429022305080413	6.11917709306452e-05	0	0	0	0.00027944242058328	0	0.000963430437874715	0	0.000927395283882224	0.020801122665024	0	0	0	0.000199213209807545	0.000224369826745699	0	0.0284922483624402	0	0.00173512666016674	0	0	0	0	0	0	0	0	0.000210091746861882	0	0	0.00583701503821766	0.0016739348892361	0.0104127996866981	0.000125783084690771	0	0.00100626467752617	0	0	0	0	0	0	4.96333253104123e-05	0	0.00012238354186129	0	0.0010001455004331	0.00451799242037931	0.00160662394121239	0.000274003152056112	0.000962070620742923	0	0	0	6.11917709306452e-05	0	0.000641833686205879	0.000109465279109265	0	0.000370550168413352	0	0	0.00868923147215163	0	0	0.09974122679982	0	0	0	0	0	0	0	0	0	0	0.00266796121257613	0	0	0	0.0683131332498406	0.0223010009613907	0	0.00611645745880094	0.000133941987481523	0	0	3.87547882560753e-05	0	0.000357631905661327	0	0	0	0	0.0052441347687563	0.00126191029830308	0.00221242247342577	0	0.00432829793049431	0	0	0.00482735081786201	0.00165693717508869	0.000143460707404068	0	0	0	0	0	0.000649312680430736	0	0	0	0	0	0	0	0	0	0.000124423267558979	0	0.00159710522128984	0.00121567651582215	0.00091583683826199	0	0.00194249877276504	0.000962750529308819	0	7.0030582287294e-05
NS70	0	0	0	0.00338870915549649	0.000129004453176068	0	0	0.00100320781464294	0.219189376375177	0.0041447184928244	0	7.85557843362649e-05	0.000270981421196657	0	0.0167727409986963	0	0	0	0.042379043911242	0	0	0	0	0	0	0.00666282776319971	0.0110576275144157	0	0	0.0395712151426724	0	0	0.17741715788055	0.000136211405867468	0	0	0	0.000244315696238475	0.00112788809620417	0	0	0	0	0	0	0	0	0	0	0	0.00271341768831227	0	0	0	0	5.98177073386237e-05	0	0	0	8.36006512202452e-05	0	0.00108464638005577	0	0	0.0104644953079135	0	9.80145566030461e-05	0.0234298031997429	0	0.00382184701224966	0.000399265179103585	0	0	0	0	0	0.0163014062926787	0.00144283192881837	0.000493676259360931	0	0	0	0.000418723951370366	0.00222838977218102	0	0	0.00580736247873048	0	0.00329646016104656	0.000779071585940388	0	0	0.0122928992057217	0.097936721513979	0	0	0	0	0	0	0.0444438358573283	0	0.000284674631310318	0	0	0	0.0247861516962644	0	0	0.0083002474146859	0.000335843995419261	0	0	0	0	0	0	0.000351699291340342	0	0	7.63936985288448e-05	0	0.000343050948110661	0	0.00065006713276432	0	0	0.000178011731477591	0.000112428461985847	0.000450434543212528	0	0	0	0.00218154457968692	0.0160217765282523	0	0.000245757086776755	0	0.000205398151704913	0.000630608360497539	0	0	0	0.0140391438428481	6.4141878953464e-05	0	0	0	0	0	5.90970120694837e-05	0.000119635414677247	0	0	0	0.00177579314316107	0	0	0	0	0.00048719000193867	0	0.0010349184064851	0	0	0	0	0	0	0	0	0.00218010318914864	0.0109790717300794	0.000890058657387955	0	0.00113653643943385	3.89175445335624e-05	0.00100392850991208	0	0	0	6.05384026077638e-05	0	0	0.000385571968989924	0	0	0.0129155799182587	0	0	0.103817594910162	0	0	0	0	5.90970120694837e-05	0	0	0	0	0	0	0	0.00143922845247267	0	0.00372671523672317	0.00626932814624925	0	0.0107052075278062	0.000434579247291447	0	0	0.000284674631310318	0	0.000200353284820932	0	0	0	0	0.0125314493398071	0.000149183920711989	0	6.63039647608841e-05	0.00118554371773537	0	0	0.0019689394752906	0.00117112981235257	0	0	0	0	0	0	0.00031710591842162	0	0	0	0	0	0	0	0	0	0	0	0.000678174248260782	0.000304854098846239	0.000343050948110661	0	0.000514576422165992	0	0	0.000338726776495821
NS71	0	0.000175973673022825	0.00014965985275773	0.00102294976280558	0	5.50945611800433e-05	0.00484174292877753	0.00154018079239136	0.000977722884224947	0	0.0494313336748648	0	0.00202123031911263	0	0.0130985263438345	0	0.000376616552544176	0.000690737781958751	0.119450764786517	0.00303513470620209	0	0.000156238307824003	0.000508185653869653	0.000316588150064428	0.000395529610859714	0.0451512263473704	0.00128197643104011	0	8.63422227448439e-05	0.0878051066902066	0.000121701418726066	0	0.108364423386079	0	0	0.000277117419666785	0	0.00143657012509755	0.000509007960752937	0.00135516174365241	4.27599579307799e-05	0	0	0	0	9.78545191108231e-05	0	0	0	0	0	0	0	0.00106242049320322	0.00014390370457474	0	0	0	0	0.000587127114664939	0.0207065096279801	0	0.00169888602086521	0.00092180601616162	0.0283810997696718	0	0.00471181844121863	0.0220172667999352	0.00842700093989677	0.00469537230355294	0	0	0	0	0.000200642879521352	0	0.0138427140732067	0.00368557945087991	0.000832174565883639	0.00174411289944585	0	0.000409508827875546	0.000624953231296013	0.00412633594032026	0.000472004151005147	0	0.0123806524347273	0	0.00144726011458024	0.00481542910851244	0	0	0.000360170414878492	0.00638274602805218	0.0341783632968257	0.00366748869944766	0.00227532314604746	0.00278597572056696	0	0	0.0228560198208851	0.00111011429243371	0.000804216131851975	0	0.000871645296281282	0.000185019048738951	0.0105140158096721	8.3052995211707e-05	0	0.00666068575460225	0.000143081397691456	0.000113478349893223	0.000173506752372972	0	0	6.4962243779454e-05	0	0.000291918943565901	0	0.000288629716032764	0.000171862138606404	0	0.00783987382523183	0	0.000606040172980476	0	0.000225312086019878	0	0	0.00100321439760676	0	0.000846976089782755	0	0.000730208512356394	0.000337968129029818	0	0.000163639069773561	0	0.000673469337409783	0.00459751778444212	0	0	0.020173654767612	0.000835463793416776	0	0	0	0.000113478349893223	9.53875984609704e-05	0	0.000144726011458024	0.000237646689269142	0.000141436783924887	0.00950504526388239	0	0.0139792170158319	0	0	0.00129348872740609	0.00293070173202499	0.00189295044532029	0	0	0	0.00249405677700106	0.00121372495972752	0.000268072043950658	0	0.00341915202069582	0	0	0.000559168680633275	0.000264782816417521	0.00155169308875734	0.00496426665438688	0.00169066295203237	9.53875984609704e-05	0	0.000315765843181144	0	0	0.000221200551603457	0.00728975052031468	0	0.00364364179983241	0	0	0.0135943773944549	0	0	0.000103610667293813	0.000592060955964644	0.000426777272424514	0	0	0	0.0041707405120176	0	0.000344546584096091	8.05860745618543e-05	0.00018666366250552	0	0.00175233596827869	0	0.000170217524839835	0.0341906979000749	0.00097443365669181	0.000142259090808171	0.0497832810209104	0.0141872606573028	0.00292330097007543	0	0.00127375336220727	0.00761045020479553	0	0.00018666366250552	0.000236824382385858	0	0	0.00330731828456916	0	0.000498317971270242	0.000136502942625182	0.00429408654451024	0	0.000674291644293067	0.022818193704254	0	0.000513941802052642	0	0	0	0	0.00187650430765461	0.00171697677229747	0.000301786626165312	0.000120879111842782	0	0	0	0	0.000509830267636221	0.000155416000940719	0.000530387939718327	0.000246692064985268	0	0	0.000263960509534237	0	0.000311654308764722	0.0530733308609306	0.0016733945074834	0.000310009694998154	0.00068662624754233
NS72	0	0	0	0	0	0.000682135926852191	0	0.000144240195986366	0.0325163979316557	0.000226877808270222	0.00131168428225102	0	0	0	0.0502541857828749	0	0	0	0.00903454477568771	0.000286977889931208	0	0	0	0	0	0.000368113000173539	0.00826000497328176	0	0	0.154112385650204	0	0	0.280093425576942	0	0.000198330269481254	0.000355341732820579	0	0	0.000123205167405021	0	0.0387968564652287	5.18363204326004e-05	0	0	7.06175959516585e-05	0	0.000551418249239546	0.000525124463512865	0.000667110906436944	0	0.00681459800933505	0	0	4.43238102249771e-05	0	0	0	0	0	0	0.00124332043936165	0	0.000664857153374657	0	0.00132445554960398	0.000387645526713359	0	0.0434606228021212	0	0.00141986442924079	0.000229131561332509	0	0	0.00203513901524514	0	0	0.0244802657625611	0.000557428257405645	0.000202837775605828	0	0.000125458920467308	0	0.000105926393927488	0.000505591936973044	0	0	0.000596493310485286	0	0.0038065889222027	9.46576286160529e-05	0	0	0.0156853700624966	0.00468405011445309	0.000351585477716768	0	0	0	0	0	0	0	0	0	0	0	0.036634004776454	0	0.000163021471505424	0.0484346558105886	0.000433471838979861	0	0	0	0	0	0.0146343698844501	0	0.000700917202371249	0	0	0	0.000785808567717391	0	0.000196076516418967	0	0	0	0	0.000328296696073136	0	0.00240099826235639	0	0.0014356407006768	0.0028893114258519	0.000201335273564303	5.5592575536412e-05	0	0	0.0011824691066799	0	0.0469674625670398	0	0.0037667726181023	0.000314022926678652	0	0	6.53588388063222e-05	0	0	0	0	0	0	0	0.00611443205798456	0.00687169308691298	0.00332353451585252	0	0	0	0	5.70950775779367e-05	0	7.36226000347078e-05	0	0	0.000211852787854975	0	0	0	0	0.00813229229975216	0.00178797742941433	0.000643822124793312	0.000103672640865201	0	0	0	0	0	0.0017188623355042	0	0	0	0	0	0.000709932214620397	0	0	0.00472011016344968	0	0	0	0	0	0	0	0	0	0	0.00013898143884103	0	7.96326082008064e-05	0.000125458920467308	0.00152879582725133	0.00298922781161329	0	0.00772811925058203	0.00039741178998327	0	0.0634213624237762	0.000214857791938025	0	0.000168280228650761	0	0.000359849238945153	0.00288856017483114	4.28213081834525e-05	0.0146193448640348	0	0.000134473932716456	5.40900734948874e-05	0.000196827767439729	0	6.91150939101339e-05	0.0197368668174678	0.000865441175918198	0	0	0	0	0	0	7.96326082008064e-05	0	0	0	0	0	0	0	0	0	0	0	0.000221619051124886	0	0	0	0.000207345281730402	0	0	0.000222370302145648
NS77	0	0.0010371145978443	0	0.00204850875366205	0.00677111378640583	0	0	0.000241440278378152	0.031990422039266	0.00274213099670032	0	0	0.0148523107328086	0.00029454054578778	0.00329055719604038	0	0	0	0.00973228338617087	0.000129431901810968	0.0151485106619529	0.000366723721797743	0	0.00012362406006304	0	0.0288234889032887	0.00481553050071063	0.00231401009071019	0	0.00537889115025965	0.000915979612816081	4.48033506268735e-05	0.0228580057364883	0	0	0	0	0.000855412120301975	0.00564605187066434	0	0	0	0	0.00187344380954593	0	0	0	0	0	0	0	9.87333097147769e-05	0.000571657566331775	0	0	0.000368383105154294	0	0	0	0	0	0.00449858827960941	0.000240610586699876	0.000198296311107829	0.0211330767373536	0	0.000574976333044877	0.00831848876638952	0	0.00173405560759566	0.00563360649549021	0.000102881768106154	0	0	0.000214060452995063	0	0.00715775010848219	0.0127141952778928	0.0227235956846076	0	0	0	0	0.0087109329302138	0	0	0.0499175701317633	0.0216499746529192	0.0211148235204316	0.000792355552753041	0	0.000306156229283636	0.00355025069134059	0.128310988353618	0.00046711641486907	0	0	0.00185602028430215	0	0	0	0	0.00147768087900855	0	0	0	0.00515570408880356	0	0	0.0127258109613886	0	0	0	0	0	0	0	0.00087449502890231	0.00326483675401384	0.000162619568941985	0	9.1266084610298e-05	0.000209911994603685	0.000351789271588785	0.000545937124305237	0.000104541151462705	0	0	0	0.000393273855502557	0.000204104152855757	0.000801482161214071	0	0.000457160114729765	0.0172575869081291	0	0	0	0.00185187182591077	0.000718512993386528	0	0	0	0.00021820891138644	0	0	0	0	0	0	0	0	0	0	0	0.0351847350006264	0	0	0	0	0.000773272644152706	0	0	0	0	0.000389955088789455	0	0	0	0	0	0.00429946227682331	0.00208667457086272	0.00220780955589094	0.000767464802404778	0.0194488026304545	0	0.000400741080607036	0	0	0	0	0	0	0.0121027125110038	0	0	0.143437927031936	0.000131920976845794	0	0.170453517768262	0	0.000574976333044877	0	0	0.00049449624025216	0	0	0	0	0	0.000189169702646799	0	0	0	6.13971841923823e-05	0.0337900232894454	0.000102052076427879	0.00417915698347337	0.00314950961073356	0	0	9.29254679668488e-05	0	0.000346811121519132	0	0	0	0	0.00221693616435197	0.0035768008250454	0	0	0	0	0.00039991138892876	0.00963272038477781	0.00129182994307485	0	0	0	0	0	0	0.00208999333757582	0	0	0	0	0	0	0	0	0	0	0	0.00116737619133354	0.00164859736473329	0.00441727849513842	0	0.00677277316976238	0	0	0
NS78	0.000385077050101646	0	0	0.00138419588279781	0	0	0	0	0.0735693751575578	0.00332692694637368	0	0	0.000585132094148448	0	0.0581558856656514	0	0	0.000322632123058136	0.0316711418864381	0.000190803943744059	0	0	0.000152643154995247	6.82268647327242e-05	7.05396398084097e-05	0.000864977878306401	0.0012893721046947	0	0	0.0592116674877018	0	0	0.12467592239252	6.82268647327242e-05	0.00711525252034664	0.00105231265943693	0	0	0.00206183897997368	7.28524148840953e-05	0.00711062697019527	0.00182824869732944	0	0	0.00518986726983841	0	0.0251872769617536	0	0.0251433342353156	0.0012569932536351	0.00356629916670714	0	0.00012488985408702	0	0	0	0	0	0	0.000486839153431811	0.0465318781352557	0.000422081451312616	0.00537026372574188	0	0.00501062720147278	0	0.00060247790721609	0.0211029161780929	0	0.0485809968523131	0.000447521977145157	0	0	0.00809239998982379	0	0	0.0263795125132695	0.000967896369174409	0.00067764309717587	0.000318006572906765	0	0	0	0.00324829259380038	0	6.59140896570386e-05	0.00167560554233419	0	0.0244922880515101	0.00174845795721829	0	0	0.00284124418047972	0.0280909660692769	0.00128474655454333	0.000299504372301281	0	0.00142582583416015	0	0.000937830293190496	0	0	0	0	7.51651899597808e-05	0	0.0474870542415139	0	0	0.0178338086086114	0	0	0	0	0	0	0.0602524162717603	6.59140896570386e-05	0.00746679433185084	0	9.94493282544793e-05	0	0.00593342445667131	0	0.000326101285671665	0	0	0	0	0.000508810516650824	0	0.00916090207479052	0	0.00116101308799415	0.0180673988912556	0	0	0	0	0.0011297906244724	0	0.000614041782594517	0	0.0115002740638465	0	0	0	0	0	0.000460242240061427	0	0	0	0	0	0.0139888200452841	0	0	0	0	0.000373513174723219	0	0.000527312717256309	0	0	0	0	0	0	0	0	0.00041167396347203	0.00508579239143256	0.00176349099521024	0.000298347984763438	0.000386233437639489	8.32599027246803e-05	0	0	0	0.00123733466549178	0	0	0	0	7.74779650354664e-05	0	0.000651046183805486	0	0	0.00778595729229545	0	0	0	0	0	0	0	0	0	0	0.0050950434917353	0	0.000625605657972945	0	0.0113060009574889	0.00665963583043658	0.000232433895106399	0.030576042888101	0.00123386550287825	0.000135297341927606	0.000111013203632907	8.78854528760514e-05	0	0	0	0.00124427299071883	0.000507654129112981	0	0.0200263193803613	0	0.00245269796776454	0	0.000934361130576968	0.000476431665591226	0.000570099056156492	0.0271461974508593	0.000123733466549178	6.24449270435102e-05	0.0014894271487415	0.000135297341927606	0	0.00102224658345302	0	0	0	0	0	0.00144317164722779	0	0	0	0	0.00025787442093894	0	0.000287940496922853	0	0.0012893721046947	0.000367731237034005	0	0.00231046230060988	0	0.000172301743138575	0
NS79	0.00158744519256867	0.000416914219199879	0	0.00287363022227031	0	0	0	0	0.0143215164112173	0.00223380213642888	0	0.00017161569649391	0.00473622014563084	0	0.0303358724373066	0	0	0	0.0531551639069806	0	0.00170589733090957	0	0	6.80866621959534e-05	0	0.0365187009811008	0.0128562541330003	0	0	0.0970701283293678	0.000220115784633493	0	0.200517085555088	0.000152961816440224	0	0.000612779959763581	0	0	0	0	0	0	0	0	0	0	0	0.00903034333398933	0	0	0.00235038888676442	0	0	0	0	0	0	0	0	0	0	0.00297342848055753	0.00141116602606134	0	0.00583493368079294	0	0.00021078884460665	0.017338781509901	0	0.00642905976050283	0.00624158826596329	0	0	0	0	0	0.021007999716461	0.00311892874497628	0.00206405182794034	0	0	0	0.000846886154437338	0.00599535704925464	0	0	0.0089193527476699	0	0.00628915566010019	0.000928030532670872	0	0	0.0120541372906918	0.116551307963435	0.000359087191033453	0	0	0	0	0	0.0158464711056061	0	0.000590395303699158	0	0	0	0.0506779286358511	0	0	0.0279826854685342	0.000658481965895111	0	0	0	0	0	0	0	0.000417846913202563	0	0.00016508683847512	0	0.000412250749186458	0	0	0	0	0	0	0.000568010647634735	0	0.0142580932190348	0	0.00272253379383545	0.0102969417896346	0	0	0	0.00021731770262544	0.00036934682506298	0	0	0	0.00393596869132772	0	0	0	0	0	0	0	0	0.000665943517916585	0	0.000542827909562259	0.0162158179306691	0	0	0	0	0.00149697387430829	0	0.000991453724853404	0	0	0	0	0	0	5.78270281664262e-05	0	0.00109125198314062	0.0123330127974944	0.00242593710098185	0.000304990938877764	0.000642626167849478	0	0	0	0.00110897316919162	0	0	0	0	0.00284751479019515	0	0.000108192504311378	0.0165226742575523	6.90193561986377e-05	0	0	0	0	0	0	0.000239702358689863	0	0	0	0	0	0.000146432958421434	0.040689708561105	0.00131789662579291	9.88655642845351e-05	0.000255558156735496	0.00436220985055444	0	0.0555120816517638	0.000328308288944871	0	0	0	0	0.000658481965895111	0	0	0	0	0.000641693473846794	0	0	0	0	0	0	0.012859984909011	0.00151656044836466	0	0	0	0	0	0.000546558685572996	0.000376808377084454	0	0	0	0	0	0	0	0	0	0	0	0.0003562891090254	0.00120597334547079	0.00206964799195645	0	0.00069952050201322	0	0	6.43558861852162e-05
NS81	0	0	0	0.000528311046698413	0	0	0.000278434200287001	0	0.174985185872677	0.000872019198701048	0.000218259776049151	0	0.000157065446315744	0	0.056877069770715	0	0	0.000296792499207023	0.0650883289154427	0	0	0	0	0	0	0.000637440934722989	5.40549912645094e-05	0	0	0.0293202431862664	0	0	0.15150696136496	0.00029169297172924	0	0.00110455765168799	0	0	0.0017746355622688	0	0	0	0	0	0	0	0	0.00058644565994515	0	0	0.00215710012310259	0	0	0.000456917662009438	0	0	0	0	0	0.000212140343075811	0	0.000276394389295888	0.00477825724668352	0	0.00799197946318294	0.000109129888024576	0.0008873177811344	0	0.000492614354353926	0.00713933846889747	0	0	0	0.00301484064486585	0	0	0.038205659863557	0.000656819139138567	0.0002029611936158	0	0	0	0.00243757413438071	0.0060388604391917	0	0	0.0011351548165547	8.46521561312129e-05	0.00752690255720905	0	0	0	0.0100878852565521	0.0244032787921871	0	0	0	0	0	0	0	0	0.000312091081640375	0	0	0	0.0501028574692269	0	0	0.112925976279038	0.000687416304005271	0	0	6.62938572111908e-05	0	0	0	0.000387564088311577	0.0133607619917938	0	0	0	0.022668419544245	0	0.00152883833783962	0	0	0	0	0	0	0.0053759218670798	0	0	0.000685376493014157	0	0.00237739971014286	0.000112189604511246	0	0.00107906001429908	0	0	0	0.0137758635284855	7.13933846889747e-05	0.000403882576240486	0	0.00198065647237127	0	0	0.000111169699015689	0.00050077359831838	0	0.000292712877224796	0	0.0170936161055317	0	0.000332489191551511	0.000270274956322547	0.000352887301462646	9.28114000956671e-05	0	0.00192660148110676	0	0.00286797425350567	0.000387564088311577	0	0	0	0	0	0	0.00771660497938261	0.00310663213946596	0	0.000207040815598027	0	0	0	0	0	0.000119328942980143	0	0	0	0	0	0.000815924396445425	0	0	0	0.000186642705686891	0	0.000179503367217994	0	0	0	0	0	0	0	0	0	0.00294242735468132	0	0.0194567371387367	0.0201288548603086	0	0.0741257115115713	0.00292508896125685	0	0	0.000135647430909052	0	0	0.000229478736500276	0	0	0	0.00264155523349206	0	0.00472726197190568	0.00121674725619924	0.00134321553764828	0	0.000822043829418766	0	0	0	0	0	0	0	0	0.00115249320997916	0	0	0	0	0	0	0	0	0	0	0	0	0	0	0	0	0	0	0.000816944301940982
NS83	0.000929250440954053	0.000261430241278327	0	0.00463703511293032	0.0015149547315103	4.8599211519689e-05	0.000694633557755554	0.00134150582143141	0.0337152840330642	0.00107421015807313	0.00338351062269835	0	0.00387704399485519	0	0.0163251454834155	0	0	0.000158366396158986	0.013587669206953	0.0019381030387076	0.000625924327675994	0.000532077574396595	0	9.04950835194208e-05	7.79263219195013e-05	0.00634471085563939	0.0136521888498326	0.000349411572477764	0.000250537314558397	0.0258413738494346	0.000360304499197694	0.000107253432319314	0.166652561723093	0	0	0.00199843309438721	0	0.000139932212479104	0.0101128255832953	0.0027810479833422	0.0367686551844047	0	0	0.00049688504191682	0	0	0	0	0	0.00137921210623117	0.00580928161148282	0.000185179754238815	0.000333491141117866	0.000322598214397935	0	0	7.6250487039512e-05	0.000164231818238949	0	4.52475417597104e-05	0	0.00196072680958745	0.00306342616062039	0.000423148307197292	0.0041719909337333	6.78713126395656e-05	0.0005781630335963	0.0421212717910904	0	0.00556879930620436	0.00261681616510325	0	0	0	0	7.6250487039512e-05	0.0341267014961016	0.00775995341179034	0.00823672843514728	0.000270647333118268	0	0	0.000110605102079292	0.00373292219517611	0	0	0.00506604884220758	0	0.0118238529957643	0.0042348347417329	0	0	0.0100281959218558	0.122283995357937	0.000147473469439056	0	0.000134904707839137	0.00234700674942498	0	0	0	5.02750463996782e-05	0.000260592323838332	0	0.000169259322878917	0	0.0397072316464659	5.61404684796407e-05	5.44646335996514e-05	0.018430832010122	0.000978687569913736	7.37367347195281e-05	0.000148311386879051	0.000322598214397935	0	0.000337680728317839	0.0400323436131838	0.000363656168957673	0.00484232488572901	8.5467578879453e-05	0	4.44096243197158e-05	0.00547160088316498	0	0.000372035343357619	0	0	0.000290757351678139	0	0.000466720014077013	0	0.00325949884157914	0.00112197145215282	0.00136915709695124	0.00753706737275176	0	7.70884044795066e-05	0	0.000500236711676798	0.00137921210623117	0.000130715120639163	0.00360388290941694	0.00110186143359295	0.00263776410110312	0	0	0	0	0	0	7.28988172795334e-05	6.7033395199571e-05	0	0	0	0.00719016955259398	0	0	0	0	0.000312543205118	0	0.000152500974079024	0.000259754406398338	0	0.000140770129919099	0	0	0.00307264325246034	6.87092300795603e-05	0	0.00101974552447347	0.00959834427513857	0.00146049009791065	0.000975335900153758	0.00269641832190274	0	0	0	0.00019691059839874	0	0.000248023562238413	0	0	0.00366253713021656	0	0	0.0145018371339872	0.000123173863679212	0	0.0162262712254962	0	0.000525374234876638	0.000117308441599249	0	0.00041560705023734	0	0	0.000152500974079024	0.000252213149438386	7.45746521595227e-05	0.000533753409276584	0.0012652553343919	0.000222886039038574	0	0.0121330445311223	0.0339976622103424	0	0.0535454381679773	0.00149735846527042	0.00172108242174898	0.00022037228671859	0.000112280936959281	0	0.000757477365755152	0	0.000196072680958745	0.00108677891967304	0	0.0125804924440795	0.000241320222718456	0.0023277346483051	0.00123257655423211	0.00124179364607205	0	0.00199759517694722	0.00919698182138114	0.00149735846527042	0.000826186595834712	0	0.000130715120639163	0.00092338501887409	0	0	0.00046085459199705	0	0.000191883093758772	0	0	0	0	0	0	0	0.000289919434238144	0	0.000180990167038842	0.00282461969022192	0.000310029452798016	0	0.0117291683250449	0.0150632418187836	0.000232103130878515	0.000433203316477228
NS86	0.000235957542332344	0	0	0.00101177125155737	0	0	0	8.8139782349825e-05	0.0749096337700231	0.00536734549601122	0	0.000134045918990359	0.00249545758777942	0	0.00586588613992741	0	0	0.00029838988816347	0.202425863884632	0	0.000210250105813645	0	0	0.000175361441966839	0	0.0012293663392335	0.00879286141212785	0	0.000215758842210509	0.0338943369271718	0	0	0.0700601094953171	0	0	0.00116417962520394	0	0	0.00825943210436485	0.00234121296866723	0.00767734229176288	0.000137718409921601	0.00895628725856815	0	0.00189316907505562	0	0	0	0	0	0.00100075377876364	0	0	0	0	0	0	8.53854141513929e-05	0	0.000139554655387223	0	0.00055638237608327	0.00109072980657908	0	0.00717053854325138	0	0.00125048316208814	0.00693366287818623	0	0.0564278231585442	0.000910777750948191	0	0	0.00513046983094606	0	0	0.0135992339183917	0.00359261425348818	0.00145797889970335	0	0	0	0	0.00992123425075217	0	0	0.00953929519390293	7.89585550217182e-05	0.00774711961945649	0.0042224464481963	0	0.000263501224316664	0.00398098016946709	0.179112891453104	0.00016250772370749	0.000930976451070026	0	0.000919958978276298	0	0	0	0	0.000267173715247907	0.000296553642697849	0	0	0.0310509108236571	0	0	0.0175976584197822	0.00013588216445598	0	0	0	0.000287372415369742	0	0	0.000761123745500051	0.00400117886958893	0	0.000169852705569975	5.78417321670726e-05	0.000930976451070026	0	0.000439780789016314	0	0	0	0	0.000536183675961435	0	0.0160699021923853	5.78417321670726e-05	0.000694100786004872	0.00283240863072094	0	0.00010833848247166	0	0.000193723896623053	0.000123028446196631	0	0.00278833873954603	0	0.00537101798694246	0	0	0	0	0	8.99760278154463e-05	0	0	0	0	0	0.01069796608271	0	0.00308856487317512	0	0	0.000930976451070026	0	8.63035368842036e-05	0	0	0	0	0	0	0	0	0.000362658479460217	0.00362566667186936	0.00160579665968587	0.000441617034481935	0.000402137756971076	6.70229594951794e-05	0.00038010281138362	5.23329957702086e-05	0	0.000455388875474096	7.06954504264221e-05	0	0	0	0	0	0.00104665991540417	0	0	0.00851191585588778	0	0	0	0.000255238119721368	0.000157917110043436	0	0	0	0	0	0.000403974002436698	0	0.000694100786004872	0	0.00704016511519227	0.0346471975680765	0	0.0530941195157086	0.00127710872133965	0	0	0	0	0	0	0.000120274077998199	8.07948004873395e-05	0.000134045918990359	0.00892048047198853	0.000121192200731009	8.44672914185822e-05	8.63035368842036e-05	0	0.000734498186248541	0	0.0149442837219594	0.000926385837405973	0.00148644070442049	0	0	0	0	0	0.000404892125169508	0	0	0	0	0	0	0	0	0	0.000126700937127873	0	0	0.00119264142992107	0.00127802684407246	0	0.000975046342244939	0	0	6.05961003655047e-05
NS9	9.03720122807349e-05	0.00107542694614075	0	0.0037874088783108	0	0	0.00162833934854924	0.000472399155103842	0.0348622360829155	0.00284918307808717	0	0	0.0614480389684117	0	0.017713735970772	0	9.94092135088084e-05	0.000468291336363808	0.0216063050088277	0	0.0058404966845795	0.00107953476488078	0	0	0	0.0960638059269252	0.0205892090887954	0	0.00809486760910983	0.000991627443844064	0.00181565588309476	0.000126520817193029	0.109912084463326	0	0	0.000382848706571113	0	0.000169242132089376	0.00342920708417989	0	0	0	0	0	0	0	0	0	0	0	0.00105488785244058	0.000216892829473764	8.79073210367149e-05	0.00016595587709735	0	0	0	0	0	0.000633425649713151	0.000697507622057672	0.000968623658899877	0.000424748457719454	0	0.0047839657046429	0	0.00123891813199407	0.00596866062926854	0.00130957261432265	0.00213442261732136	0.00733738583344767	0	0	0	8.79073210367149e-05	0	0.0161601589232914	0.00703012099169317	0.00265775872480161	0	0	0	0.000287547311802338	0.00622005913615858	0.000100230777256815	0.000453503188899688	0.0071081695477538	0.000311372660494532	0.00281714209191491	0.0015248223163004	0	0	0.00198325488768813	0.0680484821198974	0.000859355680414988	0	0	0.000159383367113296	0	0	0.0855592918449118	0.0016595587709735	0.000513477342504176	0	0.000231680976937884	0.000145416783397183	0.0729573255142373	0.000439536605183574	0	0.0374542697078766	0.000142952092153162	0.000131450199681069	0	0	0	0	0	0.00100477246381217	0.000886467284099209	0.000745979883190066	0.00188466723792733	0.000170063695837383	0.000582488697336737	6.98329185805679e-05	0.000504440141276102	0	0	0.000146238347145189	0	0.000669574454625445	0	0.00168584881090971	0	0.00152153606130837	0.00116579895842148	0	0.000535659563700356	6.49035360925278e-05	0.001353115492967	0.000508547960016136	0	0	0.00021278501073373	0.00152893013504043	0	9.69445222647884e-05	0	0	0	0	0	0	0	0.000102695468500835	0.00259696300744912	0.0121821472554431	0	0	0	0	0.000232502540685891	0	0	0.000497046067544042	0	0.000382848706571113	0.000917686706523463	0	5.01153886284075e-05	4.1078187400334e-05	0.000134736454673096	0.0124376535810731	0.00535741720075157	0.0048702298981836	0.00234063511807103	0.0199919322439946	8.29779385486748e-05	0.000553733966156503	5.6687898612461e-05	0	0	0	0	0	0.0044027601255678	0	0	0.0468644608775451	9.94092135088084e-05	0	0.0498787782689816	0	0.000115840488468942	8.13348110526614e-05	0	0	0.000219357520717784	4.27213148963474e-05	0.000430499403955501	0.00020785562824569	6.98329185805679e-05	0.000660537253397371	0	0	0	0.00206048188000076	0.00489734150186783	0	0.0323145669003468	0.00163901967727333	0	0	0.000103517032248842	0	0.000340127391674766	9.94092135088084e-05	0	0	0	0.00233241948059097	0	0	0.000421462202727427	0	0	0.000448573806411648	0.00947098688702102	0.000245647560653998	0.000613708119760991	0	0	0	0	0	0.000809240291786581	8.87288847847215e-05	0	0.00020292624575765	0	0	0	0	0.000219357520717784	0.000103517032248842	0.00132353919803876	0	0	0.00101791748378028	0.00108282101987281	0	0.0215529033652073	0	0	0.000707366387033752
