S-1-POLPIL-B	/net/nfs-ip34/jbod2/def-ilafores/analysis/boreal_moss/preproc/S-1-POLPIL-B/S-1-POLPIL-B_paired_1.fastq.gz	/net/nfs-ip34/jbod2/def-ilafores/analysis/boreal_moss/preproc/S-1-POLPIL-B/S-1-POLPIL-B_paired_2.fastq.gz	/net/nfs-ip34/jbod2/def-ilafores/analysis/boreal_moss/preproc/S-1-POLPIL-B/S-1-POLPIL-B_unmatched_1.fastq.gz	/net/nfs-ip34/jbod2/def-ilafores/analysis/boreal_moss/preproc/S-1-POLPIL-B/S-1-POLPIL-B_unmatched_2.fastq.gz
S-2-POLPIL-G	/net/nfs-ip34/jbod2/def-ilafores/analysis/boreal_moss/preproc/S-2-POLPIL-G/S-2-POLPIL-G_paired_1.fastq.gz	/net/nfs-ip34/jbod2/def-ilafores/analysis/boreal_moss/preproc/S-2-POLPIL-G/S-2-POLPIL-G_paired_2.fastq.gz	/net/nfs-ip34/jbod2/def-ilafores/analysis/boreal_moss/preproc/S-2-POLPIL-G/S-2-POLPIL-G_unmatched_1.fastq.gz	/net/nfs-ip34/jbod2/def-ilafores/analysis/boreal_moss/preproc/S-2-POLPIL-G/S-2-POLPIL-G_unmatched_2.fastq.gz
S-2-POLPIL-B	/net/nfs-ip34/jbod2/def-ilafores/analysis/boreal_moss/preproc/S-2-POLPIL-B/S-2-POLPIL-B_paired_1.fastq.gz	/net/nfs-ip34/jbod2/def-ilafores/analysis/boreal_moss/preproc/S-2-POLPIL-B/S-2-POLPIL-B_paired_2.fastq.gz	/net/nfs-ip34/jbod2/def-ilafores/analysis/boreal_moss/preproc/S-2-POLPIL-B/S-2-POLPIL-B_unmatched_1.fastq.gz	/net/nfs-ip34/jbod2/def-ilafores/analysis/boreal_moss/preproc/S-2-POLPIL-B/S-2-POLPIL-B_unmatched_2.fastq.gz
S-3-POLPIL-G	/net/nfs-ip34/jbod2/def-ilafores/analysis/boreal_moss/preproc/S-3-POLPIL-G/S-3-POLPIL-G_paired_1.fastq.gz	/net/nfs-ip34/jbod2/def-ilafores/analysis/boreal_moss/preproc/S-3-POLPIL-G/S-3-POLPIL-G_paired_2.fastq.gz	/net/nfs-ip34/jbod2/def-ilafores/analysis/boreal_moss/preproc/S-3-POLPIL-G/S-3-POLPIL-G_unmatched_1.fastq.gz	/net/nfs-ip34/jbod2/def-ilafores/analysis/boreal_moss/preproc/S-3-POLPIL-G/S-3-POLPIL-G_unmatched_2.fastq.gz
S-3-POLPIL-B	/net/nfs-ip34/jbod2/def-ilafores/analysis/boreal_moss/preproc/S-3-POLPIL-B/S-3-POLPIL-B_paired_1.fastq.gz	/net/nfs-ip34/jbod2/def-ilafores/analysis/boreal_moss/preproc/S-3-POLPIL-B/S-3-POLPIL-B_paired_2.fastq.gz	/net/nfs-ip34/jbod2/def-ilafores/analysis/boreal_moss/preproc/S-3-POLPIL-B/S-3-POLPIL-B_unmatched_1.fastq.gz	/net/nfs-ip34/jbod2/def-ilafores/analysis/boreal_moss/preproc/S-3-POLPIL-B/S-3-POLPIL-B_unmatched_2.fastq.gz
S-4-POLPIL-G	/net/nfs-ip34/jbod2/def-ilafores/analysis/boreal_moss/preproc/S-4-POLPIL-G/S-4-POLPIL-G_paired_1.fastq.gz	/net/nfs-ip34/jbod2/def-ilafores/analysis/boreal_moss/preproc/S-4-POLPIL-G/S-4-POLPIL-G_paired_2.fastq.gz	/net/nfs-ip34/jbod2/def-ilafores/analysis/boreal_moss/preproc/S-4-POLPIL-G/S-4-POLPIL-G_unmatched_1.fastq.gz	/net/nfs-ip34/jbod2/def-ilafores/analysis/boreal_moss/preproc/S-4-POLPIL-G/S-4-POLPIL-G_unmatched_2.fastq.gz
S-4-POLPIL-B	/net/nfs-ip34/jbod2/def-ilafores/analysis/boreal_moss/preproc/S-4-POLPIL-B/S-4-POLPIL-B_paired_1.fastq.gz	/net/nfs-ip34/jbod2/def-ilafores/analysis/boreal_moss/preproc/S-4-POLPIL-B/S-4-POLPIL-B_paired_2.fastq.gz	/net/nfs-ip34/jbod2/def-ilafores/analysis/boreal_moss/preproc/S-4-POLPIL-B/S-4-POLPIL-B_unmatched_1.fastq.gz	/net/nfs-ip34/jbod2/def-ilafores/analysis/boreal_moss/preproc/S-4-POLPIL-B/S-4-POLPIL-B_unmatched_2.fastq.gz
S-5-POLPIL-G	/net/nfs-ip34/jbod2/def-ilafores/analysis/boreal_moss/preproc/S-5-POLPIL-G/S-5-POLPIL-G_paired_1.fastq.gz	/net/nfs-ip34/jbod2/def-ilafores/analysis/boreal_moss/preproc/S-5-POLPIL-G/S-5-POLPIL-G_paired_2.fastq.gz	/net/nfs-ip34/jbod2/def-ilafores/analysis/boreal_moss/preproc/S-5-POLPIL-G/S-5-POLPIL-G_unmatched_1.fastq.gz	/net/nfs-ip34/jbod2/def-ilafores/analysis/boreal_moss/preproc/S-5-POLPIL-G/S-5-POLPIL-G_unmatched_2.fastq.gz
S-5-POLPIL-B	/net/nfs-ip34/jbod2/def-ilafores/analysis/boreal_moss/preproc/S-5-POLPIL-B/S-5-POLPIL-B_paired_1.fastq.gz	/net/nfs-ip34/jbod2/def-ilafores/analysis/boreal_moss/preproc/S-5-POLPIL-B/S-5-POLPIL-B_paired_2.fastq.gz	/net/nfs-ip34/jbod2/def-ilafores/analysis/boreal_moss/preproc/S-5-POLPIL-B/S-5-POLPIL-B_unmatched_1.fastq.gz	/net/nfs-ip34/jbod2/def-ilafores/analysis/boreal_moss/preproc/S-5-POLPIL-B/S-5-POLPIL-B_unmatched_2.fastq.gz
S-6-POLPIL-G	/net/nfs-ip34/jbod2/def-ilafores/analysis/boreal_moss/preproc/S-6-POLPIL-G/S-6-POLPIL-G_paired_1.fastq.gz	/net/nfs-ip34/jbod2/def-ilafores/analysis/boreal_moss/preproc/S-6-POLPIL-G/S-6-POLPIL-G_paired_2.fastq.gz	/net/nfs-ip34/jbod2/def-ilafores/analysis/boreal_moss/preproc/S-6-POLPIL-G/S-6-POLPIL-G_unmatched_1.fastq.gz	/net/nfs-ip34/jbod2/def-ilafores/analysis/boreal_moss/preproc/S-6-POLPIL-G/S-6-POLPIL-G_unmatched_2.fastq.gz
S-6-POLPIL-B	/net/nfs-ip34/jbod2/def-ilafores/analysis/boreal_moss/preproc/S-6-POLPIL-B/S-6-POLPIL-B_paired_1.fastq.gz	/net/nfs-ip34/jbod2/def-ilafores/analysis/boreal_moss/preproc/S-6-POLPIL-B/S-6-POLPIL-B_paired_2.fastq.gz	/net/nfs-ip34/jbod2/def-ilafores/analysis/boreal_moss/preproc/S-6-POLPIL-B/S-6-POLPIL-B_unmatched_1.fastq.gz	/net/nfs-ip34/jbod2/def-ilafores/analysis/boreal_moss/preproc/S-6-POLPIL-B/S-6-POLPIL-B_unmatched_2.fastq.gz
S-7-POLPIL-G	/net/nfs-ip34/jbod2/def-ilafores/analysis/boreal_moss/preproc/S-7-POLPIL-G/S-7-POLPIL-G_paired_1.fastq.gz	/net/nfs-ip34/jbod2/def-ilafores/analysis/boreal_moss/preproc/S-7-POLPIL-G/S-7-POLPIL-G_paired_2.fastq.gz	/net/nfs-ip34/jbod2/def-ilafores/analysis/boreal_moss/preproc/S-7-POLPIL-G/S-7-POLPIL-G_unmatched_1.fastq.gz	/net/nfs-ip34/jbod2/def-ilafores/analysis/boreal_moss/preproc/S-7-POLPIL-G/S-7-POLPIL-G_unmatched_2.fastq.gz
S-7-POLPIL-B	/net/nfs-ip34/jbod2/def-ilafores/analysis/boreal_moss/preproc/S-7-POLPIL-B/S-7-POLPIL-B_paired_1.fastq.gz	/net/nfs-ip34/jbod2/def-ilafores/analysis/boreal_moss/preproc/S-7-POLPIL-B/S-7-POLPIL-B_paired_2.fastq.gz	/net/nfs-ip34/jbod2/def-ilafores/analysis/boreal_moss/preproc/S-7-POLPIL-B/S-7-POLPIL-B_unmatched_1.fastq.gz	/net/nfs-ip34/jbod2/def-ilafores/analysis/boreal_moss/preproc/S-7-POLPIL-B/S-7-POLPIL-B_unmatched_2.fastq.gz
S-8-POLPIL-G	/net/nfs-ip34/jbod2/def-ilafores/analysis/boreal_moss/preproc/S-8-POLPIL-G/S-8-POLPIL-G_paired_1.fastq.gz	/net/nfs-ip34/jbod2/def-ilafores/analysis/boreal_moss/preproc/S-8-POLPIL-G/S-8-POLPIL-G_paired_2.fastq.gz	/net/nfs-ip34/jbod2/def-ilafores/analysis/boreal_moss/preproc/S-8-POLPIL-G/S-8-POLPIL-G_unmatched_1.fastq.gz	/net/nfs-ip34/jbod2/def-ilafores/analysis/boreal_moss/preproc/S-8-POLPIL-G/S-8-POLPIL-G_unmatched_2.fastq.gz
S-8-POLPIL-B	/net/nfs-ip34/jbod2/def-ilafores/analysis/boreal_moss/preproc/S-8-POLPIL-B/S-8-POLPIL-B_paired_1.fastq.gz	/net/nfs-ip34/jbod2/def-ilafores/analysis/boreal_moss/preproc/S-8-POLPIL-B/S-8-POLPIL-B_paired_2.fastq.gz	/net/nfs-ip34/jbod2/def-ilafores/analysis/boreal_moss/preproc/S-8-POLPIL-B/S-8-POLPIL-B_unmatched_1.fastq.gz	/net/nfs-ip34/jbod2/def-ilafores/analysis/boreal_moss/preproc/S-8-POLPIL-B/S-8-POLPIL-B_unmatched_2.fastq.gz
S-9-POLPIL-G	/net/nfs-ip34/jbod2/def-ilafores/analysis/boreal_moss/preproc/S-9-POLPIL-G/S-9-POLPIL-G_paired_1.fastq.gz	/net/nfs-ip34/jbod2/def-ilafores/analysis/boreal_moss/preproc/S-9-POLPIL-G/S-9-POLPIL-G_paired_2.fastq.gz	/net/nfs-ip34/jbod2/def-ilafores/analysis/boreal_moss/preproc/S-9-POLPIL-G/S-9-POLPIL-G_unmatched_1.fastq.gz	/net/nfs-ip34/jbod2/def-ilafores/analysis/boreal_moss/preproc/S-9-POLPIL-G/S-9-POLPIL-G_unmatched_2.fastq.gz
S-9-POLPIL-B	/net/nfs-ip34/jbod2/def-ilafores/analysis/boreal_moss/preproc/S-9-POLPIL-B/S-9-POLPIL-B_paired_1.fastq.gz	/net/nfs-ip34/jbod2/def-ilafores/analysis/boreal_moss/preproc/S-9-POLPIL-B/S-9-POLPIL-B_paired_2.fastq.gz	/net/nfs-ip34/jbod2/def-ilafores/analysis/boreal_moss/preproc/S-9-POLPIL-B/S-9-POLPIL-B_unmatched_1.fastq.gz	/net/nfs-ip34/jbod2/def-ilafores/analysis/boreal_moss/preproc/S-9-POLPIL-B/S-9-POLPIL-B_unmatched_2.fastq.gz
S-10-POLPIL-G	/net/nfs-ip34/jbod2/def-ilafores/analysis/boreal_moss/preproc/S-10-POLPIL-G/S-10-POLPIL-G_paired_1.fastq.gz	/net/nfs-ip34/jbod2/def-ilafores/analysis/boreal_moss/preproc/S-10-POLPIL-G/S-10-POLPIL-G_paired_2.fastq.gz	/net/nfs-ip34/jbod2/def-ilafores/analysis/boreal_moss/preproc/S-10-POLPIL-G/S-10-POLPIL-G_unmatched_1.fastq.gz	/net/nfs-ip34/jbod2/def-ilafores/analysis/boreal_moss/preproc/S-10-POLPIL-G/S-10-POLPIL-G_unmatched_2.fastq.gz
S-10-POLPIL-B	/net/nfs-ip34/jbod2/def-ilafores/analysis/boreal_moss/preproc/S-10-POLPIL-B/S-10-POLPIL-B_paired_1.fastq.gz	/net/nfs-ip34/jbod2/def-ilafores/analysis/boreal_moss/preproc/S-10-POLPIL-B/S-10-POLPIL-B_paired_2.fastq.gz	/net/nfs-ip34/jbod2/def-ilafores/analysis/boreal_moss/preproc/S-10-POLPIL-B/S-10-POLPIL-B_unmatched_1.fastq.gz	/net/nfs-ip34/jbod2/def-ilafores/analysis/boreal_moss/preproc/S-10-POLPIL-B/S-10-POLPIL-B_unmatched_2.fastq.gz
S-11-POLPIL-G	/net/nfs-ip34/jbod2/def-ilafores/analysis/boreal_moss/preproc/S-11-POLPIL-G/S-11-POLPIL-G_paired_1.fastq.gz	/net/nfs-ip34/jbod2/def-ilafores/analysis/boreal_moss/preproc/S-11-POLPIL-G/S-11-POLPIL-G_paired_2.fastq.gz	/net/nfs-ip34/jbod2/def-ilafores/analysis/boreal_moss/preproc/S-11-POLPIL-G/S-11-POLPIL-G_unmatched_1.fastq.gz	/net/nfs-ip34/jbod2/def-ilafores/analysis/boreal_moss/preproc/S-11-POLPIL-G/S-11-POLPIL-G_unmatched_2.fastq.gz
S-11-POLPIL-B	/net/nfs-ip34/jbod2/def-ilafores/analysis/boreal_moss/preproc/S-11-POLPIL-B/S-11-POLPIL-B_paired_1.fastq.gz	/net/nfs-ip34/jbod2/def-ilafores/analysis/boreal_moss/preproc/S-11-POLPIL-B/S-11-POLPIL-B_paired_2.fastq.gz	/net/nfs-ip34/jbod2/def-ilafores/analysis/boreal_moss/preproc/S-11-POLPIL-B/S-11-POLPIL-B_unmatched_1.fastq.gz	/net/nfs-ip34/jbod2/def-ilafores/analysis/boreal_moss/preproc/S-11-POLPIL-B/S-11-POLPIL-B_unmatched_2.fastq.gz
S-12-POLPIL-G	/net/nfs-ip34/jbod2/def-ilafores/analysis/boreal_moss/preproc/S-12-POLPIL-G/S-12-POLPIL-G_paired_1.fastq.gz	/net/nfs-ip34/jbod2/def-ilafores/analysis/boreal_moss/preproc/S-12-POLPIL-G/S-12-POLPIL-G_paired_2.fastq.gz	/net/nfs-ip34/jbod2/def-ilafores/analysis/boreal_moss/preproc/S-12-POLPIL-G/S-12-POLPIL-G_unmatched_1.fastq.gz	/net/nfs-ip34/jbod2/def-ilafores/analysis/boreal_moss/preproc/S-12-POLPIL-G/S-12-POLPIL-G_unmatched_2.fastq.gz
S-12-POLPIL-B	/net/nfs-ip34/jbod2/def-ilafores/analysis/boreal_moss/preproc/S-12-POLPIL-B/S-12-POLPIL-B_paired_1.fastq.gz	/net/nfs-ip34/jbod2/def-ilafores/analysis/boreal_moss/preproc/S-12-POLPIL-B/S-12-POLPIL-B_paired_2.fastq.gz	/net/nfs-ip34/jbod2/def-ilafores/analysis/boreal_moss/preproc/S-12-POLPIL-B/S-12-POLPIL-B_unmatched_1.fastq.gz	/net/nfs-ip34/jbod2/def-ilafores/analysis/boreal_moss/preproc/S-12-POLPIL-B/S-12-POLPIL-B_unmatched_2.fastq.gz
S-13-POLPIL-G	/net/nfs-ip34/jbod2/def-ilafores/analysis/boreal_moss/preproc/S-13-POLPIL-G/S-13-POLPIL-G_paired_1.fastq.gz	/net/nfs-ip34/jbod2/def-ilafores/analysis/boreal_moss/preproc/S-13-POLPIL-G/S-13-POLPIL-G_paired_2.fastq.gz	/net/nfs-ip34/jbod2/def-ilafores/analysis/boreal_moss/preproc/S-13-POLPIL-G/S-13-POLPIL-G_unmatched_1.fastq.gz	/net/nfs-ip34/jbod2/def-ilafores/analysis/boreal_moss/preproc/S-13-POLPIL-G/S-13-POLPIL-G_unmatched_2.fastq.gz
S-13-POLPIL-B	/net/nfs-ip34/jbod2/def-ilafores/analysis/boreal_moss/preproc/S-13-POLPIL-B/S-13-POLPIL-B_paired_1.fastq.gz	/net/nfs-ip34/jbod2/def-ilafores/analysis/boreal_moss/preproc/S-13-POLPIL-B/S-13-POLPIL-B_paired_2.fastq.gz	/net/nfs-ip34/jbod2/def-ilafores/analysis/boreal_moss/preproc/S-13-POLPIL-B/S-13-POLPIL-B_unmatched_1.fastq.gz	/net/nfs-ip34/jbod2/def-ilafores/analysis/boreal_moss/preproc/S-13-POLPIL-B/S-13-POLPIL-B_unmatched_2.fastq.gz
S-14-POLPIL-G	/net/nfs-ip34/jbod2/def-ilafores/analysis/boreal_moss/preproc/S-14-POLPIL-G/S-14-POLPIL-G_paired_1.fastq.gz	/net/nfs-ip34/jbod2/def-ilafores/analysis/boreal_moss/preproc/S-14-POLPIL-G/S-14-POLPIL-G_paired_2.fastq.gz	/net/nfs-ip34/jbod2/def-ilafores/analysis/boreal_moss/preproc/S-14-POLPIL-G/S-14-POLPIL-G_unmatched_1.fastq.gz	/net/nfs-ip34/jbod2/def-ilafores/analysis/boreal_moss/preproc/S-14-POLPIL-G/S-14-POLPIL-G_unmatched_2.fastq.gz
S-14-POLPIL-B	/net/nfs-ip34/jbod2/def-ilafores/analysis/boreal_moss/preproc/S-14-POLPIL-B/S-14-POLPIL-B_paired_1.fastq.gz	/net/nfs-ip34/jbod2/def-ilafores/analysis/boreal_moss/preproc/S-14-POLPIL-B/S-14-POLPIL-B_paired_2.fastq.gz	/net/nfs-ip34/jbod2/def-ilafores/analysis/boreal_moss/preproc/S-14-POLPIL-B/S-14-POLPIL-B_unmatched_1.fastq.gz	/net/nfs-ip34/jbod2/def-ilafores/analysis/boreal_moss/preproc/S-14-POLPIL-B/S-14-POLPIL-B_unmatched_2.fastq.gz
S-15-POLPIL-G	/net/nfs-ip34/jbod2/def-ilafores/analysis/boreal_moss/preproc/S-15-POLPIL-G/S-15-POLPIL-G_paired_1.fastq.gz	/net/nfs-ip34/jbod2/def-ilafores/analysis/boreal_moss/preproc/S-15-POLPIL-G/S-15-POLPIL-G_paired_2.fastq.gz	/net/nfs-ip34/jbod2/def-ilafores/analysis/boreal_moss/preproc/S-15-POLPIL-G/S-15-POLPIL-G_unmatched_1.fastq.gz	/net/nfs-ip34/jbod2/def-ilafores/analysis/boreal_moss/preproc/S-15-POLPIL-G/S-15-POLPIL-G_unmatched_2.fastq.gz
S-15-POLPIL-B	/net/nfs-ip34/jbod2/def-ilafores/analysis/boreal_moss/preproc/S-15-POLPIL-B/S-15-POLPIL-B_paired_1.fastq.gz	/net/nfs-ip34/jbod2/def-ilafores/analysis/boreal_moss/preproc/S-15-POLPIL-B/S-15-POLPIL-B_paired_2.fastq.gz	/net/nfs-ip34/jbod2/def-ilafores/analysis/boreal_moss/preproc/S-15-POLPIL-B/S-15-POLPIL-B_unmatched_1.fastq.gz	/net/nfs-ip34/jbod2/def-ilafores/analysis/boreal_moss/preproc/S-15-POLPIL-B/S-15-POLPIL-B_unmatched_2.fastq.gz
S-16-POLPIL-G	/net/nfs-ip34/jbod2/def-ilafores/analysis/boreal_moss/preproc/S-16-POLPIL-G/S-16-POLPIL-G_paired_1.fastq.gz	/net/nfs-ip34/jbod2/def-ilafores/analysis/boreal_moss/preproc/S-16-POLPIL-G/S-16-POLPIL-G_paired_2.fastq.gz	/net/nfs-ip34/jbod2/def-ilafores/analysis/boreal_moss/preproc/S-16-POLPIL-G/S-16-POLPIL-G_unmatched_1.fastq.gz	/net/nfs-ip34/jbod2/def-ilafores/analysis/boreal_moss/preproc/S-16-POLPIL-G/S-16-POLPIL-G_unmatched_2.fastq.gz
S-16-POLPIL-B	/net/nfs-ip34/jbod2/def-ilafores/analysis/boreal_moss/preproc/S-16-POLPIL-B/S-16-POLPIL-B_paired_1.fastq.gz	/net/nfs-ip34/jbod2/def-ilafores/analysis/boreal_moss/preproc/S-16-POLPIL-B/S-16-POLPIL-B_paired_2.fastq.gz	/net/nfs-ip34/jbod2/def-ilafores/analysis/boreal_moss/preproc/S-16-POLPIL-B/S-16-POLPIL-B_unmatched_1.fastq.gz	/net/nfs-ip34/jbod2/def-ilafores/analysis/boreal_moss/preproc/S-16-POLPIL-B/S-16-POLPIL-B_unmatched_2.fastq.gz
S-17-POLPIL-G	/net/nfs-ip34/jbod2/def-ilafores/analysis/boreal_moss/preproc/S-17-POLPIL-G/S-17-POLPIL-G_paired_1.fastq.gz	/net/nfs-ip34/jbod2/def-ilafores/analysis/boreal_moss/preproc/S-17-POLPIL-G/S-17-POLPIL-G_paired_2.fastq.gz	/net/nfs-ip34/jbod2/def-ilafores/analysis/boreal_moss/preproc/S-17-POLPIL-G/S-17-POLPIL-G_unmatched_1.fastq.gz	/net/nfs-ip34/jbod2/def-ilafores/analysis/boreal_moss/preproc/S-17-POLPIL-G/S-17-POLPIL-G_unmatched_2.fastq.gz
S-17-POLPIL-B	/net/nfs-ip34/jbod2/def-ilafores/analysis/boreal_moss/preproc/S-17-POLPIL-B/S-17-POLPIL-B_paired_1.fastq.gz	/net/nfs-ip34/jbod2/def-ilafores/analysis/boreal_moss/preproc/S-17-POLPIL-B/S-17-POLPIL-B_paired_2.fastq.gz	/net/nfs-ip34/jbod2/def-ilafores/analysis/boreal_moss/preproc/S-17-POLPIL-B/S-17-POLPIL-B_unmatched_1.fastq.gz	/net/nfs-ip34/jbod2/def-ilafores/analysis/boreal_moss/preproc/S-17-POLPIL-B/S-17-POLPIL-B_unmatched_2.fastq.gz
S-18-POLPIL-G	/net/nfs-ip34/jbod2/def-ilafores/analysis/boreal_moss/preproc/S-18-POLPIL-G/S-18-POLPIL-G_paired_1.fastq.gz	/net/nfs-ip34/jbod2/def-ilafores/analysis/boreal_moss/preproc/S-18-POLPIL-G/S-18-POLPIL-G_paired_2.fastq.gz	/net/nfs-ip34/jbod2/def-ilafores/analysis/boreal_moss/preproc/S-18-POLPIL-G/S-18-POLPIL-G_unmatched_1.fastq.gz	/net/nfs-ip34/jbod2/def-ilafores/analysis/boreal_moss/preproc/S-18-POLPIL-G/S-18-POLPIL-G_unmatched_2.fastq.gz
S-18-POLPIL-B	/net/nfs-ip34/jbod2/def-ilafores/analysis/boreal_moss/preproc/S-18-POLPIL-B/S-18-POLPIL-B_paired_1.fastq.gz	/net/nfs-ip34/jbod2/def-ilafores/analysis/boreal_moss/preproc/S-18-POLPIL-B/S-18-POLPIL-B_paired_2.fastq.gz	/net/nfs-ip34/jbod2/def-ilafores/analysis/boreal_moss/preproc/S-18-POLPIL-B/S-18-POLPIL-B_unmatched_1.fastq.gz	/net/nfs-ip34/jbod2/def-ilafores/analysis/boreal_moss/preproc/S-18-POLPIL-B/S-18-POLPIL-B_unmatched_2.fastq.gz
S-1-POLJUN-G	/net/nfs-ip34/jbod2/def-ilafores/analysis/boreal_moss/preproc/S-1-POLJUN-G/S-1-POLJUN-G_paired_1.fastq.gz	/net/nfs-ip34/jbod2/def-ilafores/analysis/boreal_moss/preproc/S-1-POLJUN-G/S-1-POLJUN-G_paired_2.fastq.gz	/net/nfs-ip34/jbod2/def-ilafores/analysis/boreal_moss/preproc/S-1-POLJUN-G/S-1-POLJUN-G_unmatched_1.fastq.gz	/net/nfs-ip34/jbod2/def-ilafores/analysis/boreal_moss/preproc/S-1-POLJUN-G/S-1-POLJUN-G_unmatched_2.fastq.gz
S-1-POLJUN-B	/net/nfs-ip34/jbod2/def-ilafores/analysis/boreal_moss/preproc/S-1-POLJUN-B/S-1-POLJUN-B_paired_1.fastq.gz	/net/nfs-ip34/jbod2/def-ilafores/analysis/boreal_moss/preproc/S-1-POLJUN-B/S-1-POLJUN-B_paired_2.fastq.gz	/net/nfs-ip34/jbod2/def-ilafores/analysis/boreal_moss/preproc/S-1-POLJUN-B/S-1-POLJUN-B_unmatched_1.fastq.gz	/net/nfs-ip34/jbod2/def-ilafores/analysis/boreal_moss/preproc/S-1-POLJUN-B/S-1-POLJUN-B_unmatched_2.fastq.gz
S-2-POLJUN-G	/net/nfs-ip34/jbod2/def-ilafores/analysis/boreal_moss/preproc/S-2-POLJUN-G/S-2-POLJUN-G_paired_1.fastq.gz	/net/nfs-ip34/jbod2/def-ilafores/analysis/boreal_moss/preproc/S-2-POLJUN-G/S-2-POLJUN-G_paired_2.fastq.gz	/net/nfs-ip34/jbod2/def-ilafores/analysis/boreal_moss/preproc/S-2-POLJUN-G/S-2-POLJUN-G_unmatched_1.fastq.gz	/net/nfs-ip34/jbod2/def-ilafores/analysis/boreal_moss/preproc/S-2-POLJUN-G/S-2-POLJUN-G_unmatched_2.fastq.gz
S-2-POLJUN-B	/net/nfs-ip34/jbod2/def-ilafores/analysis/boreal_moss/preproc/S-2-POLJUN-B/S-2-POLJUN-B_paired_1.fastq.gz	/net/nfs-ip34/jbod2/def-ilafores/analysis/boreal_moss/preproc/S-2-POLJUN-B/S-2-POLJUN-B_paired_2.fastq.gz	/net/nfs-ip34/jbod2/def-ilafores/analysis/boreal_moss/preproc/S-2-POLJUN-B/S-2-POLJUN-B_unmatched_1.fastq.gz	/net/nfs-ip34/jbod2/def-ilafores/analysis/boreal_moss/preproc/S-2-POLJUN-B/S-2-POLJUN-B_unmatched_2.fastq.gz
S-3-POLJUN-G	/net/nfs-ip34/jbod2/def-ilafores/analysis/boreal_moss/preproc/S-3-POLJUN-G/S-3-POLJUN-G_paired_1.fastq.gz	/net/nfs-ip34/jbod2/def-ilafores/analysis/boreal_moss/preproc/S-3-POLJUN-G/S-3-POLJUN-G_paired_2.fastq.gz	/net/nfs-ip34/jbod2/def-ilafores/analysis/boreal_moss/preproc/S-3-POLJUN-G/S-3-POLJUN-G_unmatched_1.fastq.gz	/net/nfs-ip34/jbod2/def-ilafores/analysis/boreal_moss/preproc/S-3-POLJUN-G/S-3-POLJUN-G_unmatched_2.fastq.gz
S-3-POLJUN-B	/net/nfs-ip34/jbod2/def-ilafores/analysis/boreal_moss/preproc/S-3-POLJUN-B/S-3-POLJUN-B_paired_1.fastq.gz	/net/nfs-ip34/jbod2/def-ilafores/analysis/boreal_moss/preproc/S-3-POLJUN-B/S-3-POLJUN-B_paired_2.fastq.gz	/net/nfs-ip34/jbod2/def-ilafores/analysis/boreal_moss/preproc/S-3-POLJUN-B/S-3-POLJUN-B_unmatched_1.fastq.gz	/net/nfs-ip34/jbod2/def-ilafores/analysis/boreal_moss/preproc/S-3-POLJUN-B/S-3-POLJUN-B_unmatched_2.fastq.gz
S-7-POLJUN-G	/net/nfs-ip34/jbod2/def-ilafores/analysis/boreal_moss/preproc/S-7-POLJUN-G/S-7-POLJUN-G_paired_1.fastq.gz	/net/nfs-ip34/jbod2/def-ilafores/analysis/boreal_moss/preproc/S-7-POLJUN-G/S-7-POLJUN-G_paired_2.fastq.gz	/net/nfs-ip34/jbod2/def-ilafores/analysis/boreal_moss/preproc/S-7-POLJUN-G/S-7-POLJUN-G_unmatched_1.fastq.gz	/net/nfs-ip34/jbod2/def-ilafores/analysis/boreal_moss/preproc/S-7-POLJUN-G/S-7-POLJUN-G_unmatched_2.fastq.gz
S-7-POLJUN-B	/net/nfs-ip34/jbod2/def-ilafores/analysis/boreal_moss/preproc/S-7-POLJUN-B/S-7-POLJUN-B_paired_1.fastq.gz	/net/nfs-ip34/jbod2/def-ilafores/analysis/boreal_moss/preproc/S-7-POLJUN-B/S-7-POLJUN-B_paired_2.fastq.gz	/net/nfs-ip34/jbod2/def-ilafores/analysis/boreal_moss/preproc/S-7-POLJUN-B/S-7-POLJUN-B_unmatched_1.fastq.gz	/net/nfs-ip34/jbod2/def-ilafores/analysis/boreal_moss/preproc/S-7-POLJUN-B/S-7-POLJUN-B_unmatched_2.fastq.gz
S-8-POLJUN-G	/net/nfs-ip34/jbod2/def-ilafores/analysis/boreal_moss/preproc/S-8-POLJUN-G/S-8-POLJUN-G_paired_1.fastq.gz	/net/nfs-ip34/jbod2/def-ilafores/analysis/boreal_moss/preproc/S-8-POLJUN-G/S-8-POLJUN-G_paired_2.fastq.gz	/net/nfs-ip34/jbod2/def-ilafores/analysis/boreal_moss/preproc/S-8-POLJUN-G/S-8-POLJUN-G_unmatched_1.fastq.gz	/net/nfs-ip34/jbod2/def-ilafores/analysis/boreal_moss/preproc/S-8-POLJUN-G/S-8-POLJUN-G_unmatched_2.fastq.gz
S-8-POLJUN-B	/net/nfs-ip34/jbod2/def-ilafores/analysis/boreal_moss/preproc/S-8-POLJUN-B/S-8-POLJUN-B_paired_1.fastq.gz	/net/nfs-ip34/jbod2/def-ilafores/analysis/boreal_moss/preproc/S-8-POLJUN-B/S-8-POLJUN-B_paired_2.fastq.gz	/net/nfs-ip34/jbod2/def-ilafores/analysis/boreal_moss/preproc/S-8-POLJUN-B/S-8-POLJUN-B_unmatched_1.fastq.gz	/net/nfs-ip34/jbod2/def-ilafores/analysis/boreal_moss/preproc/S-8-POLJUN-B/S-8-POLJUN-B_unmatched_2.fastq.gz
S-9-POLJUN-G	/net/nfs-ip34/jbod2/def-ilafores/analysis/boreal_moss/preproc/S-9-POLJUN-G/S-9-POLJUN-G_paired_1.fastq.gz	/net/nfs-ip34/jbod2/def-ilafores/analysis/boreal_moss/preproc/S-9-POLJUN-G/S-9-POLJUN-G_paired_2.fastq.gz	/net/nfs-ip34/jbod2/def-ilafores/analysis/boreal_moss/preproc/S-9-POLJUN-G/S-9-POLJUN-G_unmatched_1.fastq.gz	/net/nfs-ip34/jbod2/def-ilafores/analysis/boreal_moss/preproc/S-9-POLJUN-G/S-9-POLJUN-G_unmatched_2.fastq.gz
S-9-POLJUN-B	/net/nfs-ip34/jbod2/def-ilafores/analysis/boreal_moss/preproc/S-9-POLJUN-B/S-9-POLJUN-B_paired_1.fastq.gz	/net/nfs-ip34/jbod2/def-ilafores/analysis/boreal_moss/preproc/S-9-POLJUN-B/S-9-POLJUN-B_paired_2.fastq.gz	/net/nfs-ip34/jbod2/def-ilafores/analysis/boreal_moss/preproc/S-9-POLJUN-B/S-9-POLJUN-B_unmatched_1.fastq.gz	/net/nfs-ip34/jbod2/def-ilafores/analysis/boreal_moss/preproc/S-9-POLJUN-B/S-9-POLJUN-B_unmatched_2.fastq.gz
S-1-POLCOM-G	/net/nfs-ip34/jbod2/def-ilafores/analysis/boreal_moss/preproc/S-1-POLCOM-G/S-1-POLCOM-G_paired_1.fastq.gz	/net/nfs-ip34/jbod2/def-ilafores/analysis/boreal_moss/preproc/S-1-POLCOM-G/S-1-POLCOM-G_paired_2.fastq.gz	/net/nfs-ip34/jbod2/def-ilafores/analysis/boreal_moss/preproc/S-1-POLCOM-G/S-1-POLCOM-G_unmatched_1.fastq.gz	/net/nfs-ip34/jbod2/def-ilafores/analysis/boreal_moss/preproc/S-1-POLCOM-G/S-1-POLCOM-G_unmatched_2.fastq.gz
S-1-POLCOM-B	/net/nfs-ip34/jbod2/def-ilafores/analysis/boreal_moss/preproc/S-1-POLCOM-B/S-1-POLCOM-B_paired_1.fastq.gz	/net/nfs-ip34/jbod2/def-ilafores/analysis/boreal_moss/preproc/S-1-POLCOM-B/S-1-POLCOM-B_paired_2.fastq.gz	/net/nfs-ip34/jbod2/def-ilafores/analysis/boreal_moss/preproc/S-1-POLCOM-B/S-1-POLCOM-B_unmatched_1.fastq.gz	/net/nfs-ip34/jbod2/def-ilafores/analysis/boreal_moss/preproc/S-1-POLCOM-B/S-1-POLCOM-B_unmatched_2.fastq.gz
S-2-POLCOM-G	/net/nfs-ip34/jbod2/def-ilafores/analysis/boreal_moss/preproc/S-2-POLCOM-G/S-2-POLCOM-G_paired_1.fastq.gz	/net/nfs-ip34/jbod2/def-ilafores/analysis/boreal_moss/preproc/S-2-POLCOM-G/S-2-POLCOM-G_paired_2.fastq.gz	/net/nfs-ip34/jbod2/def-ilafores/analysis/boreal_moss/preproc/S-2-POLCOM-G/S-2-POLCOM-G_unmatched_1.fastq.gz	/net/nfs-ip34/jbod2/def-ilafores/analysis/boreal_moss/preproc/S-2-POLCOM-G/S-2-POLCOM-G_unmatched_2.fastq.gz
S-2-POLCOM-B	/net/nfs-ip34/jbod2/def-ilafores/analysis/boreal_moss/preproc/S-2-POLCOM-B/S-2-POLCOM-B_paired_1.fastq.gz	/net/nfs-ip34/jbod2/def-ilafores/analysis/boreal_moss/preproc/S-2-POLCOM-B/S-2-POLCOM-B_paired_2.fastq.gz	/net/nfs-ip34/jbod2/def-ilafores/analysis/boreal_moss/preproc/S-2-POLCOM-B/S-2-POLCOM-B_unmatched_1.fastq.gz	/net/nfs-ip34/jbod2/def-ilafores/analysis/boreal_moss/preproc/S-2-POLCOM-B/S-2-POLCOM-B_unmatched_2.fastq.gz
S-3-POLCOM-G	/net/nfs-ip34/jbod2/def-ilafores/analysis/boreal_moss/preproc/S-3-POLCOM-G/S-3-POLCOM-G_paired_1.fastq.gz	/net/nfs-ip34/jbod2/def-ilafores/analysis/boreal_moss/preproc/S-3-POLCOM-G/S-3-POLCOM-G_paired_2.fastq.gz	/net/nfs-ip34/jbod2/def-ilafores/analysis/boreal_moss/preproc/S-3-POLCOM-G/S-3-POLCOM-G_unmatched_1.fastq.gz	/net/nfs-ip34/jbod2/def-ilafores/analysis/boreal_moss/preproc/S-3-POLCOM-G/S-3-POLCOM-G_unmatched_2.fastq.gz
S-3-POLCOM-B	/net/nfs-ip34/jbod2/def-ilafores/analysis/boreal_moss/preproc/S-3-POLCOM-B/S-3-POLCOM-B_paired_1.fastq.gz	/net/nfs-ip34/jbod2/def-ilafores/analysis/boreal_moss/preproc/S-3-POLCOM-B/S-3-POLCOM-B_paired_2.fastq.gz	/net/nfs-ip34/jbod2/def-ilafores/analysis/boreal_moss/preproc/S-3-POLCOM-B/S-3-POLCOM-B_unmatched_1.fastq.gz	/net/nfs-ip34/jbod2/def-ilafores/analysis/boreal_moss/preproc/S-3-POLCOM-B/S-3-POLCOM-B_unmatched_2.fastq.gz
S-4-POLCOM-G	/net/nfs-ip34/jbod2/def-ilafores/analysis/boreal_moss/preproc/S-4-POLCOM-G/S-4-POLCOM-G_paired_1.fastq.gz	/net/nfs-ip34/jbod2/def-ilafores/analysis/boreal_moss/preproc/S-4-POLCOM-G/S-4-POLCOM-G_paired_2.fastq.gz	/net/nfs-ip34/jbod2/def-ilafores/analysis/boreal_moss/preproc/S-4-POLCOM-G/S-4-POLCOM-G_unmatched_1.fastq.gz	/net/nfs-ip34/jbod2/def-ilafores/analysis/boreal_moss/preproc/S-4-POLCOM-G/S-4-POLCOM-G_unmatched_2.fastq.gz
S-4-POLCOM-B	/net/nfs-ip34/jbod2/def-ilafores/analysis/boreal_moss/preproc/S-4-POLCOM-B/S-4-POLCOM-B_paired_1.fastq.gz	/net/nfs-ip34/jbod2/def-ilafores/analysis/boreal_moss/preproc/S-4-POLCOM-B/S-4-POLCOM-B_paired_2.fastq.gz	/net/nfs-ip34/jbod2/def-ilafores/analysis/boreal_moss/preproc/S-4-POLCOM-B/S-4-POLCOM-B_unmatched_1.fastq.gz	/net/nfs-ip34/jbod2/def-ilafores/analysis/boreal_moss/preproc/S-4-POLCOM-B/S-4-POLCOM-B_unmatched_2.fastq.gz
S-5-POLCOM-G	/net/nfs-ip34/jbod2/def-ilafores/analysis/boreal_moss/preproc/S-5-POLCOM-G/S-5-POLCOM-G_paired_1.fastq.gz	/net/nfs-ip34/jbod2/def-ilafores/analysis/boreal_moss/preproc/S-5-POLCOM-G/S-5-POLCOM-G_paired_2.fastq.gz	/net/nfs-ip34/jbod2/def-ilafores/analysis/boreal_moss/preproc/S-5-POLCOM-G/S-5-POLCOM-G_unmatched_1.fastq.gz	/net/nfs-ip34/jbod2/def-ilafores/analysis/boreal_moss/preproc/S-5-POLCOM-G/S-5-POLCOM-G_unmatched_2.fastq.gz
S-5-POLCOM-B	/net/nfs-ip34/jbod2/def-ilafores/analysis/boreal_moss/preproc/S-5-POLCOM-B/S-5-POLCOM-B_paired_1.fastq.gz	/net/nfs-ip34/jbod2/def-ilafores/analysis/boreal_moss/preproc/S-5-POLCOM-B/S-5-POLCOM-B_paired_2.fastq.gz	/net/nfs-ip34/jbod2/def-ilafores/analysis/boreal_moss/preproc/S-5-POLCOM-B/S-5-POLCOM-B_unmatched_1.fastq.gz	/net/nfs-ip34/jbod2/def-ilafores/analysis/boreal_moss/preproc/S-5-POLCOM-B/S-5-POLCOM-B_unmatched_2.fastq.gz
S-6-POLCOM-G	/net/nfs-ip34/jbod2/def-ilafores/analysis/boreal_moss/preproc/S-6-POLCOM-G/S-6-POLCOM-G_paired_1.fastq.gz	/net/nfs-ip34/jbod2/def-ilafores/analysis/boreal_moss/preproc/S-6-POLCOM-G/S-6-POLCOM-G_paired_2.fastq.gz	/net/nfs-ip34/jbod2/def-ilafores/analysis/boreal_moss/preproc/S-6-POLCOM-G/S-6-POLCOM-G_unmatched_1.fastq.gz	/net/nfs-ip34/jbod2/def-ilafores/analysis/boreal_moss/preproc/S-6-POLCOM-G/S-6-POLCOM-G_unmatched_2.fastq.gz
S-6-POLCOM-B	/net/nfs-ip34/jbod2/def-ilafores/analysis/boreal_moss/preproc/S-6-POLCOM-B/S-6-POLCOM-B_paired_1.fastq.gz	/net/nfs-ip34/jbod2/def-ilafores/analysis/boreal_moss/preproc/S-6-POLCOM-B/S-6-POLCOM-B_paired_2.fastq.gz	/net/nfs-ip34/jbod2/def-ilafores/analysis/boreal_moss/preproc/S-6-POLCOM-B/S-6-POLCOM-B_unmatched_1.fastq.gz	/net/nfs-ip34/jbod2/def-ilafores/analysis/boreal_moss/preproc/S-6-POLCOM-B/S-6-POLCOM-B_unmatched_2.fastq.gz
S-7-POLCOM-G	/net/nfs-ip34/jbod2/def-ilafores/analysis/boreal_moss/preproc/S-7-POLCOM-G/S-7-POLCOM-G_paired_1.fastq.gz	/net/nfs-ip34/jbod2/def-ilafores/analysis/boreal_moss/preproc/S-7-POLCOM-G/S-7-POLCOM-G_paired_2.fastq.gz	/net/nfs-ip34/jbod2/def-ilafores/analysis/boreal_moss/preproc/S-7-POLCOM-G/S-7-POLCOM-G_unmatched_1.fastq.gz	/net/nfs-ip34/jbod2/def-ilafores/analysis/boreal_moss/preproc/S-7-POLCOM-G/S-7-POLCOM-G_unmatched_2.fastq.gz
S-7-POLCOM-B	/net/nfs-ip34/jbod2/def-ilafores/analysis/boreal_moss/preproc/S-7-POLCOM-B/S-7-POLCOM-B_paired_1.fastq.gz	/net/nfs-ip34/jbod2/def-ilafores/analysis/boreal_moss/preproc/S-7-POLCOM-B/S-7-POLCOM-B_paired_2.fastq.gz	/net/nfs-ip34/jbod2/def-ilafores/analysis/boreal_moss/preproc/S-7-POLCOM-B/S-7-POLCOM-B_unmatched_1.fastq.gz	/net/nfs-ip34/jbod2/def-ilafores/analysis/boreal_moss/preproc/S-7-POLCOM-B/S-7-POLCOM-B_unmatched_2.fastq.gz
S-8-POLCOM-G	/net/nfs-ip34/jbod2/def-ilafores/analysis/boreal_moss/preproc/S-8-POLCOM-G/S-8-POLCOM-G_paired_1.fastq.gz	/net/nfs-ip34/jbod2/def-ilafores/analysis/boreal_moss/preproc/S-8-POLCOM-G/S-8-POLCOM-G_paired_2.fastq.gz	/net/nfs-ip34/jbod2/def-ilafores/analysis/boreal_moss/preproc/S-8-POLCOM-G/S-8-POLCOM-G_unmatched_1.fastq.gz	/net/nfs-ip34/jbod2/def-ilafores/analysis/boreal_moss/preproc/S-8-POLCOM-G/S-8-POLCOM-G_unmatched_2.fastq.gz
S-8-POLCOM-B	/net/nfs-ip34/jbod2/def-ilafores/analysis/boreal_moss/preproc/S-8-POLCOM-B/S-8-POLCOM-B_paired_1.fastq.gz	/net/nfs-ip34/jbod2/def-ilafores/analysis/boreal_moss/preproc/S-8-POLCOM-B/S-8-POLCOM-B_paired_2.fastq.gz	/net/nfs-ip34/jbod2/def-ilafores/analysis/boreal_moss/preproc/S-8-POLCOM-B/S-8-POLCOM-B_unmatched_1.fastq.gz	/net/nfs-ip34/jbod2/def-ilafores/analysis/boreal_moss/preproc/S-8-POLCOM-B/S-8-POLCOM-B_unmatched_2.fastq.gz
S-9-POLCOM-G	/net/nfs-ip34/jbod2/def-ilafores/analysis/boreal_moss/preproc/S-9-POLCOM-G/S-9-POLCOM-G_paired_1.fastq.gz	/net/nfs-ip34/jbod2/def-ilafores/analysis/boreal_moss/preproc/S-9-POLCOM-G/S-9-POLCOM-G_paired_2.fastq.gz	/net/nfs-ip34/jbod2/def-ilafores/analysis/boreal_moss/preproc/S-9-POLCOM-G/S-9-POLCOM-G_unmatched_1.fastq.gz	/net/nfs-ip34/jbod2/def-ilafores/analysis/boreal_moss/preproc/S-9-POLCOM-G/S-9-POLCOM-G_unmatched_2.fastq.gz
S-9-POLCOM-B	/net/nfs-ip34/jbod2/def-ilafores/analysis/boreal_moss/preproc/S-9-POLCOM-B/S-9-POLCOM-B_paired_1.fastq.gz	/net/nfs-ip34/jbod2/def-ilafores/analysis/boreal_moss/preproc/S-9-POLCOM-B/S-9-POLCOM-B_paired_2.fastq.gz	/net/nfs-ip34/jbod2/def-ilafores/analysis/boreal_moss/preproc/S-9-POLCOM-B/S-9-POLCOM-B_unmatched_1.fastq.gz	/net/nfs-ip34/jbod2/def-ilafores/analysis/boreal_moss/preproc/S-9-POLCOM-B/S-9-POLCOM-B_unmatched_2.fastq.gz
S-1-DICUND-B	/net/nfs-ip34/jbod2/def-ilafores/analysis/boreal_moss/preproc/S-1-DICUND-B/S-1-DICUND-B_paired_1.fastq.gz	/net/nfs-ip34/jbod2/def-ilafores/analysis/boreal_moss/preproc/S-1-DICUND-B/S-1-DICUND-B_paired_2.fastq.gz	/net/nfs-ip34/jbod2/def-ilafores/analysis/boreal_moss/preproc/S-1-DICUND-B/S-1-DICUND-B_unmatched_1.fastq.gz	/net/nfs-ip34/jbod2/def-ilafores/analysis/boreal_moss/preproc/S-1-DICUND-B/S-1-DICUND-B_unmatched_2.fastq.gz
S-3-DICUND-G	/net/nfs-ip34/jbod2/def-ilafores/analysis/boreal_moss/preproc/S-3-DICUND-G/S-3-DICUND-G_paired_1.fastq.gz	/net/nfs-ip34/jbod2/def-ilafores/analysis/boreal_moss/preproc/S-3-DICUND-G/S-3-DICUND-G_paired_2.fastq.gz	/net/nfs-ip34/jbod2/def-ilafores/analysis/boreal_moss/preproc/S-3-DICUND-G/S-3-DICUND-G_unmatched_1.fastq.gz	/net/nfs-ip34/jbod2/def-ilafores/analysis/boreal_moss/preproc/S-3-DICUND-G/S-3-DICUND-G_unmatched_2.fastq.gz
S-3-DICUND-B	/net/nfs-ip34/jbod2/def-ilafores/analysis/boreal_moss/preproc/S-3-DICUND-B/S-3-DICUND-B_paired_1.fastq.gz	/net/nfs-ip34/jbod2/def-ilafores/analysis/boreal_moss/preproc/S-3-DICUND-B/S-3-DICUND-B_paired_2.fastq.gz	/net/nfs-ip34/jbod2/def-ilafores/analysis/boreal_moss/preproc/S-3-DICUND-B/S-3-DICUND-B_unmatched_1.fastq.gz	/net/nfs-ip34/jbod2/def-ilafores/analysis/boreal_moss/preproc/S-3-DICUND-B/S-3-DICUND-B_unmatched_2.fastq.gz
S-4-DICUND-G	/net/nfs-ip34/jbod2/def-ilafores/analysis/boreal_moss/preproc/S-4-DICUND-G/S-4-DICUND-G_paired_1.fastq.gz	/net/nfs-ip34/jbod2/def-ilafores/analysis/boreal_moss/preproc/S-4-DICUND-G/S-4-DICUND-G_paired_2.fastq.gz	/net/nfs-ip34/jbod2/def-ilafores/analysis/boreal_moss/preproc/S-4-DICUND-G/S-4-DICUND-G_unmatched_1.fastq.gz	/net/nfs-ip34/jbod2/def-ilafores/analysis/boreal_moss/preproc/S-4-DICUND-G/S-4-DICUND-G_unmatched_2.fastq.gz
S-4-DICUND-B	/net/nfs-ip34/jbod2/def-ilafores/analysis/boreal_moss/preproc/S-4-DICUND-B/S-4-DICUND-B_paired_1.fastq.gz	/net/nfs-ip34/jbod2/def-ilafores/analysis/boreal_moss/preproc/S-4-DICUND-B/S-4-DICUND-B_paired_2.fastq.gz	/net/nfs-ip34/jbod2/def-ilafores/analysis/boreal_moss/preproc/S-4-DICUND-B/S-4-DICUND-B_unmatched_1.fastq.gz	/net/nfs-ip34/jbod2/def-ilafores/analysis/boreal_moss/preproc/S-4-DICUND-B/S-4-DICUND-B_unmatched_2.fastq.gz
S-5-DICUND-G	/net/nfs-ip34/jbod2/def-ilafores/analysis/boreal_moss/preproc/S-5-DICUND-G/S-5-DICUND-G_paired_1.fastq.gz	/net/nfs-ip34/jbod2/def-ilafores/analysis/boreal_moss/preproc/S-5-DICUND-G/S-5-DICUND-G_paired_2.fastq.gz	/net/nfs-ip34/jbod2/def-ilafores/analysis/boreal_moss/preproc/S-5-DICUND-G/S-5-DICUND-G_unmatched_1.fastq.gz	/net/nfs-ip34/jbod2/def-ilafores/analysis/boreal_moss/preproc/S-5-DICUND-G/S-5-DICUND-G_unmatched_2.fastq.gz
S-5-DICUND-B	/net/nfs-ip34/jbod2/def-ilafores/analysis/boreal_moss/preproc/S-5-DICUND-B/S-5-DICUND-B_paired_1.fastq.gz	/net/nfs-ip34/jbod2/def-ilafores/analysis/boreal_moss/preproc/S-5-DICUND-B/S-5-DICUND-B_paired_2.fastq.gz	/net/nfs-ip34/jbod2/def-ilafores/analysis/boreal_moss/preproc/S-5-DICUND-B/S-5-DICUND-B_unmatched_1.fastq.gz	/net/nfs-ip34/jbod2/def-ilafores/analysis/boreal_moss/preproc/S-5-DICUND-B/S-5-DICUND-B_unmatched_2.fastq.gz
S-6-DICUND-G	/net/nfs-ip34/jbod2/def-ilafores/analysis/boreal_moss/preproc/S-6-DICUND-G/S-6-DICUND-G_paired_1.fastq.gz	/net/nfs-ip34/jbod2/def-ilafores/analysis/boreal_moss/preproc/S-6-DICUND-G/S-6-DICUND-G_paired_2.fastq.gz	/net/nfs-ip34/jbod2/def-ilafores/analysis/boreal_moss/preproc/S-6-DICUND-G/S-6-DICUND-G_unmatched_1.fastq.gz	/net/nfs-ip34/jbod2/def-ilafores/analysis/boreal_moss/preproc/S-6-DICUND-G/S-6-DICUND-G_unmatched_2.fastq.gz
S-6-DICUND-B	/net/nfs-ip34/jbod2/def-ilafores/analysis/boreal_moss/preproc/S-6-DICUND-B/S-6-DICUND-B_paired_1.fastq.gz	/net/nfs-ip34/jbod2/def-ilafores/analysis/boreal_moss/preproc/S-6-DICUND-B/S-6-DICUND-B_paired_2.fastq.gz	/net/nfs-ip34/jbod2/def-ilafores/analysis/boreal_moss/preproc/S-6-DICUND-B/S-6-DICUND-B_unmatched_1.fastq.gz	/net/nfs-ip34/jbod2/def-ilafores/analysis/boreal_moss/preproc/S-6-DICUND-B/S-6-DICUND-B_unmatched_2.fastq.gz
S-7-DICUND-G	/net/nfs-ip34/jbod2/def-ilafores/analysis/boreal_moss/preproc/S-7-DICUND-G/S-7-DICUND-G_paired_1.fastq.gz	/net/nfs-ip34/jbod2/def-ilafores/analysis/boreal_moss/preproc/S-7-DICUND-G/S-7-DICUND-G_paired_2.fastq.gz	/net/nfs-ip34/jbod2/def-ilafores/analysis/boreal_moss/preproc/S-7-DICUND-G/S-7-DICUND-G_unmatched_1.fastq.gz	/net/nfs-ip34/jbod2/def-ilafores/analysis/boreal_moss/preproc/S-7-DICUND-G/S-7-DICUND-G_unmatched_2.fastq.gz
S-7-DICUND-B	/net/nfs-ip34/jbod2/def-ilafores/analysis/boreal_moss/preproc/S-7-DICUND-B/S-7-DICUND-B_paired_1.fastq.gz	/net/nfs-ip34/jbod2/def-ilafores/analysis/boreal_moss/preproc/S-7-DICUND-B/S-7-DICUND-B_paired_2.fastq.gz	/net/nfs-ip34/jbod2/def-ilafores/analysis/boreal_moss/preproc/S-7-DICUND-B/S-7-DICUND-B_unmatched_1.fastq.gz	/net/nfs-ip34/jbod2/def-ilafores/analysis/boreal_moss/preproc/S-7-DICUND-B/S-7-DICUND-B_unmatched_2.fastq.gz
S-8-DICUND-G	/net/nfs-ip34/jbod2/def-ilafores/analysis/boreal_moss/preproc/S-8-DICUND-G/S-8-DICUND-G_paired_1.fastq.gz	/net/nfs-ip34/jbod2/def-ilafores/analysis/boreal_moss/preproc/S-8-DICUND-G/S-8-DICUND-G_paired_2.fastq.gz	/net/nfs-ip34/jbod2/def-ilafores/analysis/boreal_moss/preproc/S-8-DICUND-G/S-8-DICUND-G_unmatched_1.fastq.gz	/net/nfs-ip34/jbod2/def-ilafores/analysis/boreal_moss/preproc/S-8-DICUND-G/S-8-DICUND-G_unmatched_2.fastq.gz
S-8-DICUND-B	/net/nfs-ip34/jbod2/def-ilafores/analysis/boreal_moss/preproc/S-8-DICUND-B/S-8-DICUND-B_paired_1.fastq.gz	/net/nfs-ip34/jbod2/def-ilafores/analysis/boreal_moss/preproc/S-8-DICUND-B/S-8-DICUND-B_paired_2.fastq.gz	/net/nfs-ip34/jbod2/def-ilafores/analysis/boreal_moss/preproc/S-8-DICUND-B/S-8-DICUND-B_unmatched_1.fastq.gz	/net/nfs-ip34/jbod2/def-ilafores/analysis/boreal_moss/preproc/S-8-DICUND-B/S-8-DICUND-B_unmatched_2.fastq.gz
S-9-DICUND-G	/net/nfs-ip34/jbod2/def-ilafores/analysis/boreal_moss/preproc/S-9-DICUND-G/S-9-DICUND-G_paired_1.fastq.gz	/net/nfs-ip34/jbod2/def-ilafores/analysis/boreal_moss/preproc/S-9-DICUND-G/S-9-DICUND-G_paired_2.fastq.gz	/net/nfs-ip34/jbod2/def-ilafores/analysis/boreal_moss/preproc/S-9-DICUND-G/S-9-DICUND-G_unmatched_1.fastq.gz	/net/nfs-ip34/jbod2/def-ilafores/analysis/boreal_moss/preproc/S-9-DICUND-G/S-9-DICUND-G_unmatched_2.fastq.gz
S-9-DICUND-B	/net/nfs-ip34/jbod2/def-ilafores/analysis/boreal_moss/preproc/S-9-DICUND-B/S-9-DICUND-B_paired_1.fastq.gz	/net/nfs-ip34/jbod2/def-ilafores/analysis/boreal_moss/preproc/S-9-DICUND-B/S-9-DICUND-B_paired_2.fastq.gz	/net/nfs-ip34/jbod2/def-ilafores/analysis/boreal_moss/preproc/S-9-DICUND-B/S-9-DICUND-B_unmatched_1.fastq.gz	/net/nfs-ip34/jbod2/def-ilafores/analysis/boreal_moss/preproc/S-9-DICUND-B/S-9-DICUND-B_unmatched_2.fastq.gz
S-19-POLPIL-G	/net/nfs-ip34/jbod2/def-ilafores/analysis/boreal_moss/preproc/S-19-POLPIL-G/S-19-POLPIL-G_paired_1.fastq.gz	/net/nfs-ip34/jbod2/def-ilafores/analysis/boreal_moss/preproc/S-19-POLPIL-G/S-19-POLPIL-G_paired_2.fastq.gz	/net/nfs-ip34/jbod2/def-ilafores/analysis/boreal_moss/preproc/S-19-POLPIL-G/S-19-POLPIL-G_unmatched_1.fastq.gz	/net/nfs-ip34/jbod2/def-ilafores/analysis/boreal_moss/preproc/S-19-POLPIL-G/S-19-POLPIL-G_unmatched_2.fastq.gz
S-19-POLPIL-B	/net/nfs-ip34/jbod2/def-ilafores/analysis/boreal_moss/preproc/S-19-POLPIL-B/S-19-POLPIL-B_paired_1.fastq.gz	/net/nfs-ip34/jbod2/def-ilafores/analysis/boreal_moss/preproc/S-19-POLPIL-B/S-19-POLPIL-B_paired_2.fastq.gz	/net/nfs-ip34/jbod2/def-ilafores/analysis/boreal_moss/preproc/S-19-POLPIL-B/S-19-POLPIL-B_unmatched_1.fastq.gz	/net/nfs-ip34/jbod2/def-ilafores/analysis/boreal_moss/preproc/S-19-POLPIL-B/S-19-POLPIL-B_unmatched_2.fastq.gz
S-20-POLPIL-G	/net/nfs-ip34/jbod2/def-ilafores/analysis/boreal_moss/preproc/S-20-POLPIL-G/S-20-POLPIL-G_paired_1.fastq.gz	/net/nfs-ip34/jbod2/def-ilafores/analysis/boreal_moss/preproc/S-20-POLPIL-G/S-20-POLPIL-G_paired_2.fastq.gz	/net/nfs-ip34/jbod2/def-ilafores/analysis/boreal_moss/preproc/S-20-POLPIL-G/S-20-POLPIL-G_unmatched_1.fastq.gz	/net/nfs-ip34/jbod2/def-ilafores/analysis/boreal_moss/preproc/S-20-POLPIL-G/S-20-POLPIL-G_unmatched_2.fastq.gz
S-20-POLPIL-B	/net/nfs-ip34/jbod2/def-ilafores/analysis/boreal_moss/preproc/S-20-POLPIL-B/S-20-POLPIL-B_paired_1.fastq.gz	/net/nfs-ip34/jbod2/def-ilafores/analysis/boreal_moss/preproc/S-20-POLPIL-B/S-20-POLPIL-B_paired_2.fastq.gz	/net/nfs-ip34/jbod2/def-ilafores/analysis/boreal_moss/preproc/S-20-POLPIL-B/S-20-POLPIL-B_unmatched_1.fastq.gz	/net/nfs-ip34/jbod2/def-ilafores/analysis/boreal_moss/preproc/S-20-POLPIL-B/S-20-POLPIL-B_unmatched_2.fastq.gz
S-21-POLPIL-G	/net/nfs-ip34/jbod2/def-ilafores/analysis/boreal_moss/preproc/S-21-POLPIL-G/S-21-POLPIL-G_paired_1.fastq.gz	/net/nfs-ip34/jbod2/def-ilafores/analysis/boreal_moss/preproc/S-21-POLPIL-G/S-21-POLPIL-G_paired_2.fastq.gz	/net/nfs-ip34/jbod2/def-ilafores/analysis/boreal_moss/preproc/S-21-POLPIL-G/S-21-POLPIL-G_unmatched_1.fastq.gz	/net/nfs-ip34/jbod2/def-ilafores/analysis/boreal_moss/preproc/S-21-POLPIL-G/S-21-POLPIL-G_unmatched_2.fastq.gz
S-22-POLPIL-G	/net/nfs-ip34/jbod2/def-ilafores/analysis/boreal_moss/preproc/S-22-POLPIL-G/S-22-POLPIL-G_paired_1.fastq.gz	/net/nfs-ip34/jbod2/def-ilafores/analysis/boreal_moss/preproc/S-22-POLPIL-G/S-22-POLPIL-G_paired_2.fastq.gz	/net/nfs-ip34/jbod2/def-ilafores/analysis/boreal_moss/preproc/S-22-POLPIL-G/S-22-POLPIL-G_unmatched_1.fastq.gz	/net/nfs-ip34/jbod2/def-ilafores/analysis/boreal_moss/preproc/S-22-POLPIL-G/S-22-POLPIL-G_unmatched_2.fastq.gz
S-22-POLPIL-B	/net/nfs-ip34/jbod2/def-ilafores/analysis/boreal_moss/preproc/S-22-POLPIL-B/S-22-POLPIL-B_paired_1.fastq.gz	/net/nfs-ip34/jbod2/def-ilafores/analysis/boreal_moss/preproc/S-22-POLPIL-B/S-22-POLPIL-B_paired_2.fastq.gz	/net/nfs-ip34/jbod2/def-ilafores/analysis/boreal_moss/preproc/S-22-POLPIL-B/S-22-POLPIL-B_unmatched_1.fastq.gz	/net/nfs-ip34/jbod2/def-ilafores/analysis/boreal_moss/preproc/S-22-POLPIL-B/S-22-POLPIL-B_unmatched_2.fastq.gz
S-23-POLPIL-G	/net/nfs-ip34/jbod2/def-ilafores/analysis/boreal_moss/preproc/S-23-POLPIL-G/S-23-POLPIL-G_paired_1.fastq.gz	/net/nfs-ip34/jbod2/def-ilafores/analysis/boreal_moss/preproc/S-23-POLPIL-G/S-23-POLPIL-G_paired_2.fastq.gz	/net/nfs-ip34/jbod2/def-ilafores/analysis/boreal_moss/preproc/S-23-POLPIL-G/S-23-POLPIL-G_unmatched_1.fastq.gz	/net/nfs-ip34/jbod2/def-ilafores/analysis/boreal_moss/preproc/S-23-POLPIL-G/S-23-POLPIL-G_unmatched_2.fastq.gz
S-23-POLPIL-B	/net/nfs-ip34/jbod2/def-ilafores/analysis/boreal_moss/preproc/S-23-POLPIL-B/S-23-POLPIL-B_paired_1.fastq.gz	/net/nfs-ip34/jbod2/def-ilafores/analysis/boreal_moss/preproc/S-23-POLPIL-B/S-23-POLPIL-B_paired_2.fastq.gz	/net/nfs-ip34/jbod2/def-ilafores/analysis/boreal_moss/preproc/S-23-POLPIL-B/S-23-POLPIL-B_unmatched_1.fastq.gz	/net/nfs-ip34/jbod2/def-ilafores/analysis/boreal_moss/preproc/S-23-POLPIL-B/S-23-POLPIL-B_unmatched_2.fastq.gz
S-24-POLPIL-G	/net/nfs-ip34/jbod2/def-ilafores/analysis/boreal_moss/preproc/S-24-POLPIL-G/S-24-POLPIL-G_paired_1.fastq.gz	/net/nfs-ip34/jbod2/def-ilafores/analysis/boreal_moss/preproc/S-24-POLPIL-G/S-24-POLPIL-G_paired_2.fastq.gz	/net/nfs-ip34/jbod2/def-ilafores/analysis/boreal_moss/preproc/S-24-POLPIL-G/S-24-POLPIL-G_unmatched_1.fastq.gz	/net/nfs-ip34/jbod2/def-ilafores/analysis/boreal_moss/preproc/S-24-POLPIL-G/S-24-POLPIL-G_unmatched_2.fastq.gz
S-24-POLPIL-B	/net/nfs-ip34/jbod2/def-ilafores/analysis/boreal_moss/preproc/S-24-POLPIL-B/S-24-POLPIL-B_paired_1.fastq.gz	/net/nfs-ip34/jbod2/def-ilafores/analysis/boreal_moss/preproc/S-24-POLPIL-B/S-24-POLPIL-B_paired_2.fastq.gz	/net/nfs-ip34/jbod2/def-ilafores/analysis/boreal_moss/preproc/S-24-POLPIL-B/S-24-POLPIL-B_unmatched_1.fastq.gz	/net/nfs-ip34/jbod2/def-ilafores/analysis/boreal_moss/preproc/S-24-POLPIL-B/S-24-POLPIL-B_unmatched_2.fastq.gz
S-25-POLPIL-G	/net/nfs-ip34/jbod2/def-ilafores/analysis/boreal_moss/preproc/S-25-POLPIL-G/S-25-POLPIL-G_paired_1.fastq.gz	/net/nfs-ip34/jbod2/def-ilafores/analysis/boreal_moss/preproc/S-25-POLPIL-G/S-25-POLPIL-G_paired_2.fastq.gz	/net/nfs-ip34/jbod2/def-ilafores/analysis/boreal_moss/preproc/S-25-POLPIL-G/S-25-POLPIL-G_unmatched_1.fastq.gz	/net/nfs-ip34/jbod2/def-ilafores/analysis/boreal_moss/preproc/S-25-POLPIL-G/S-25-POLPIL-G_unmatched_2.fastq.gz
S-25-POLPIL-B	/net/nfs-ip34/jbod2/def-ilafores/analysis/boreal_moss/preproc/S-25-POLPIL-B/S-25-POLPIL-B_paired_1.fastq.gz	/net/nfs-ip34/jbod2/def-ilafores/analysis/boreal_moss/preproc/S-25-POLPIL-B/S-25-POLPIL-B_paired_2.fastq.gz	/net/nfs-ip34/jbod2/def-ilafores/analysis/boreal_moss/preproc/S-25-POLPIL-B/S-25-POLPIL-B_unmatched_1.fastq.gz	/net/nfs-ip34/jbod2/def-ilafores/analysis/boreal_moss/preproc/S-25-POLPIL-B/S-25-POLPIL-B_unmatched_2.fastq.gz
S-26-POLPIL-G	/net/nfs-ip34/jbod2/def-ilafores/analysis/boreal_moss/preproc/S-26-POLPIL-G/S-26-POLPIL-G_paired_1.fastq.gz	/net/nfs-ip34/jbod2/def-ilafores/analysis/boreal_moss/preproc/S-26-POLPIL-G/S-26-POLPIL-G_paired_2.fastq.gz	/net/nfs-ip34/jbod2/def-ilafores/analysis/boreal_moss/preproc/S-26-POLPIL-G/S-26-POLPIL-G_unmatched_1.fastq.gz	/net/nfs-ip34/jbod2/def-ilafores/analysis/boreal_moss/preproc/S-26-POLPIL-G/S-26-POLPIL-G_unmatched_2.fastq.gz
S-26-POLPIL-B	/net/nfs-ip34/jbod2/def-ilafores/analysis/boreal_moss/preproc/S-26-POLPIL-B/S-26-POLPIL-B_paired_1.fastq.gz	/net/nfs-ip34/jbod2/def-ilafores/analysis/boreal_moss/preproc/S-26-POLPIL-B/S-26-POLPIL-B_paired_2.fastq.gz	/net/nfs-ip34/jbod2/def-ilafores/analysis/boreal_moss/preproc/S-26-POLPIL-B/S-26-POLPIL-B_unmatched_1.fastq.gz	/net/nfs-ip34/jbod2/def-ilafores/analysis/boreal_moss/preproc/S-26-POLPIL-B/S-26-POLPIL-B_unmatched_2.fastq.gz
S-27-POLPIL-G	/net/nfs-ip34/jbod2/def-ilafores/analysis/boreal_moss/preproc/S-27-POLPIL-G/S-27-POLPIL-G_paired_1.fastq.gz	/net/nfs-ip34/jbod2/def-ilafores/analysis/boreal_moss/preproc/S-27-POLPIL-G/S-27-POLPIL-G_paired_2.fastq.gz	/net/nfs-ip34/jbod2/def-ilafores/analysis/boreal_moss/preproc/S-27-POLPIL-G/S-27-POLPIL-G_unmatched_1.fastq.gz	/net/nfs-ip34/jbod2/def-ilafores/analysis/boreal_moss/preproc/S-27-POLPIL-G/S-27-POLPIL-G_unmatched_2.fastq.gz
S-27-POLPIL-B	/net/nfs-ip34/jbod2/def-ilafores/analysis/boreal_moss/preproc/S-27-POLPIL-B/S-27-POLPIL-B_paired_1.fastq.gz	/net/nfs-ip34/jbod2/def-ilafores/analysis/boreal_moss/preproc/S-27-POLPIL-B/S-27-POLPIL-B_paired_2.fastq.gz	/net/nfs-ip34/jbod2/def-ilafores/analysis/boreal_moss/preproc/S-27-POLPIL-B/S-27-POLPIL-B_unmatched_1.fastq.gz	/net/nfs-ip34/jbod2/def-ilafores/analysis/boreal_moss/preproc/S-27-POLPIL-B/S-27-POLPIL-B_unmatched_2.fastq.gz
S-10-POLJUN-G	/net/nfs-ip34/jbod2/def-ilafores/analysis/boreal_moss/preproc/S-10-POLJUN-G/S-10-POLJUN-G_paired_1.fastq.gz	/net/nfs-ip34/jbod2/def-ilafores/analysis/boreal_moss/preproc/S-10-POLJUN-G/S-10-POLJUN-G_paired_2.fastq.gz	/net/nfs-ip34/jbod2/def-ilafores/analysis/boreal_moss/preproc/S-10-POLJUN-G/S-10-POLJUN-G_unmatched_1.fastq.gz	/net/nfs-ip34/jbod2/def-ilafores/analysis/boreal_moss/preproc/S-10-POLJUN-G/S-10-POLJUN-G_unmatched_2.fastq.gz
S-10-POLJUN-B	/net/nfs-ip34/jbod2/def-ilafores/analysis/boreal_moss/preproc/S-10-POLJUN-B/S-10-POLJUN-B_paired_1.fastq.gz	/net/nfs-ip34/jbod2/def-ilafores/analysis/boreal_moss/preproc/S-10-POLJUN-B/S-10-POLJUN-B_paired_2.fastq.gz	/net/nfs-ip34/jbod2/def-ilafores/analysis/boreal_moss/preproc/S-10-POLJUN-B/S-10-POLJUN-B_unmatched_1.fastq.gz	/net/nfs-ip34/jbod2/def-ilafores/analysis/boreal_moss/preproc/S-10-POLJUN-B/S-10-POLJUN-B_unmatched_2.fastq.gz
S-11-POLJUN-G	/net/nfs-ip34/jbod2/def-ilafores/analysis/boreal_moss/preproc/S-11-POLJUN-G/S-11-POLJUN-G_paired_1.fastq.gz	/net/nfs-ip34/jbod2/def-ilafores/analysis/boreal_moss/preproc/S-11-POLJUN-G/S-11-POLJUN-G_paired_2.fastq.gz	/net/nfs-ip34/jbod2/def-ilafores/analysis/boreal_moss/preproc/S-11-POLJUN-G/S-11-POLJUN-G_unmatched_1.fastq.gz	/net/nfs-ip34/jbod2/def-ilafores/analysis/boreal_moss/preproc/S-11-POLJUN-G/S-11-POLJUN-G_unmatched_2.fastq.gz
S-11-POLJUN-B	/net/nfs-ip34/jbod2/def-ilafores/analysis/boreal_moss/preproc/S-11-POLJUN-B/S-11-POLJUN-B_paired_1.fastq.gz	/net/nfs-ip34/jbod2/def-ilafores/analysis/boreal_moss/preproc/S-11-POLJUN-B/S-11-POLJUN-B_paired_2.fastq.gz	/net/nfs-ip34/jbod2/def-ilafores/analysis/boreal_moss/preproc/S-11-POLJUN-B/S-11-POLJUN-B_unmatched_1.fastq.gz	/net/nfs-ip34/jbod2/def-ilafores/analysis/boreal_moss/preproc/S-11-POLJUN-B/S-11-POLJUN-B_unmatched_2.fastq.gz
S-12-POLJUN-G	/net/nfs-ip34/jbod2/def-ilafores/analysis/boreal_moss/preproc/S-12-POLJUN-G/S-12-POLJUN-G_paired_1.fastq.gz	/net/nfs-ip34/jbod2/def-ilafores/analysis/boreal_moss/preproc/S-12-POLJUN-G/S-12-POLJUN-G_paired_2.fastq.gz	/net/nfs-ip34/jbod2/def-ilafores/analysis/boreal_moss/preproc/S-12-POLJUN-G/S-12-POLJUN-G_unmatched_1.fastq.gz	/net/nfs-ip34/jbod2/def-ilafores/analysis/boreal_moss/preproc/S-12-POLJUN-G/S-12-POLJUN-G_unmatched_2.fastq.gz
S-12-POLJUN-B	/net/nfs-ip34/jbod2/def-ilafores/analysis/boreal_moss/preproc/S-12-POLJUN-B/S-12-POLJUN-B_paired_1.fastq.gz	/net/nfs-ip34/jbod2/def-ilafores/analysis/boreal_moss/preproc/S-12-POLJUN-B/S-12-POLJUN-B_paired_2.fastq.gz	/net/nfs-ip34/jbod2/def-ilafores/analysis/boreal_moss/preproc/S-12-POLJUN-B/S-12-POLJUN-B_unmatched_1.fastq.gz	/net/nfs-ip34/jbod2/def-ilafores/analysis/boreal_moss/preproc/S-12-POLJUN-B/S-12-POLJUN-B_unmatched_2.fastq.gz
S-13-POLJUN-G	/net/nfs-ip34/jbod2/def-ilafores/analysis/boreal_moss/preproc/S-13-POLJUN-G/S-13-POLJUN-G_paired_1.fastq.gz	/net/nfs-ip34/jbod2/def-ilafores/analysis/boreal_moss/preproc/S-13-POLJUN-G/S-13-POLJUN-G_paired_2.fastq.gz	/net/nfs-ip34/jbod2/def-ilafores/analysis/boreal_moss/preproc/S-13-POLJUN-G/S-13-POLJUN-G_unmatched_1.fastq.gz	/net/nfs-ip34/jbod2/def-ilafores/analysis/boreal_moss/preproc/S-13-POLJUN-G/S-13-POLJUN-G_unmatched_2.fastq.gz
S-13-POLJUN-B	/net/nfs-ip34/jbod2/def-ilafores/analysis/boreal_moss/preproc/S-13-POLJUN-B/S-13-POLJUN-B_paired_1.fastq.gz	/net/nfs-ip34/jbod2/def-ilafores/analysis/boreal_moss/preproc/S-13-POLJUN-B/S-13-POLJUN-B_paired_2.fastq.gz	/net/nfs-ip34/jbod2/def-ilafores/analysis/boreal_moss/preproc/S-13-POLJUN-B/S-13-POLJUN-B_unmatched_1.fastq.gz	/net/nfs-ip34/jbod2/def-ilafores/analysis/boreal_moss/preproc/S-13-POLJUN-B/S-13-POLJUN-B_unmatched_2.fastq.gz
S-14-POLJUN-G	/net/nfs-ip34/jbod2/def-ilafores/analysis/boreal_moss/preproc/S-14-POLJUN-G/S-14-POLJUN-G_paired_1.fastq.gz	/net/nfs-ip34/jbod2/def-ilafores/analysis/boreal_moss/preproc/S-14-POLJUN-G/S-14-POLJUN-G_paired_2.fastq.gz	/net/nfs-ip34/jbod2/def-ilafores/analysis/boreal_moss/preproc/S-14-POLJUN-G/S-14-POLJUN-G_unmatched_1.fastq.gz	/net/nfs-ip34/jbod2/def-ilafores/analysis/boreal_moss/preproc/S-14-POLJUN-G/S-14-POLJUN-G_unmatched_2.fastq.gz
S-14-POLJUN-B	/net/nfs-ip34/jbod2/def-ilafores/analysis/boreal_moss/preproc/S-14-POLJUN-B/S-14-POLJUN-B_paired_1.fastq.gz	/net/nfs-ip34/jbod2/def-ilafores/analysis/boreal_moss/preproc/S-14-POLJUN-B/S-14-POLJUN-B_paired_2.fastq.gz	/net/nfs-ip34/jbod2/def-ilafores/analysis/boreal_moss/preproc/S-14-POLJUN-B/S-14-POLJUN-B_unmatched_1.fastq.gz	/net/nfs-ip34/jbod2/def-ilafores/analysis/boreal_moss/preproc/S-14-POLJUN-B/S-14-POLJUN-B_unmatched_2.fastq.gz
S-15-POLJUN-G	/net/nfs-ip34/jbod2/def-ilafores/analysis/boreal_moss/preproc/S-15-POLJUN-G/S-15-POLJUN-G_paired_1.fastq.gz	/net/nfs-ip34/jbod2/def-ilafores/analysis/boreal_moss/preproc/S-15-POLJUN-G/S-15-POLJUN-G_paired_2.fastq.gz	/net/nfs-ip34/jbod2/def-ilafores/analysis/boreal_moss/preproc/S-15-POLJUN-G/S-15-POLJUN-G_unmatched_1.fastq.gz	/net/nfs-ip34/jbod2/def-ilafores/analysis/boreal_moss/preproc/S-15-POLJUN-G/S-15-POLJUN-G_unmatched_2.fastq.gz
S-15-POLJUN-B	/net/nfs-ip34/jbod2/def-ilafores/analysis/boreal_moss/preproc/S-15-POLJUN-B/S-15-POLJUN-B_paired_1.fastq.gz	/net/nfs-ip34/jbod2/def-ilafores/analysis/boreal_moss/preproc/S-15-POLJUN-B/S-15-POLJUN-B_paired_2.fastq.gz	/net/nfs-ip34/jbod2/def-ilafores/analysis/boreal_moss/preproc/S-15-POLJUN-B/S-15-POLJUN-B_unmatched_1.fastq.gz	/net/nfs-ip34/jbod2/def-ilafores/analysis/boreal_moss/preproc/S-15-POLJUN-B/S-15-POLJUN-B_unmatched_2.fastq.gz
S-16-POLJUN-G	/net/nfs-ip34/jbod2/def-ilafores/analysis/boreal_moss/preproc/S-16-POLJUN-G/S-16-POLJUN-G_paired_1.fastq.gz	/net/nfs-ip34/jbod2/def-ilafores/analysis/boreal_moss/preproc/S-16-POLJUN-G/S-16-POLJUN-G_paired_2.fastq.gz	/net/nfs-ip34/jbod2/def-ilafores/analysis/boreal_moss/preproc/S-16-POLJUN-G/S-16-POLJUN-G_unmatched_1.fastq.gz	/net/nfs-ip34/jbod2/def-ilafores/analysis/boreal_moss/preproc/S-16-POLJUN-G/S-16-POLJUN-G_unmatched_2.fastq.gz
S-16-POLJUN-B	/net/nfs-ip34/jbod2/def-ilafores/analysis/boreal_moss/preproc/S-16-POLJUN-B/S-16-POLJUN-B_paired_1.fastq.gz	/net/nfs-ip34/jbod2/def-ilafores/analysis/boreal_moss/preproc/S-16-POLJUN-B/S-16-POLJUN-B_paired_2.fastq.gz	/net/nfs-ip34/jbod2/def-ilafores/analysis/boreal_moss/preproc/S-16-POLJUN-B/S-16-POLJUN-B_unmatched_1.fastq.gz	/net/nfs-ip34/jbod2/def-ilafores/analysis/boreal_moss/preproc/S-16-POLJUN-B/S-16-POLJUN-B_unmatched_2.fastq.gz
S-17-POLJUN-G	/net/nfs-ip34/jbod2/def-ilafores/analysis/boreal_moss/preproc/S-17-POLJUN-G/S-17-POLJUN-G_paired_1.fastq.gz	/net/nfs-ip34/jbod2/def-ilafores/analysis/boreal_moss/preproc/S-17-POLJUN-G/S-17-POLJUN-G_paired_2.fastq.gz	/net/nfs-ip34/jbod2/def-ilafores/analysis/boreal_moss/preproc/S-17-POLJUN-G/S-17-POLJUN-G_unmatched_1.fastq.gz	/net/nfs-ip34/jbod2/def-ilafores/analysis/boreal_moss/preproc/S-17-POLJUN-G/S-17-POLJUN-G_unmatched_2.fastq.gz
S-17-POLJUN-B	/net/nfs-ip34/jbod2/def-ilafores/analysis/boreal_moss/preproc/S-17-POLJUN-B/S-17-POLJUN-B_paired_1.fastq.gz	/net/nfs-ip34/jbod2/def-ilafores/analysis/boreal_moss/preproc/S-17-POLJUN-B/S-17-POLJUN-B_paired_2.fastq.gz	/net/nfs-ip34/jbod2/def-ilafores/analysis/boreal_moss/preproc/S-17-POLJUN-B/S-17-POLJUN-B_unmatched_1.fastq.gz	/net/nfs-ip34/jbod2/def-ilafores/analysis/boreal_moss/preproc/S-17-POLJUN-B/S-17-POLJUN-B_unmatched_2.fastq.gz
S-18-POLJUN-G	/net/nfs-ip34/jbod2/def-ilafores/analysis/boreal_moss/preproc/S-18-POLJUN-G/S-18-POLJUN-G_paired_1.fastq.gz	/net/nfs-ip34/jbod2/def-ilafores/analysis/boreal_moss/preproc/S-18-POLJUN-G/S-18-POLJUN-G_paired_2.fastq.gz	/net/nfs-ip34/jbod2/def-ilafores/analysis/boreal_moss/preproc/S-18-POLJUN-G/S-18-POLJUN-G_unmatched_1.fastq.gz	/net/nfs-ip34/jbod2/def-ilafores/analysis/boreal_moss/preproc/S-18-POLJUN-G/S-18-POLJUN-G_unmatched_2.fastq.gz
S-18-POLJUN-B	/net/nfs-ip34/jbod2/def-ilafores/analysis/boreal_moss/preproc/S-18-POLJUN-B/S-18-POLJUN-B_paired_1.fastq.gz	/net/nfs-ip34/jbod2/def-ilafores/analysis/boreal_moss/preproc/S-18-POLJUN-B/S-18-POLJUN-B_paired_2.fastq.gz	/net/nfs-ip34/jbod2/def-ilafores/analysis/boreal_moss/preproc/S-18-POLJUN-B/S-18-POLJUN-B_unmatched_1.fastq.gz	/net/nfs-ip34/jbod2/def-ilafores/analysis/boreal_moss/preproc/S-18-POLJUN-B/S-18-POLJUN-B_unmatched_2.fastq.gz
S-19-POLJUN-B	/net/nfs-ip34/jbod2/def-ilafores/analysis/boreal_moss/preproc/S-19-POLJUN-B/S-19-POLJUN-B_paired_1.fastq.gz	/net/nfs-ip34/jbod2/def-ilafores/analysis/boreal_moss/preproc/S-19-POLJUN-B/S-19-POLJUN-B_paired_2.fastq.gz	/net/nfs-ip34/jbod2/def-ilafores/analysis/boreal_moss/preproc/S-19-POLJUN-B/S-19-POLJUN-B_unmatched_1.fastq.gz	/net/nfs-ip34/jbod2/def-ilafores/analysis/boreal_moss/preproc/S-19-POLJUN-B/S-19-POLJUN-B_unmatched_2.fastq.gz
S-20-POLJUN-G	/net/nfs-ip34/jbod2/def-ilafores/analysis/boreal_moss/preproc/S-20-POLJUN-G/S-20-POLJUN-G_paired_1.fastq.gz	/net/nfs-ip34/jbod2/def-ilafores/analysis/boreal_moss/preproc/S-20-POLJUN-G/S-20-POLJUN-G_paired_2.fastq.gz	/net/nfs-ip34/jbod2/def-ilafores/analysis/boreal_moss/preproc/S-20-POLJUN-G/S-20-POLJUN-G_unmatched_1.fastq.gz	/net/nfs-ip34/jbod2/def-ilafores/analysis/boreal_moss/preproc/S-20-POLJUN-G/S-20-POLJUN-G_unmatched_2.fastq.gz
S-20-POLJUN-B	/net/nfs-ip34/jbod2/def-ilafores/analysis/boreal_moss/preproc/S-20-POLJUN-B/S-20-POLJUN-B_paired_1.fastq.gz	/net/nfs-ip34/jbod2/def-ilafores/analysis/boreal_moss/preproc/S-20-POLJUN-B/S-20-POLJUN-B_paired_2.fastq.gz	/net/nfs-ip34/jbod2/def-ilafores/analysis/boreal_moss/preproc/S-20-POLJUN-B/S-20-POLJUN-B_unmatched_1.fastq.gz	/net/nfs-ip34/jbod2/def-ilafores/analysis/boreal_moss/preproc/S-20-POLJUN-B/S-20-POLJUN-B_unmatched_2.fastq.gz
S-21-POLJUN-G	/net/nfs-ip34/jbod2/def-ilafores/analysis/boreal_moss/preproc/S-21-POLJUN-G/S-21-POLJUN-G_paired_1.fastq.gz	/net/nfs-ip34/jbod2/def-ilafores/analysis/boreal_moss/preproc/S-21-POLJUN-G/S-21-POLJUN-G_paired_2.fastq.gz	/net/nfs-ip34/jbod2/def-ilafores/analysis/boreal_moss/preproc/S-21-POLJUN-G/S-21-POLJUN-G_unmatched_1.fastq.gz	/net/nfs-ip34/jbod2/def-ilafores/analysis/boreal_moss/preproc/S-21-POLJUN-G/S-21-POLJUN-G_unmatched_2.fastq.gz
S-21-POLJUN-B	/net/nfs-ip34/jbod2/def-ilafores/analysis/boreal_moss/preproc/S-21-POLJUN-B/S-21-POLJUN-B_paired_1.fastq.gz	/net/nfs-ip34/jbod2/def-ilafores/analysis/boreal_moss/preproc/S-21-POLJUN-B/S-21-POLJUN-B_paired_2.fastq.gz	/net/nfs-ip34/jbod2/def-ilafores/analysis/boreal_moss/preproc/S-21-POLJUN-B/S-21-POLJUN-B_unmatched_1.fastq.gz	/net/nfs-ip34/jbod2/def-ilafores/analysis/boreal_moss/preproc/S-21-POLJUN-B/S-21-POLJUN-B_unmatched_2.fastq.gz
S-22-POLJUN-G	/net/nfs-ip34/jbod2/def-ilafores/analysis/boreal_moss/preproc/S-22-POLJUN-G/S-22-POLJUN-G_paired_1.fastq.gz	/net/nfs-ip34/jbod2/def-ilafores/analysis/boreal_moss/preproc/S-22-POLJUN-G/S-22-POLJUN-G_paired_2.fastq.gz	/net/nfs-ip34/jbod2/def-ilafores/analysis/boreal_moss/preproc/S-22-POLJUN-G/S-22-POLJUN-G_unmatched_1.fastq.gz	/net/nfs-ip34/jbod2/def-ilafores/analysis/boreal_moss/preproc/S-22-POLJUN-G/S-22-POLJUN-G_unmatched_2.fastq.gz
S-22-POLJUN-B	/net/nfs-ip34/jbod2/def-ilafores/analysis/boreal_moss/preproc/S-22-POLJUN-B/S-22-POLJUN-B_paired_1.fastq.gz	/net/nfs-ip34/jbod2/def-ilafores/analysis/boreal_moss/preproc/S-22-POLJUN-B/S-22-POLJUN-B_paired_2.fastq.gz	/net/nfs-ip34/jbod2/def-ilafores/analysis/boreal_moss/preproc/S-22-POLJUN-B/S-22-POLJUN-B_unmatched_1.fastq.gz	/net/nfs-ip34/jbod2/def-ilafores/analysis/boreal_moss/preproc/S-22-POLJUN-B/S-22-POLJUN-B_unmatched_2.fastq.gz
S-23-POLJUN-G	/net/nfs-ip34/jbod2/def-ilafores/analysis/boreal_moss/preproc/S-23-POLJUN-G/S-23-POLJUN-G_paired_1.fastq.gz	/net/nfs-ip34/jbod2/def-ilafores/analysis/boreal_moss/preproc/S-23-POLJUN-G/S-23-POLJUN-G_paired_2.fastq.gz	/net/nfs-ip34/jbod2/def-ilafores/analysis/boreal_moss/preproc/S-23-POLJUN-G/S-23-POLJUN-G_unmatched_1.fastq.gz	/net/nfs-ip34/jbod2/def-ilafores/analysis/boreal_moss/preproc/S-23-POLJUN-G/S-23-POLJUN-G_unmatched_2.fastq.gz
S-23-POLJUN-B	/net/nfs-ip34/jbod2/def-ilafores/analysis/boreal_moss/preproc/S-23-POLJUN-B/S-23-POLJUN-B_paired_1.fastq.gz	/net/nfs-ip34/jbod2/def-ilafores/analysis/boreal_moss/preproc/S-23-POLJUN-B/S-23-POLJUN-B_paired_2.fastq.gz	/net/nfs-ip34/jbod2/def-ilafores/analysis/boreal_moss/preproc/S-23-POLJUN-B/S-23-POLJUN-B_unmatched_1.fastq.gz	/net/nfs-ip34/jbod2/def-ilafores/analysis/boreal_moss/preproc/S-23-POLJUN-B/S-23-POLJUN-B_unmatched_2.fastq.gz
S-24-POLJUN-G	/net/nfs-ip34/jbod2/def-ilafores/analysis/boreal_moss/preproc/S-24-POLJUN-G/S-24-POLJUN-G_paired_1.fastq.gz	/net/nfs-ip34/jbod2/def-ilafores/analysis/boreal_moss/preproc/S-24-POLJUN-G/S-24-POLJUN-G_paired_2.fastq.gz	/net/nfs-ip34/jbod2/def-ilafores/analysis/boreal_moss/preproc/S-24-POLJUN-G/S-24-POLJUN-G_unmatched_1.fastq.gz	/net/nfs-ip34/jbod2/def-ilafores/analysis/boreal_moss/preproc/S-24-POLJUN-G/S-24-POLJUN-G_unmatched_2.fastq.gz
S-24-POLJUN-B	/net/nfs-ip34/jbod2/def-ilafores/analysis/boreal_moss/preproc/S-24-POLJUN-B/S-24-POLJUN-B_paired_1.fastq.gz	/net/nfs-ip34/jbod2/def-ilafores/analysis/boreal_moss/preproc/S-24-POLJUN-B/S-24-POLJUN-B_paired_2.fastq.gz	/net/nfs-ip34/jbod2/def-ilafores/analysis/boreal_moss/preproc/S-24-POLJUN-B/S-24-POLJUN-B_unmatched_1.fastq.gz	/net/nfs-ip34/jbod2/def-ilafores/analysis/boreal_moss/preproc/S-24-POLJUN-B/S-24-POLJUN-B_unmatched_2.fastq.gz
S-25-POLJUN-G	/net/nfs-ip34/jbod2/def-ilafores/analysis/boreal_moss/preproc/S-25-POLJUN-G/S-25-POLJUN-G_paired_1.fastq.gz	/net/nfs-ip34/jbod2/def-ilafores/analysis/boreal_moss/preproc/S-25-POLJUN-G/S-25-POLJUN-G_paired_2.fastq.gz	/net/nfs-ip34/jbod2/def-ilafores/analysis/boreal_moss/preproc/S-25-POLJUN-G/S-25-POLJUN-G_unmatched_1.fastq.gz	/net/nfs-ip34/jbod2/def-ilafores/analysis/boreal_moss/preproc/S-25-POLJUN-G/S-25-POLJUN-G_unmatched_2.fastq.gz
S-25-POLJUN-B	/net/nfs-ip34/jbod2/def-ilafores/analysis/boreal_moss/preproc/S-25-POLJUN-B/S-25-POLJUN-B_paired_1.fastq.gz	/net/nfs-ip34/jbod2/def-ilafores/analysis/boreal_moss/preproc/S-25-POLJUN-B/S-25-POLJUN-B_paired_2.fastq.gz	/net/nfs-ip34/jbod2/def-ilafores/analysis/boreal_moss/preproc/S-25-POLJUN-B/S-25-POLJUN-B_unmatched_1.fastq.gz	/net/nfs-ip34/jbod2/def-ilafores/analysis/boreal_moss/preproc/S-25-POLJUN-B/S-25-POLJUN-B_unmatched_2.fastq.gz
S-26-POLJUN-G	/net/nfs-ip34/jbod2/def-ilafores/analysis/boreal_moss/preproc/S-26-POLJUN-G/S-26-POLJUN-G_paired_1.fastq.gz	/net/nfs-ip34/jbod2/def-ilafores/analysis/boreal_moss/preproc/S-26-POLJUN-G/S-26-POLJUN-G_paired_2.fastq.gz	/net/nfs-ip34/jbod2/def-ilafores/analysis/boreal_moss/preproc/S-26-POLJUN-G/S-26-POLJUN-G_unmatched_1.fastq.gz	/net/nfs-ip34/jbod2/def-ilafores/analysis/boreal_moss/preproc/S-26-POLJUN-G/S-26-POLJUN-G_unmatched_2.fastq.gz
S-26-POLJUN-B	/net/nfs-ip34/jbod2/def-ilafores/analysis/boreal_moss/preproc/S-26-POLJUN-B/S-26-POLJUN-B_paired_1.fastq.gz	/net/nfs-ip34/jbod2/def-ilafores/analysis/boreal_moss/preproc/S-26-POLJUN-B/S-26-POLJUN-B_paired_2.fastq.gz	/net/nfs-ip34/jbod2/def-ilafores/analysis/boreal_moss/preproc/S-26-POLJUN-B/S-26-POLJUN-B_unmatched_1.fastq.gz	/net/nfs-ip34/jbod2/def-ilafores/analysis/boreal_moss/preproc/S-26-POLJUN-B/S-26-POLJUN-B_unmatched_2.fastq.gz
S-27-POLJUN-B	/net/nfs-ip34/jbod2/def-ilafores/analysis/boreal_moss/preproc/S-27-POLJUN-B/S-27-POLJUN-B_paired_1.fastq.gz	/net/nfs-ip34/jbod2/def-ilafores/analysis/boreal_moss/preproc/S-27-POLJUN-B/S-27-POLJUN-B_paired_2.fastq.gz	/net/nfs-ip34/jbod2/def-ilafores/analysis/boreal_moss/preproc/S-27-POLJUN-B/S-27-POLJUN-B_unmatched_1.fastq.gz	/net/nfs-ip34/jbod2/def-ilafores/analysis/boreal_moss/preproc/S-27-POLJUN-B/S-27-POLJUN-B_unmatched_2.fastq.gz
N-1-POLJUN-G	/net/nfs-ip34/jbod2/def-ilafores/analysis/boreal_moss/preproc/N-1-POLJUN-G/N-1-POLJUN-G_paired_1.fastq.gz	/net/nfs-ip34/jbod2/def-ilafores/analysis/boreal_moss/preproc/N-1-POLJUN-G/N-1-POLJUN-G_paired_2.fastq.gz	/net/nfs-ip34/jbod2/def-ilafores/analysis/boreal_moss/preproc/N-1-POLJUN-G/N-1-POLJUN-G_unmatched_1.fastq.gz	/net/nfs-ip34/jbod2/def-ilafores/analysis/boreal_moss/preproc/N-1-POLJUN-G/N-1-POLJUN-G_unmatched_2.fastq.gz
N-2-POLJUN-G	/net/nfs-ip34/jbod2/def-ilafores/analysis/boreal_moss/preproc/N-2-POLJUN-G/N-2-POLJUN-G_paired_1.fastq.gz	/net/nfs-ip34/jbod2/def-ilafores/analysis/boreal_moss/preproc/N-2-POLJUN-G/N-2-POLJUN-G_paired_2.fastq.gz	/net/nfs-ip34/jbod2/def-ilafores/analysis/boreal_moss/preproc/N-2-POLJUN-G/N-2-POLJUN-G_unmatched_1.fastq.gz	/net/nfs-ip34/jbod2/def-ilafores/analysis/boreal_moss/preproc/N-2-POLJUN-G/N-2-POLJUN-G_unmatched_2.fastq.gz
N-3-POLJUN-G	/net/nfs-ip34/jbod2/def-ilafores/analysis/boreal_moss/preproc/N-3-POLJUN-G/N-3-POLJUN-G_paired_1.fastq.gz	/net/nfs-ip34/jbod2/def-ilafores/analysis/boreal_moss/preproc/N-3-POLJUN-G/N-3-POLJUN-G_paired_2.fastq.gz	/net/nfs-ip34/jbod2/def-ilafores/analysis/boreal_moss/preproc/N-3-POLJUN-G/N-3-POLJUN-G_unmatched_1.fastq.gz	/net/nfs-ip34/jbod2/def-ilafores/analysis/boreal_moss/preproc/N-3-POLJUN-G/N-3-POLJUN-G_unmatched_2.fastq.gz
N-2-TORTOR-G	/net/nfs-ip34/jbod2/def-ilafores/analysis/boreal_moss/preproc/N-2-TORTOR-G/N-2-TORTOR-G_paired_1.fastq.gz	/net/nfs-ip34/jbod2/def-ilafores/analysis/boreal_moss/preproc/N-2-TORTOR-G/N-2-TORTOR-G_paired_2.fastq.gz	/net/nfs-ip34/jbod2/def-ilafores/analysis/boreal_moss/preproc/N-2-TORTOR-G/N-2-TORTOR-G_unmatched_1.fastq.gz	/net/nfs-ip34/jbod2/def-ilafores/analysis/boreal_moss/preproc/N-2-TORTOR-G/N-2-TORTOR-G_unmatched_2.fastq.gz
W-1-TORTOR-G	/net/nfs-ip34/jbod2/def-ilafores/analysis/boreal_moss/preproc/W-1-TORTOR-G/W-1-TORTOR-G_paired_1.fastq.gz	/net/nfs-ip34/jbod2/def-ilafores/analysis/boreal_moss/preproc/W-1-TORTOR-G/W-1-TORTOR-G_paired_2.fastq.gz	/net/nfs-ip34/jbod2/def-ilafores/analysis/boreal_moss/preproc/W-1-TORTOR-G/W-1-TORTOR-G_unmatched_1.fastq.gz	/net/nfs-ip34/jbod2/def-ilafores/analysis/boreal_moss/preproc/W-1-TORTOR-G/W-1-TORTOR-G_unmatched_2.fastq.gz
W-2-TORTOR-G	/net/nfs-ip34/jbod2/def-ilafores/analysis/boreal_moss/preproc/W-2-TORTOR-G/W-2-TORTOR-G_paired_1.fastq.gz	/net/nfs-ip34/jbod2/def-ilafores/analysis/boreal_moss/preproc/W-2-TORTOR-G/W-2-TORTOR-G_paired_2.fastq.gz	/net/nfs-ip34/jbod2/def-ilafores/analysis/boreal_moss/preproc/W-2-TORTOR-G/W-2-TORTOR-G_unmatched_1.fastq.gz	/net/nfs-ip34/jbod2/def-ilafores/analysis/boreal_moss/preproc/W-2-TORTOR-G/W-2-TORTOR-G_unmatched_2.fastq.gz
W-1-POLJUN-G	/net/nfs-ip34/jbod2/def-ilafores/analysis/boreal_moss/preproc/W-1-POLJUN-G/W-1-POLJUN-G_paired_1.fastq.gz	/net/nfs-ip34/jbod2/def-ilafores/analysis/boreal_moss/preproc/W-1-POLJUN-G/W-1-POLJUN-G_paired_2.fastq.gz	/net/nfs-ip34/jbod2/def-ilafores/analysis/boreal_moss/preproc/W-1-POLJUN-G/W-1-POLJUN-G_unmatched_1.fastq.gz	/net/nfs-ip34/jbod2/def-ilafores/analysis/boreal_moss/preproc/W-1-POLJUN-G/W-1-POLJUN-G_unmatched_2.fastq.gz
W-2-POLJUN-G	/net/nfs-ip34/jbod2/def-ilafores/analysis/boreal_moss/preproc/W-2-POLJUN-G/W-2-POLJUN-G_paired_1.fastq.gz	/net/nfs-ip34/jbod2/def-ilafores/analysis/boreal_moss/preproc/W-2-POLJUN-G/W-2-POLJUN-G_paired_2.fastq.gz	/net/nfs-ip34/jbod2/def-ilafores/analysis/boreal_moss/preproc/W-2-POLJUN-G/W-2-POLJUN-G_unmatched_1.fastq.gz	/net/nfs-ip34/jbod2/def-ilafores/analysis/boreal_moss/preproc/W-2-POLJUN-G/W-2-POLJUN-G_unmatched_2.fastq.gz
W-3-POLJUN-G	/net/nfs-ip34/jbod2/def-ilafores/analysis/boreal_moss/preproc/W-3-POLJUN-G/W-3-POLJUN-G_paired_1.fastq.gz	/net/nfs-ip34/jbod2/def-ilafores/analysis/boreal_moss/preproc/W-3-POLJUN-G/W-3-POLJUN-G_paired_2.fastq.gz	/net/nfs-ip34/jbod2/def-ilafores/analysis/boreal_moss/preproc/W-3-POLJUN-G/W-3-POLJUN-G_unmatched_1.fastq.gz	/net/nfs-ip34/jbod2/def-ilafores/analysis/boreal_moss/preproc/W-3-POLJUN-G/W-3-POLJUN-G_unmatched_2.fastq.gz
