GQ46	/net/nfs-ip34/jbod2/def-ilafores/analysis/projet_PROVID19/Feces/preproc/GQ46/GQ46_paired_1.fastq.gz	/net/nfs-ip34/jbod2/def-ilafores/analysis/projet_PROVID19/Feces/preproc/GQ46/GQ46_paired_2.fastq.gz	/net/nfs-ip34/jbod2/def-ilafores/analysis/projet_PROVID19/Feces/preproc/GQ46/GQ46_unmatched_1.fastq.gz	/net/nfs-ip34/jbod2/def-ilafores/analysis/projet_PROVID19/Feces/preproc/GQ46/GQ46_unmatched_2.fastq.gz
GQ27	/net/nfs-ip34/jbod2/def-ilafores/analysis/projet_PROVID19/Feces/preproc/GQ27/GQ27_paired_1.fastq.gz	/net/nfs-ip34/jbod2/def-ilafores/analysis/projet_PROVID19/Feces/preproc/GQ27/GQ27_paired_2.fastq.gz	/net/nfs-ip34/jbod2/def-ilafores/analysis/projet_PROVID19/Feces/preproc/GQ27/GQ27_unmatched_1.fastq.gz	/net/nfs-ip34/jbod2/def-ilafores/analysis/projet_PROVID19/Feces/preproc/GQ27/GQ27_unmatched_2.fastq.gz
GQ35	/net/nfs-ip34/jbod2/def-ilafores/analysis/projet_PROVID19/Feces/preproc/GQ35/GQ35_paired_1.fastq.gz	/net/nfs-ip34/jbod2/def-ilafores/analysis/projet_PROVID19/Feces/preproc/GQ35/GQ35_paired_2.fastq.gz	/net/nfs-ip34/jbod2/def-ilafores/analysis/projet_PROVID19/Feces/preproc/GQ35/GQ35_unmatched_1.fastq.gz	/net/nfs-ip34/jbod2/def-ilafores/analysis/projet_PROVID19/Feces/preproc/GQ35/GQ35_unmatched_2.fastq.gz
GQ43	/net/nfs-ip34/jbod2/def-ilafores/analysis/projet_PROVID19/Feces/preproc/GQ43/GQ43_paired_1.fastq.gz	/net/nfs-ip34/jbod2/def-ilafores/analysis/projet_PROVID19/Feces/preproc/GQ43/GQ43_paired_2.fastq.gz	/net/nfs-ip34/jbod2/def-ilafores/analysis/projet_PROVID19/Feces/preproc/GQ43/GQ43_unmatched_1.fastq.gz	/net/nfs-ip34/jbod2/def-ilafores/analysis/projet_PROVID19/Feces/preproc/GQ43/GQ43_unmatched_2.fastq.gz
GQ55	/net/nfs-ip34/jbod2/def-ilafores/analysis/projet_PROVID19/Feces/preproc/GQ55/GQ55_paired_1.fastq.gz	/net/nfs-ip34/jbod2/def-ilafores/analysis/projet_PROVID19/Feces/preproc/GQ55/GQ55_paired_2.fastq.gz	/net/nfs-ip34/jbod2/def-ilafores/analysis/projet_PROVID19/Feces/preproc/GQ55/GQ55_unmatched_1.fastq.gz	/net/nfs-ip34/jbod2/def-ilafores/analysis/projet_PROVID19/Feces/preproc/GQ55/GQ55_unmatched_2.fastq.gz
GQ38	/net/nfs-ip34/jbod2/def-ilafores/analysis/projet_PROVID19/Feces/preproc/GQ38/GQ38_paired_1.fastq.gz	/net/nfs-ip34/jbod2/def-ilafores/analysis/projet_PROVID19/Feces/preproc/GQ38/GQ38_paired_2.fastq.gz	/net/nfs-ip34/jbod2/def-ilafores/analysis/projet_PROVID19/Feces/preproc/GQ38/GQ38_unmatched_1.fastq.gz	/net/nfs-ip34/jbod2/def-ilafores/analysis/projet_PROVID19/Feces/preproc/GQ38/GQ38_unmatched_2.fastq.gz
GQ50	/net/nfs-ip34/jbod2/def-ilafores/analysis/projet_PROVID19/Feces/preproc/GQ50/GQ50_paired_1.fastq.gz	/net/nfs-ip34/jbod2/def-ilafores/analysis/projet_PROVID19/Feces/preproc/GQ50/GQ50_paired_2.fastq.gz	/net/nfs-ip34/jbod2/def-ilafores/analysis/projet_PROVID19/Feces/preproc/GQ50/GQ50_unmatched_1.fastq.gz	/net/nfs-ip34/jbod2/def-ilafores/analysis/projet_PROVID19/Feces/preproc/GQ50/GQ50_unmatched_2.fastq.gz
GQ29	/net/nfs-ip34/jbod2/def-ilafores/analysis/projet_PROVID19/Feces/preproc/GQ29/GQ29_paired_1.fastq.gz	/net/nfs-ip34/jbod2/def-ilafores/analysis/projet_PROVID19/Feces/preproc/GQ29/GQ29_paired_2.fastq.gz	/net/nfs-ip34/jbod2/def-ilafores/analysis/projet_PROVID19/Feces/preproc/GQ29/GQ29_unmatched_1.fastq.gz	/net/nfs-ip34/jbod2/def-ilafores/analysis/projet_PROVID19/Feces/preproc/GQ29/GQ29_unmatched_2.fastq.gz
GQ39	/net/nfs-ip34/jbod2/def-ilafores/analysis/projet_PROVID19/Feces/preproc/GQ39/GQ39_paired_1.fastq.gz	/net/nfs-ip34/jbod2/def-ilafores/analysis/projet_PROVID19/Feces/preproc/GQ39/GQ39_paired_2.fastq.gz	/net/nfs-ip34/jbod2/def-ilafores/analysis/projet_PROVID19/Feces/preproc/GQ39/GQ39_unmatched_1.fastq.gz	/net/nfs-ip34/jbod2/def-ilafores/analysis/projet_PROVID19/Feces/preproc/GQ39/GQ39_unmatched_2.fastq.gz
GQ48	/net/nfs-ip34/jbod2/def-ilafores/analysis/projet_PROVID19/Feces/preproc/GQ48/GQ48_paired_1.fastq.gz	/net/nfs-ip34/jbod2/def-ilafores/analysis/projet_PROVID19/Feces/preproc/GQ48/GQ48_paired_2.fastq.gz	/net/nfs-ip34/jbod2/def-ilafores/analysis/projet_PROVID19/Feces/preproc/GQ48/GQ48_unmatched_1.fastq.gz	/net/nfs-ip34/jbod2/def-ilafores/analysis/projet_PROVID19/Feces/preproc/GQ48/GQ48_unmatched_2.fastq.gz
GQ40	/net/nfs-ip34/jbod2/def-ilafores/analysis/projet_PROVID19/Feces/preproc/GQ40/GQ40_paired_1.fastq.gz	/net/nfs-ip34/jbod2/def-ilafores/analysis/projet_PROVID19/Feces/preproc/GQ40/GQ40_paired_2.fastq.gz	/net/nfs-ip34/jbod2/def-ilafores/analysis/projet_PROVID19/Feces/preproc/GQ40/GQ40_unmatched_1.fastq.gz	/net/nfs-ip34/jbod2/def-ilafores/analysis/projet_PROVID19/Feces/preproc/GQ40/GQ40_unmatched_2.fastq.gz
GQ49	/net/nfs-ip34/jbod2/def-ilafores/analysis/projet_PROVID19/Feces/preproc/GQ49/GQ49_paired_1.fastq.gz	/net/nfs-ip34/jbod2/def-ilafores/analysis/projet_PROVID19/Feces/preproc/GQ49/GQ49_paired_2.fastq.gz	/net/nfs-ip34/jbod2/def-ilafores/analysis/projet_PROVID19/Feces/preproc/GQ49/GQ49_unmatched_1.fastq.gz	/net/nfs-ip34/jbod2/def-ilafores/analysis/projet_PROVID19/Feces/preproc/GQ49/GQ49_unmatched_2.fastq.gz
MSA_3001	/net/nfs-ip34/jbod2/def-ilafores/analysis/projet_PROVID19/Feces/preproc/MSA_3001/MSA_3001_paired_1.fastq.gz	/net/nfs-ip34/jbod2/def-ilafores/analysis/projet_PROVID19/Feces/preproc/MSA_3001/MSA_3001_paired_2.fastq.gz	/net/nfs-ip34/jbod2/def-ilafores/analysis/projet_PROVID19/Feces/preproc/MSA_3001/MSA_3001_unmatched_1.fastq.gz	/net/nfs-ip34/jbod2/def-ilafores/analysis/projet_PROVID19/Feces/preproc/MSA_3001/MSA_3001_unmatched_2.fastq.gz
GQ41	/net/nfs-ip34/jbod2/def-ilafores/analysis/projet_PROVID19/Feces/preproc/GQ41/GQ41_paired_1.fastq.gz	/net/nfs-ip34/jbod2/def-ilafores/analysis/projet_PROVID19/Feces/preproc/GQ41/GQ41_paired_2.fastq.gz	/net/nfs-ip34/jbod2/def-ilafores/analysis/projet_PROVID19/Feces/preproc/GQ41/GQ41_unmatched_1.fastq.gz	/net/nfs-ip34/jbod2/def-ilafores/analysis/projet_PROVID19/Feces/preproc/GQ41/GQ41_unmatched_2.fastq.gz
GQ54	/net/nfs-ip34/jbod2/def-ilafores/analysis/projet_PROVID19/Feces/preproc/GQ54/GQ54_paired_1.fastq.gz	/net/nfs-ip34/jbod2/def-ilafores/analysis/projet_PROVID19/Feces/preproc/GQ54/GQ54_paired_2.fastq.gz	/net/nfs-ip34/jbod2/def-ilafores/analysis/projet_PROVID19/Feces/preproc/GQ54/GQ54_unmatched_1.fastq.gz	/net/nfs-ip34/jbod2/def-ilafores/analysis/projet_PROVID19/Feces/preproc/GQ54/GQ54_unmatched_2.fastq.gz
GQ32	/net/nfs-ip34/jbod2/def-ilafores/analysis/projet_PROVID19/Feces/preproc/GQ32/GQ32_paired_1.fastq.gz	/net/nfs-ip34/jbod2/def-ilafores/analysis/projet_PROVID19/Feces/preproc/GQ32/GQ32_paired_2.fastq.gz	/net/nfs-ip34/jbod2/def-ilafores/analysis/projet_PROVID19/Feces/preproc/GQ32/GQ32_unmatched_1.fastq.gz	/net/nfs-ip34/jbod2/def-ilafores/analysis/projet_PROVID19/Feces/preproc/GQ32/GQ32_unmatched_2.fastq.gz
GQ42	/net/nfs-ip34/jbod2/def-ilafores/analysis/projet_PROVID19/Feces/preproc/GQ42/GQ42_paired_1.fastq.gz	/net/nfs-ip34/jbod2/def-ilafores/analysis/projet_PROVID19/Feces/preproc/GQ42/GQ42_paired_2.fastq.gz	/net/nfs-ip34/jbod2/def-ilafores/analysis/projet_PROVID19/Feces/preproc/GQ42/GQ42_unmatched_1.fastq.gz	/net/nfs-ip34/jbod2/def-ilafores/analysis/projet_PROVID19/Feces/preproc/GQ42/GQ42_unmatched_2.fastq.gz
GQ34	/net/nfs-ip34/jbod2/def-ilafores/analysis/projet_PROVID19/Feces/preproc/GQ34/GQ34_paired_1.fastq.gz	/net/nfs-ip34/jbod2/def-ilafores/analysis/projet_PROVID19/Feces/preproc/GQ34/GQ34_paired_2.fastq.gz	/net/nfs-ip34/jbod2/def-ilafores/analysis/projet_PROVID19/Feces/preproc/GQ34/GQ34_unmatched_1.fastq.gz	/net/nfs-ip34/jbod2/def-ilafores/analysis/projet_PROVID19/Feces/preproc/GQ34/GQ34_unmatched_2.fastq.gz
GQ37	/net/nfs-ip34/jbod2/def-ilafores/analysis/projet_PROVID19/Feces/preproc/GQ37/GQ37_paired_1.fastq.gz	/net/nfs-ip34/jbod2/def-ilafores/analysis/projet_PROVID19/Feces/preproc/GQ37/GQ37_paired_2.fastq.gz	/net/nfs-ip34/jbod2/def-ilafores/analysis/projet_PROVID19/Feces/preproc/GQ37/GQ37_unmatched_1.fastq.gz	/net/nfs-ip34/jbod2/def-ilafores/analysis/projet_PROVID19/Feces/preproc/GQ37/GQ37_unmatched_2.fastq.gz
GQ56	/net/nfs-ip34/jbod2/def-ilafores/analysis/projet_PROVID19/Feces/preproc/GQ56/GQ56_paired_1.fastq.gz	/net/nfs-ip34/jbod2/def-ilafores/analysis/projet_PROVID19/Feces/preproc/GQ56/GQ56_paired_2.fastq.gz	/net/nfs-ip34/jbod2/def-ilafores/analysis/projet_PROVID19/Feces/preproc/GQ56/GQ56_unmatched_1.fastq.gz	/net/nfs-ip34/jbod2/def-ilafores/analysis/projet_PROVID19/Feces/preproc/GQ56/GQ56_unmatched_2.fastq.gz
GQ36	/net/nfs-ip34/jbod2/def-ilafores/analysis/projet_PROVID19/Feces/preproc/GQ36/GQ36_paired_1.fastq.gz	/net/nfs-ip34/jbod2/def-ilafores/analysis/projet_PROVID19/Feces/preproc/GQ36/GQ36_paired_2.fastq.gz	/net/nfs-ip34/jbod2/def-ilafores/analysis/projet_PROVID19/Feces/preproc/GQ36/GQ36_unmatched_1.fastq.gz	/net/nfs-ip34/jbod2/def-ilafores/analysis/projet_PROVID19/Feces/preproc/GQ36/GQ36_unmatched_2.fastq.gz
GQ47	/net/nfs-ip34/jbod2/def-ilafores/analysis/projet_PROVID19/Feces/preproc/GQ47/GQ47_paired_1.fastq.gz	/net/nfs-ip34/jbod2/def-ilafores/analysis/projet_PROVID19/Feces/preproc/GQ47/GQ47_paired_2.fastq.gz	/net/nfs-ip34/jbod2/def-ilafores/analysis/projet_PROVID19/Feces/preproc/GQ47/GQ47_unmatched_1.fastq.gz	/net/nfs-ip34/jbod2/def-ilafores/analysis/projet_PROVID19/Feces/preproc/GQ47/GQ47_unmatched_2.fastq.gz
GQ28	/net/nfs-ip34/jbod2/def-ilafores/analysis/projet_PROVID19/Feces/preproc/GQ28/GQ28_paired_1.fastq.gz	/net/nfs-ip34/jbod2/def-ilafores/analysis/projet_PROVID19/Feces/preproc/GQ28/GQ28_paired_2.fastq.gz	/net/nfs-ip34/jbod2/def-ilafores/analysis/projet_PROVID19/Feces/preproc/GQ28/GQ28_unmatched_1.fastq.gz	/net/nfs-ip34/jbod2/def-ilafores/analysis/projet_PROVID19/Feces/preproc/GQ28/GQ28_unmatched_2.fastq.gz
GQ44	/net/nfs-ip34/jbod2/def-ilafores/analysis/projet_PROVID19/Feces/preproc/GQ44/GQ44_paired_1.fastq.gz	/net/nfs-ip34/jbod2/def-ilafores/analysis/projet_PROVID19/Feces/preproc/GQ44/GQ44_paired_2.fastq.gz	/net/nfs-ip34/jbod2/def-ilafores/analysis/projet_PROVID19/Feces/preproc/GQ44/GQ44_unmatched_1.fastq.gz	/net/nfs-ip34/jbod2/def-ilafores/analysis/projet_PROVID19/Feces/preproc/GQ44/GQ44_unmatched_2.fastq.gz
GQ53	/net/nfs-ip34/jbod2/def-ilafores/analysis/projet_PROVID19/Feces/preproc/GQ53/GQ53_paired_1.fastq.gz	/net/nfs-ip34/jbod2/def-ilafores/analysis/projet_PROVID19/Feces/preproc/GQ53/GQ53_paired_2.fastq.gz	/net/nfs-ip34/jbod2/def-ilafores/analysis/projet_PROVID19/Feces/preproc/GQ53/GQ53_unmatched_1.fastq.gz	/net/nfs-ip34/jbod2/def-ilafores/analysis/projet_PROVID19/Feces/preproc/GQ53/GQ53_unmatched_2.fastq.gz
GQ52	/net/nfs-ip34/jbod2/def-ilafores/analysis/projet_PROVID19/Feces/preproc/GQ52/GQ52_paired_1.fastq.gz	/net/nfs-ip34/jbod2/def-ilafores/analysis/projet_PROVID19/Feces/preproc/GQ52/GQ52_paired_2.fastq.gz	/net/nfs-ip34/jbod2/def-ilafores/analysis/projet_PROVID19/Feces/preproc/GQ52/GQ52_unmatched_1.fastq.gz	/net/nfs-ip34/jbod2/def-ilafores/analysis/projet_PROVID19/Feces/preproc/GQ52/GQ52_unmatched_2.fastq.gz
GQ33	/net/nfs-ip34/jbod2/def-ilafores/analysis/projet_PROVID19/Feces/preproc/GQ33/GQ33_paired_1.fastq.gz	/net/nfs-ip34/jbod2/def-ilafores/analysis/projet_PROVID19/Feces/preproc/GQ33/GQ33_paired_2.fastq.gz	/net/nfs-ip34/jbod2/def-ilafores/analysis/projet_PROVID19/Feces/preproc/GQ33/GQ33_unmatched_1.fastq.gz	/net/nfs-ip34/jbod2/def-ilafores/analysis/projet_PROVID19/Feces/preproc/GQ33/GQ33_unmatched_2.fastq.gz
GQ45	/net/nfs-ip34/jbod2/def-ilafores/analysis/projet_PROVID19/Feces/preproc/GQ45/GQ45_paired_1.fastq.gz	/net/nfs-ip34/jbod2/def-ilafores/analysis/projet_PROVID19/Feces/preproc/GQ45/GQ45_paired_2.fastq.gz	/net/nfs-ip34/jbod2/def-ilafores/analysis/projet_PROVID19/Feces/preproc/GQ45/GQ45_unmatched_1.fastq.gz	/net/nfs-ip34/jbod2/def-ilafores/analysis/projet_PROVID19/Feces/preproc/GQ45/GQ45_unmatched_2.fastq.gz
