intersect_bp,f_orig_query,f_match,f_unique_to_query,f_unique_weighted,average_abund,median_abund,std_abund,match_filename,match_name,match_md5,f_match_orig,unique_intersect_bp,gather_result_rank,remaining_bp,query_filename,query_name,query_md5,query_bp,ksize,moltype,scaled,query_n_hashes,query_abundance,query_containment_ani,match_containment_ani,average_containment_ani,max_containment_ani,n_unique_weighted_found,sum_weighted_found,total_weighted_hashes
4894000,0.02779418446160836,0.7675658720200753,0.02779418446160836,0.01776668492496666,6.143849611769514,5.0,16.19897433443871,signatures/93f73424a62c9a7810069426678c2739.sig.gz,"GCF_002234575.2 Enterocloster bolteae strain=ATCC BAA-613, ASM223457v2",93f73424a62c9a7810069426678c2739,0.7675658720200753,4894000,0,171186000,/nfs3_ib/nfs-ip34/home/def-ilafores/analysis/MethodsComparison/Feces_RA/preproc/SRR5091538/SRR5091538_unmatched_2.fastq,SRR5091538,83d461fe484591226636233d063bf01b,176080000,31,DNA,1000,176080,true,0.890850782201679,0.9915030475949754,0.9411769148983272,0.9915030475949754,30068,30068,1692381
4116000,0.023375738300772376,0.823,0.02337005906406179,0.12179940568938082,50.09258809234508,46.0,64.04488804767576,signatures/960cc77fc7b96d595712107aaa1524b5.sig.gz,"GCF_000012825.1 Bacteroides vulgatus ATCC 8482 strain=ATCC 8482, ASM1282v1",960cc77fc7b96d595712107aaa1524b5,0.8232,4115000,1,167071000,/nfs3_ib/nfs-ip34/home/def-ilafores/analysis/MethodsComparison/Feces_RA/preproc/SRR5091538/SRR5091538_unmatched_2.fastq,SRR5091538,83d461fe484591226636233d063bf01b,176080000,31,DNA,1000,176080,true,0.8858894443998447,0.993743649924423,0.9398165471621338,0.993743649924423,206131,236199,1692381
3567000,0.020257837346660607,0.5482131854590265,0.02021240345297592,0.023638294213891554,11.240516999157066,10.0,10.99107044451809,signatures/514bdd6aa640f40cc6414be0e11ec2f6.sig.gz,"GCF_001314995.1 Bacteroides ovatus strain=ATCC 8483, ASM131499v1",514bdd6aa640f40cc6414be0e11ec2f6,0.5494454713493531,3559000,2,163512000,/nfs3_ib/nfs-ip34/home/def-ilafores/analysis/MethodsComparison/Feces_RA/preproc/SRR5091538/SRR5091538_unmatched_2.fastq,SRR5091538,83d461fe484591226636233d063bf01b,176080000,31,DNA,1000,176080,true,0.8818078695871312,0.9808677846244145,0.9313378271057728,0.9808677846244145,40005,276204,1692381
3493000,0.019837573830077237,0.7450287229341582,0.019150386188096318,0.010970933850001861,5.5062277580071175,5.0,3.674834637586662,signatures/47030cb09435e5a03e1ce6a49f0753a5.sig.gz,"GCF_002222615.2 Bacteroides caccae strain=ATCC 43185, ASM222261v2",47030cb09435e5a03e1ce6a49f0753a5,0.7717631462660186,3372000,3,160140000,/nfs3_ib/nfs-ip34/home/def-ilafores/analysis/MethodsComparison/Feces_RA/preproc/SRR5091538/SRR5091538_unmatched_2.fastq,SRR5091538,83d461fe484591226636233d063bf01b,176080000,31,DNA,1000,176080,true,0.8812117431847809,0.9916774841583348,0.9364446136715578,0.9916774841583348,18567,294771,1692381
3341000,0.01897432985006815,0.7054871220604704,0.017889595638346207,0.049536717795815484,26.614285714285714,22.0,35.94838609152064,signatures/a65db27ac6f6490cca7eeb016c93eea7.sig.gz,"GCF_000382445.1 Bacteroides massiliensis B84634 = Timone 84634 = DSM 17679 = JCM 13223 strain=DSM 17679, Bact_mass_DSM_17679_V1",a65db27ac6f6490cca7eeb016c93eea7,0.7482642777155655,3150000,4,156990000,/nfs3_ib/nfs-ip34/home/def-ilafores/analysis/MethodsComparison/Feces_RA/preproc/SRR5091538/SRR5091538_unmatched_2.fastq,SRR5091538,83d461fe484591226636233d063bf01b,176080000,31,DNA,1000,176080,true,0.8799479465011132,0.9906888119967978,0.9353183792489554,0.9906888119967978,83835,378606,1692381
3023000,0.017168332576101772,0.8327814569536424,0.017139936392548842,0.051569947901802256,28.918489065606362,29.0,14.654943824493222,signatures/4f9f7653a293be189ac633bff28f9766.sig.gz,"GCF_008121495.1 [Ruminococcus] gnavus ATCC 29149 strain=JCM6515, ASM812149v1",4f9f7653a293be189ac633bff28f9766,0.8341611479028698,3018000,5,153972000,/nfs3_ib/nfs-ip34/home/def-ilafores/analysis/MethodsComparison/Feces_RA/preproc/SRR5091538/SRR5091538_unmatched_2.fastq,SRR5091538,83d461fe484591226636233d063bf01b,176080000,31,DNA,1000,176080,true,0.8771133995688971,0.9941677619066935,0.9356405807377953,0.9941677619066935,87276,465882,1692381
2992000,0.016992276238073603,0.5709152399069964,0.015339618355293048,0.023784242437134426,14.902628656053313,9.0,26.907918119221947,signatures/3a64fac11588ca9ed657a3aafee42bb8.sig.gz,GCA_030295565.1 Bacteroides finegoldii DSM 17565 strain=JCM 13345 ASM3029556v1,3a64fac11588ca9ed657a3aafee42bb8,0.632424434580427,2701000,6,151271000,/nfs3_ib/nfs-ip34/home/def-ilafores/analysis/MethodsComparison/Feces_RA/preproc/SRR5091538/SRR5091538_unmatched_2.fastq,SRR5091538,83d461fe484591226636233d063bf01b,176080000,31,DNA,1000,176080,true,0.8768218034398648,0.9853282260304792,0.9310750147351721,0.9853282260304792,40252,506134,1692381
2675000,0.01519195820081781,0.5446955813479943,0.01519195820081781,0.00949549776321053,6.007476635514019,6.0,4.125772676079931,signatures/60bfe150353edefcbd7db7314951359d.sig.gz,"GCF_003697165.2 Escherichia coli DSM 30083 = JCM 1649 = ATCC 11775 strain=ATCC 11775, ASM369716v2",60bfe150353edefcbd7db7314951359d,0.5446955813479943,2675000,7,148596000,/nfs3_ib/nfs-ip34/home/def-ilafores/analysis/MethodsComparison/Feces_RA/preproc/SRR5091538/SRR5091538_unmatched_2.fastq,SRR5091538,83d461fe484591226636233d063bf01b,176080000,31,DNA,1000,176080,true,0.8736598531433775,0.9805931021677278,0.9271264776555526,0.9805931021677278,16070,522204,1692381
2673000,0.015180599727396637,0.545025641025641,0.01508973194002726,0.014328333868082896,9.126458411742567,8.0,6.830148303390882,signatures/5feebdfe795727335c87e462e7a7cc14.sig.gz,"GCF_000012845.1 Parabacteroides distasonis ATCC 8503 strain=ATCC 8503, ASM1284v1",5feebdfe795727335c87e462e7a7cc14,0.5483076923076923,2657000,8,145939000,/nfs3_ib/nfs-ip34/home/def-ilafores/analysis/MethodsComparison/Feces_RA/preproc/SRR5091538/SRR5091538_unmatched_2.fastq,SRR5091538,83d461fe484591226636233d063bf01b,176080000,31,DNA,1000,176080,true,0.8736387744319033,0.9808021976434627,0.9272204860376829,0.9808021976434627,24249,546453,1692381
2654000,0.015072694229895501,0.6384839650145773,0.014925034075420264,0.005302588483326154,3.414764079147641,3.0,4.281562323928839,signatures/06f53d8a347ef84d19961ba77261cd81.sig.gz,GCA_003471165.1 Ruminococcus sp. AM22-13 strain=AM22-13 ASM347116v1,06f53d8a347ef84d19961ba77261cd81,0.6448007774538387,2628000,9,143311000,/nfs3_ib/nfs-ip34/home/def-ilafores/analysis/MethodsComparison/Feces_RA/preproc/SRR5091538/SRR5091538_unmatched_2.fastq,SRR5091538,83d461fe484591226636233d063bf01b,176080000,31,DNA,1000,176080,true,0.8734377619706835,0.9859444284973993,0.9296910952340414,0.9859444284973993,8974,555427,1692381
2503000,0.014215129486597,0.622946611909651,0.013783507496592459,0.13087478528771004,91.26081582200247,89.0,61.38611077129868,signatures/0878062848e44bf823b15b8a5d1eba75.sig.gz,GCF_025147325.1 Bacteroides stercoris ATCC 43183 strain=ATCC 43183 ASM2514732v1,0878062848e44bf823b15b8a5d1eba75,0.6424537987679672,2427000,10,140884000,/nfs3_ib/nfs-ip34/home/def-ilafores/analysis/MethodsComparison/Feces_RA/preproc/SRR5091538/SRR5091538_unmatched_2.fastq,SRR5091538,83d461fe484591226636233d063bf01b,176080000,31,DNA,1000,176080,true,0.8717888632407903,0.9858284599068595,0.9288086615738249,0.9858284599068595,221490,776917,1692381
2372000,0.013471149477510222,0.6706382978723404,0.013425715583825534,0.002813787202763444,2.014382402707276,2.0,2.2053533350956647,signatures/24fa929f4f3dbec02ee75aa7c3dd4e59.sig.gz,"GCF_005280655.1 Anaerostipes rhamnosivorans strain=1y2, ASM528065v1",24fa929f4f3dbec02ee75aa7c3dd4e59,0.6729078014184398,2364000,11,138520000,/nfs3_ib/nfs-ip34/home/def-ilafores/analysis/MethodsComparison/Feces_RA/preproc/SRR5091538/SRR5091538_unmatched_2.fastq,SRR5091538,83d461fe484591226636233d063bf01b,176080000,31,DNA,1000,176080,true,0.8702784201600693,0.9873023698469963,0.9287903950035328,0.9873023698469963,4762,781679,1692381
2374000,0.013482507950931396,0.6544991511035654,0.013136074511585643,0.007665531579472943,5.608733246865542,5.0,5.911836178285191,signatures/204af89ac36dfdd7c4fcad734dffd0d2.sig.gz,"GCF_900104635.1 Coprococcus phoceensis strain=Marseille-P3062, PRJEB16356",204af89ac36dfdd7c4fcad734dffd0d2,0.6717600452744765,2313000,12,136207000,/nfs3_ib/nfs-ip34/home/def-ilafores/analysis/MethodsComparison/Feces_RA/preproc/SRR5091538/SRR5091538_unmatched_2.fastq,SRR5091538,83d461fe484591226636233d063bf01b,176080000,31,DNA,1000,176080,true,0.8703020812479032,0.98724800211269,0.9287750416802967,0.98724800211269,12973,794652,1692381
2583000,0.014669468423443889,0.36523809523809525,0.01306792367105861,0.0032386324356040394,2.3820078226857886,1.0,6.839032564352901,signatures/df098e390010d8add7b59e4ff0574d30.sig.gz,"GCF_000011065.1 Bacteroides thetaiotaomicron VPI-5482 strain=VPI-5482, ASM1106v1",df098e390010d8add7b59e4ff0574d30,0.41,2301000,13,133906000,/nfs3_ib/nfs-ip34/home/def-ilafores/analysis/MethodsComparison/Feces_RA/preproc/SRR5091538/SRR5091538_unmatched_2.fastq,SRR5091538,83d461fe484591226636233d063bf01b,176080000,31,DNA,1000,176080,true,0.8726740796774147,0.9716484376046801,0.9221612586410475,0.9716484376046801,5481,800133,1692381
2295000,0.013033848250795094,0.713974478680361,0.013028169014084507,0.003041868231798868,2.2441150828247602,2.0,1.4276042376889213,signatures/ece36072373c7b77383d2692bfd3aee1.sig.gz,"GCF_014131695.1 Erysipelatoclostridium ramosum DSM 1402 strain=DSM 1402, ASM1413169v1",ece36072373c7b77383d2692bfd3aee1,0.7142857142857143,2294000,14,131612000,/nfs3_ib/nfs-ip34/home/def-ilafores/analysis/MethodsComparison/Feces_RA/preproc/SRR5091538/SRR5091538_unmatched_2.fastq,SRR5091538,83d461fe484591226636233d063bf01b,176080000,31,DNA,1000,176080,true,0.8693524697862733,0.9892047483871041,0.9292786090866887,0.9892047483871041,5148,805281,1692381
2417000,0.013726715129486597,0.525097410038964,0.013011131303952749,0.0028787843872035905,2.1265822784810124,1.0,6.792146694327141,signatures/a8c995daf67b413b45a7f31c15f510d6.sig.gz,GCF_025151215.1 Parabacteroides merdae ATCC 43184 strain=ATCC 43184 ASM2515121v1,a8c995daf67b413b45a7f31c15f510d6,0.5539766215906486,2291000,15,129321000,/nfs3_ib/nfs-ip34/home/def-ilafores/analysis/MethodsComparison/Feces_RA/preproc/SRR5091538/SRR5091538_unmatched_2.fastq,SRR5091538,83d461fe484591226636233d063bf01b,176080000,31,DNA,1000,176080,true,0.8708061827799622,0.9811276841771509,0.9259669334785565,0.9811276841771509,4872,810153,1692381
2277000,0.012931621990004543,0.6711429424052522,0.012772603362108132,0.02480587999983455,18.66651845264562,18.0,6.7470293461305975,signatures/fc9dd651768c64db338b7a7b51da8c0f.sig.gz,"GCF_001517625.2 Clostridium sp. AT4 strain=AT5, Clostridium bouchedurhonense",fc9dd651768c64db338b7a7b51da8c0f,0.6794986571172784,2249000,16,127072000,/nfs3_ib/nfs-ip34/home/def-ilafores/analysis/MethodsComparison/Feces_RA/preproc/SRR5091538/SRR5091538_unmatched_2.fastq,SRR5091538,83d461fe484591226636233d063bf01b,176080000,31,DNA,1000,176080,true,0.8691316807180199,0.9876128435083772,0.9283722621131986,0.9876128435083772,41981,852134,1692381
2248000,0.012766924125397547,0.5658101730466701,0.012255792821444797,0.027614349251143804,21.656163113994438,19.0,23.687540405237556,signatures/e32de2253dd10489d4675277a67c7138.sig.gz,"GCF_001275135.1 Prevotella rara strain=109, ASM127513v1",e32de2253dd10489d4675277a67c7138,0.5894074462506554,2158000,17,124914000,/nfs3_ib/nfs-ip34/home/def-ilafores/analysis/MethodsComparison/Feces_RA/preproc/SRR5091538/SRR5091538_unmatched_2.fastq,SRR5091538,83d461fe484591226636233d063bf01b,176080000,31,DNA,1000,176080,true,0.8687723871355126,0.9830917514368115,0.9259320692861621,0.9830917514368115,46734,898868,1692381
2068000,0.01174466151749205,0.7867647058823529,0.011545888232621536,0.012794400315295433,10.650762420068864,7.0,27.020715316795517,signatures/db9feafdd9d3e3f2fb5caf52a730ce6a.sig.gz,"GCF_000154465.1 Alistipes putredinis DSM 17216 strain=DSM 17216, ASM15446v1",db9feafdd9d3e3f2fb5caf52a730ce6a,0.8003095975232198,2033000,18,122881000,/nfs3_ib/nfs-ip34/home/def-ilafores/analysis/MethodsComparison/Feces_RA/preproc/SRR5091538/SRR5091538_unmatched_2.fastq,SRR5091538,83d461fe484591226636233d063bf01b,176080000,31,DNA,1000,176080,true,0.8664366020251374,0.9928400576802364,0.9296383298526869,0.9928400576802364,21653,920521,1692381
1988000,0.01129032258064516,0.6182327317983821,0.011284643343934576,0.003649296464566785,3.108203321590337,2.0,3.090135309078513,signatures/344ef54e9f0055ebde278ea1d0270b76.sig.gz,"GCF_900637705.1 Fusobacterium varium strain=NCTC10560, 52451_E01",344ef54e9f0055ebde278ea1d0270b76,0.6185438705662726,1987000,19,120894000,/nfs3_ib/nfs-ip34/home/def-ilafores/analysis/MethodsComparison/Feces_RA/preproc/SRR5091538/SRR5091538_unmatched_2.fastq,SRR5091538,83d461fe484591226636233d063bf01b,176080000,31,DNA,1000,176080,true,0.8653346133473616,0.9846230908024517,0.9249788520749067,0.9846230908024517,6176,926697,1692381
2419000,0.013738073602907769,0.34583952451708766,0.010574738755111312,0.0019138716400148666,1.7395273899033297,1.0,1.5653798117206577,signatures/7002fcebf844f96d46aab14d98e07d37.sig.gz,"GCF_020297485.1 Enterocloster clostridioformis strain=FDAARGOS_1529, ASM2029748v1",7002fcebf844f96d46aab14d98e07d37,0.44929420505200596,1862000,20,119032000,/nfs3_ib/nfs-ip34/home/def-ilafores/analysis/MethodsComparison/Feces_RA/preproc/SRR5091538/SRR5091538_unmatched_2.fastq,SRR5091538,83d461fe484591226636233d063bf01b,176080000,31,DNA,1000,176080,true,0.8708294176007896,0.9745212569172098,0.9226753372589998,0.9745212569172098,3239,929936,1692381
1990000,0.011301681054066334,0.404227212681638,0.010427078600636075,0.008185509054994117,7.54520697167756,7.0,8.281908249914084,signatures/2fc80b3803e2d9af5d93edb14dd1cc3b.sig.gz,GCF_025147485.1 Bacteroides uniformis strain=ATCC 8492 ASM2514748v1,2fc80b3803e2d9af5d93edb14dd1cc3b,0.4381329810656099,1836000,21,117196000,/nfs3_ib/nfs-ip34/home/def-ilafores/analysis/MethodsComparison/Feces_RA/preproc/SRR5091538/SRR5091538_unmatched_2.fastq,SRR5091538,83d461fe484591226636233d063bf01b,176080000,31,DNA,1000,176080,true,0.8653626822009146,0.9737307868696466,0.9195467345352806,0.9737307868696466,13853,943789,1692381
1788000,0.010154475238527942,0.7989276139410187,0.010154475238527942,0.008598536617936504,8.138702460850112,8.0,4.123485539201922,signatures/d6ec1bf8f193a3a0129b996a97606afd.sig.gz,"GCF_003269275.1 Phascolarctobacterium faecium DSM 14760 strain=DSM 14760, ASM326927v1",d6ec1bf8f193a3a0129b996a97606afd,0.7989276139410187,1788000,22,115408000,/nfs3_ib/nfs-ip34/home/def-ilafores/analysis/MethodsComparison/Feces_RA/preproc/SRR5091538/SRR5091538_unmatched_2.fastq,SRR5091538,83d461fe484591226636233d063bf01b,176080000,31,DNA,1000,176080,true,0.8623799058462555,0.9927847066648774,0.9275823062555664,0.9927847066648774,14552,958341,1692381
1850000,0.01050658791458428,0.29328914664457334,0.010052248977737393,0.0016922903294234572,1.6180790960451978,1.0,2.5190597148243925,signatures/420d475a10a0d7f2dd3f44da9d2fe498.sig.gz,"GCF_003434055.1 Enterocloster aldensis strain=AF19-9LB, ASM343405v1",420d475a10a0d7f2dd3f44da9d2fe498,0.30654515327257664,1770000,23,113638000,/nfs3_ib/nfs-ip34/home/def-ilafores/analysis/MethodsComparison/Feces_RA/preproc/SRR5091538/SRR5091538_unmatched_2.fastq,SRR5091538,83d461fe484591226636233d063bf01b,176080000,31,DNA,1000,176080,true,0.8633287104332271,0.962576611279242,0.9129526608562346,0.962576611279242,2864,961205,1692381
1693000,0.009614947751022262,0.3910287664553876,0.0091094956837801,0.0022323578437715855,2.355361596009975,2.0,4.157246166898344,signatures/d032ebaee27bc1c409ba1a161bba51c6.sig.gz,"GCF_024622975.1 Blautia caecimuris strain=DSM 29492, ASM2462297v1",d032ebaee27bc1c409ba1a161bba51c6,0.4127254997562165,1604000,24,112034000,/nfs3_ib/nfs-ip34/home/def-ilafores/analysis/MethodsComparison/Feces_RA/preproc/SRR5091538/SRR5091538_unmatched_2.fastq,SRR5091538,83d461fe484591226636233d063bf01b,176080000,31,DNA,1000,176080,true,0.8608624642119249,0.9718561281123137,0.9163592961621193,0.9718561281123137,3778,964983,1692381
1502000,0.008530213539300318,0.6765899864682002,0.008518855065879146,0.0030909115618764334,3.4873333333333334,3.0,2.2421357873440404,signatures/0ffe36c89a44946cee180ac754d6f047.sig.gz,"GCF_001025215.1 Bifidobacterium pseudocatenulatum DSM 20438 = JCM 1200 = LMG 10505 strain=JCM 1200, ASM102521v1",0ffe36c89a44946cee180ac754d6f047,0.6774921064501579,1500000,25,110534000,/nfs3_ib/nfs-ip34/home/def-ilafores/analysis/MethodsComparison/Feces_RA/preproc/SRR5091538/SRR5091538_unmatched_2.fastq,SRR5091538,83d461fe484591226636233d063bf01b,176080000,31,DNA,1000,176080,true,0.8575447077391538,0.987518631150962,0.9225316694450578,0.987518631150962,5231,970214,1692381
1497000,0.008501817355747388,0.8330550918196995,0.008501817355747388,0.006579487715827582,7.438209752839011,7.0,3.3428589080980733,signatures/db87a3b1962a5c2c11fa11423e499893.sig.gz,"GCA_019113195.1 Candidatus Parasutterella gallistercoris, ASM1911319v1",db87a3b1962a5c2c11fa11423e499893,0.8330550918196995,1497000,26,109037000,/nfs3_ib/nfs-ip34/home/def-ilafores/analysis/MethodsComparison/Feces_RA/preproc/SRR5091538/SRR5091538_unmatched_2.fastq,SRR5091538,83d461fe484591226636233d063bf01b,176080000,31,DNA,1000,176080,true,0.857452472759329,0.9941252114756172,0.9257888421174731,0.9941252114756172,11135,981349,1692381
2740000,0.015561108587005906,0.24713043478260868,0.008070195365742844,0.005863336919996147,6.9831104855735395,5.0,6.823480317216917,signatures/c08f8e47dd318b08d89c36c36e6da9e1.sig.gz,"GCF_000210075.1 Bacteroides xylanisolvens XB1A strain=XB1A, ASM21007v1",c08f8e47dd318b08d89c36c36e6da9e1,0.4765217391304348,1421000,27,107616000,/nfs3_ib/nfs-ip34/home/def-ilafores/analysis/MethodsComparison/Feces_RA/preproc/SRR5091538/SRR5091538_unmatched_2.fastq,SRR5091538,83d461fe484591226636233d063bf01b,176080000,31,DNA,1000,176080,true,0.8743367377250709,0.9763725736227202,0.9253546556738956,0.9763725736227202,9923,991272,1692381
1325000,0.007524988641526579,0.556070826306914,0.007490913221263063,0.0019386887468011045,2.4874905231235784,2.0,2.3252484999519587,signatures/667d0501b9c8706946a15f6814b63f86.sig.gz,"GCA_900550745.1 uncultured Desulfovibrio sp., UMGS1330",667d0501b9c8706946a15f6814b63f86,0.5586003372681282,1319000,28,106297000,/nfs3_ib/nfs-ip34/home/def-ilafores/analysis/MethodsComparison/Feces_RA/preproc/SRR5091538/SRR5091538_unmatched_2.fastq,SRR5091538,83d461fe484591226636233d063bf01b,176080000,31,DNA,1000,176080,true,0.8540832184540574,0.9813907810065737,0.9177369997303155,0.9813907810065737,3281,994553,1692381
1233000,0.007002498864152658,0.3235696687653983,0.006712857791912767,0.001887872766238808,2.703045685279188,1.0,6.974741050420235,signatures/00191848f4049b7a1cb875559983f7c7.sig.gz,GCF_025145845.1 Alistipes shahii WAL 8301 strain=WAL 8301 ASM2514584v1,00191848f4049b7a1cb875559983f7c7,0.3375307966055297,1182000,29,105115000,/nfs3_ib/nfs-ip34/home/def-ilafores/analysis/MethodsComparison/Feces_RA/preproc/SRR5091538/SRR5091538_unmatched_2.fastq,SRR5091538,83d461fe484591226636233d063bf01b,176080000,31,DNA,1000,176080,true,0.8521028811902339,0.9655711994326047,0.9088370403114193,0.9655711994326047,3195,997748,1692381
1087000,0.0061733303044070875,0.28107967817285234,0.0061506133575647435,0.0009430500578770383,1.4736842105263157,1.0,1.0837505411565271,signatures/2de6b86d95365c349243cb609e5c2a62.sig.gz,"GCF_000239295.1 Flavonifractor plautii ATCC 29863 strain=ATCC 29863, ASM23929v1",2de6b86d95365c349243cb609e5c2a62,0.2821178302621334,1083000,30,104032000,/nfs3_ib/nfs-ip34/home/def-ilafores/analysis/MethodsComparison/Feces_RA/preproc/SRR5091538/SRR5091538_unmatched_2.fastq,SRR5091538,83d461fe484591226636233d063bf01b,176080000,31,DNA,1000,176080,true,0.8486457408699454,0.9600015908954486,0.904323665882697,0.9600015908954486,1596,999344,1692381
1130000,0.00641753748296229,0.3279190928593319,0.006076783280327124,0.001107906552957047,1.7523364485981308,1.0,1.7644911789088669,signatures/05fdfb341baa3ac1ba3aa5b66467573e.sig.gz,"GCF_003024715.1 Lachnoclostridium sp. SNUG30386 strain=SNUG30386, ASM302471v1",05fdfb341baa3ac1ba3aa5b66467573e,0.3463070793748085,1070000,31,102962000,/nfs3_ib/nfs-ip34/home/def-ilafores/analysis/MethodsComparison/Feces_RA/preproc/SRR5091538/SRR5091538_unmatched_2.fastq,SRR5091538,83d461fe484591226636233d063bf01b,176080000,31,DNA,1000,176080,true,0.849708472857532,0.9663710589655519,0.908039765911542,0.9663710589655519,1875,1001219,1692381
904000,0.005134029986369832,0.32701421800947866,0.005094275329395729,0.0007362408346583896,1.3890746934225195,1.0,1.1485111937159789,signatures/e3fe3975e8ff7edbc122dcfcdd5e3ebf.sig.gz,"GCA_022867625.1 Lachnospiraceae bacterium NSJ-143 strain=NSJ-143, ASM2286762v1",e3fe3975e8ff7edbc122dcfcdd5e3ebf,0.32956616842872766,897000,32,102065000,/nfs3_ib/nfs-ip34/home/def-ilafores/analysis/MethodsComparison/Feces_RA/preproc/SRR5091538/SRR5091538_unmatched_2.fastq,SRR5091538,83d461fe484591226636233d063bf01b,176080000,31,DNA,1000,176080,true,0.8436140796897814,0.9648276967785682,0.9042208882341748,0.9648276967785682,1246,1002465,1692381
2219000,0.01260222626079055,0.15162319384499906,0.004588823262153567,0.002621159183422645,5.49009900990099,5.0,3.3599860015766576,signatures/36bb9301189d48be24ee9b00d0e2e161.sig.gz,"GCF_000194175.1 Escherichia coli 1.2741 strain=1.2741, ASM19417v2",36bb9301189d48be24ee9b00d0e2e161,0.41640082567085757,808000,33,101257000,/nfs3_ib/nfs-ip34/home/def-ilafores/analysis/MethodsComparison/Feces_RA/preproc/SRR5091538/SRR5091538_unmatched_2.fastq,SRR5091538,83d461fe484591226636233d063bf01b,176080000,31,DNA,1000,176080,true,0.8684085797517527,0.9721341060822054,0.9202713429169791,0.9721341060822054,4436,1006901,1692381
781000,0.004435483870967742,0.12187159956474429,0.0038164470695138575,0.0021720877272907225,5.470238095238095,1.0,21.532416203537373,signatures/e1a6b1808735b4a3230b660a9d899fa2.sig.gz,"GCA_000613465.1 Bacteroides nordii WAL 11050 = JCM 12987 strain=JCM 12987, ASM61346v1",e1a6b1808735b4a3230b660a9d899fa2,0.14163946318462098,672000,34,100585000,/nfs3_ib/nfs-ip34/home/def-ilafores/analysis/MethodsComparison/Feces_RA/preproc/SRR5091538/SRR5091538_unmatched_2.fastq,SRR5091538,83d461fe484591226636233d063bf01b,176080000,31,DNA,1000,176080,true,0.8396433855752171,0.9388989372718862,0.8892711614235517,0.9388989372718862,3676,1010577,1692381
710000,0.004032258064516129,0.18232044198895028,0.003748296228986824,0.0005028418541687717,1.2893939393939393,1.0,0.7046660046753265,signatures/74059216b7cd65a7ff314267c1b83b8e.sig.gz,"GCF_005121165.3 Dysosmobacter welbionis strain=J115, ASM512116v3",74059216b7cd65a7ff314267c1b83b8e,0.19613259668508287,660000,35,99925000,/nfs3_ib/nfs-ip34/home/def-ilafores/analysis/MethodsComparison/Feces_RA/preproc/SRR5091538/SRR5091538_unmatched_2.fastq,SRR5091538,83d461fe484591226636233d063bf01b,176080000,31,DNA,1000,176080,true,0.8370658479519424,0.9488095014567046,0.8929376747043235,0.9488095014567046,851,1011428,1692381
2718000,0.015436165379373012,0.2116224386966745,0.003577919127669241,0.00308618449391715,8.290476190476191,7.0,9.190906725666917,signatures/78f6a266a0fffd08c8145495b700d709.sig.gz,"GCA_900556625.1 uncultured Bacteroides sp., UMGS1954",78f6a266a0fffd08c8145495b700d709,0.9129996640913671,630000,36,99295000,/nfs3_ib/nfs-ip34/home/def-ilafores/analysis/MethodsComparison/Feces_RA/preproc/SRR5091538/SRR5091538_unmatched_2.fastq,SRR5091538,83d461fe484591226636233d063bf01b,176080000,31,DNA,1000,176080,true,0.874109394476249,0.9970681846954841,0.9355887895858666,0.9970681846954841,5223,1016651,1692381
604000,0.0034302589731940026,0.08965948141205873,0.0032598818718764196,0.0004585255920504898,1.3519163763066202,1.0,1.4738799515136825,signatures/d277a188f753b7e6179e894ef53e986b.sig.gz,"GCF_003024655.1 Enterocloster lavalensis strain=KCTC 15153, ASM302465v1",d277a188f753b7e6179e894ef53e986b,0.0943455170259294,574000,37,98721000,/nfs3_ib/nfs-ip34/home/def-ilafores/analysis/MethodsComparison/Feces_RA/preproc/SRR5091538/SRR5091538_unmatched_2.fastq,SRR5091538,83d461fe484591226636233d063bf01b,176080000,31,DNA,1000,176080,true,0.8327112200281165,0.9266729640557871,0.8796920920419518,0.9266729640557871,776,1017427,1692381
2261000,0.012840754202635167,0.09637023593466425,0.0030156746933212176,0.011596088587617091,36.95856873822976,27.0,36.75682517331369,signatures/f906f0ea3324bc6db880a742f3f0b0ba.sig.gz,"GCF_013009555.1 Bacteroides dorei strain=DSM 17855, ASM1300955v1",f906f0ea3324bc6db880a742f3f0b0ba,0.4103448275862069,531000,38,98190000,/nfs3_ib/nfs-ip34/home/def-ilafores/analysis/MethodsComparison/Feces_RA/preproc/SRR5091538/SRR5091538_unmatched_2.fastq,SRR5091538,83d461fe484591226636233d063bf01b,176080000,31,DNA,1000,176080,true,0.8689340011517509,0.9716747881089588,0.9203043946303548,0.9716747881089588,19625,1037052,1692381
550000,0.0031235801908223535,0.11084598698481561,0.002902089959109496,0.000567248155114008,1.8786692759295498,1.0,3.8945185763457593,signatures/73636d352ef5bf1c92887ac5c9e713c2.sig.gz,"GCF_012317185.1 [Clostridium] innocuum strain=ATCC 14501, ASM1231718v1",73636d352ef5bf1c92887ac5c9e713c2,0.1193058568329718,511000,39,97679000,/nfs3_ib/nfs-ip34/home/def-ilafores/analysis/MethodsComparison/Feces_RA/preproc/SRR5091538/SRR5091538_unmatched_2.fastq,SRR5091538,83d461fe484591226636233d063bf01b,176080000,31,DNA,1000,176080,true,0.8301992637009098,0.9337162037058104,0.8819577337033602,0.9337162037058104,960,1038012,1692381
502000,0.002850976828714221,0.1791845493562232,0.0028452975920036346,0.0003793472037324929,1.281437125748503,1.0,0.6114629642305986,signatures/59bfa4ed192c2f53322a3feb7d755c9c.sig.gz,GCF_900540255.1 uncultured Clostridium sp. UMGS222,59bfa4ed192c2f53322a3feb7d755c9c,0.17954220314735336,501000,40,97178000,/nfs3_ib/nfs-ip34/home/def-ilafores/analysis/MethodsComparison/Feces_RA/preproc/SRR5091538/SRR5091538_unmatched_2.fastq,SRR5091538,83d461fe484591226636233d063bf01b,176080000,31,DNA,1000,176080,true,0.8277573051313097,0.9461083086794173,0.8869328069053635,0.9461083086794173,642,1038654,1692381
2477000,0.014067469332121763,0.1027676464278052,0.0027203543843707404,0.0017986493585073337,6.354906054279749,5.0,5.564138449229776,signatures/c7357052beed930961bb4cc339dd0845.sig.gz,GCA_948436425.1 uncultured Bacteroides sp. SRR17684645_bin.52_metawrap_v1.3_MAG,c7357052beed930961bb4cc339dd0845,0.5314310233855396,479000,41,96699000,/nfs3_ib/nfs-ip34/home/def-ilafores/analysis/MethodsComparison/Feces_RA/preproc/SRR5091538/SRR5091538_unmatched_2.fastq,SRR5091538,83d461fe484591226636233d063bf01b,176080000,31,DNA,1000,176080,true,0.8714952643373312,0.9798135667278739,0.9256544155326025,0.9798135667278739,3044,1041698,1692381
1235000,0.00701385733757383,0.0838483724763082,0.0023114493412085416,0.0016922903294234572,7.036855036855036,1.0,22.071385589801064,signatures/20f6f4671cb02947dd549a7f52b244a0.sig.gz,GCA_947646015.1 uncultured Bacteroides sp. SRR17794261_bin.38_metawrap_v1.3_MAG,20f6f4671cb02947dd549a7f52b244a0,0.25442933662958384,407000,42,96292000,/nfs3_ib/nfs-ip34/home/def-ilafores/analysis/MethodsComparison/Feces_RA/preproc/SRR5091538/SRR5091538_unmatched_2.fastq,SRR5091538,83d461fe484591226636233d063bf01b,176080000,31,DNA,1000,176080,true,0.8521474321048041,0.9568078899946663,0.9044776610497351,0.9568078899946663,2864,1044562,1692381
2437000,0.01384029986369832,0.07123387243321824,0.00222626079054975,0.0021460888535146634,9.26530612244898,9.0,5.475457338848907,signatures/48ac22e23336bd18ad59549f5bb90daa.sig.gz,GCF_958387885.1 uncultured Bacteroides sp. SRR17798034_bin.10_MetaWRAP_v1.3_MAG,48ac22e23336bd18ad59549f5bb90daa,0.44284935489732874,392000,43,95900000,/nfs3_ib/nfs-ip34/home/def-ilafores/analysis/MethodsComparison/Feces_RA/preproc/SRR5091538/SRR5091538_unmatched_2.fastq,SRR5091538,83d461fe484591226636233d063bf01b,176080000,31,DNA,1000,176080,true,0.8710376983544882,0.9740671647085132,0.9225524315315007,0.9740671647085132,3632,1048194,1692381
576000,0.003271240345297592,0.10217216411906678,0.002163789186733303,0.0003521665629666133,1.5643044619422573,1.0,3.5699513442365465,signatures/f22e85c6befcb1bccc2db3184aa9ec05.sig.gz,GCF_025145285.1 Alistipes onderdonkii strain=DSM 19147 ASM2514528v1,f22e85c6befcb1bccc2db3184aa9ec05,0.15446500402252614,381000,44,95519000,/nfs3_ib/nfs-ip34/home/def-ilafores/analysis/MethodsComparison/Feces_RA/preproc/SRR5091538/SRR5091538_unmatched_2.fastq,SRR5091538,83d461fe484591226636233d063bf01b,176080000,31,DNA,1000,176080,true,0.8314371660618833,0.9415279762666053,0.8864825711642443,0.9415279762666053,596,1048790,1692381
579000,0.0032882780554293503,0.08873805932629462,0.0020047705588368925,0.013081569693821899,62.71671388101983,2.0,216.06909024732417,signatures/21dcfee3f1e24fb9aebbbe6b8ae42cad.sig.gz,"GCF_000154845.1 Bacteroides coprocola DSM 17136 strain=DSM 17136, ASM15484v1",21dcfee3f1e24fb9aebbbe6b8ae42cad,0.1455505279034691,353000,45,95166000,/nfs3_ib/nfs-ip34/home/def-ilafores/analysis/MethodsComparison/Feces_RA/preproc/SRR5091538/SRR5091538_unmatched_2.fastq,SRR5091538,83d461fe484591226636233d063bf01b,176080000,31,DNA,1000,176080,true,0.831576505601693,0.9397242727507108,0.885650389176202,0.9397242727507108,22139,1070929,1692381
2623000,0.014896637891867332,0.07248520710059171,0.0019479781917310314,0.0021567247564230514,10.641399416909621,5.0,18.355645307635143,signatures/74682f4f7d98823d43fc073dc9b6e96e.sig.gz,GCA_959606905.1 uncultured Bacteroides sp. SRR16244388_bin.36_MetaWRAP_v1.3_MAG,74682f4f7d98823d43fc073dc9b6e96e,0.5543110735418427,343000,46,94823000,/nfs3_ib/nfs-ip34/home/def-ilafores/analysis/MethodsComparison/Feces_RA/preproc/SRR5091538/SRR5091538_unmatched_2.fastq,SRR5091538,83d461fe484591226636233d063bf01b,176080000,31,DNA,1000,176080,true,0.8731067851622843,0.9811467861971519,0.9271267856797181,0.9811467861971519,3650,1074579,1692381
473000,0.002686278964107224,0.08951904364748402,0.0018287142208087232,0.0004945694852400257,2.599378881987578,1.0,8.314717901149933,signatures/79a393fb99d8977a1fe96a36cabdd09c.sig.gz,"GCF_000265365.1 Alistipes finegoldii DSM 17242 strain=DSM 17242, ASM26536v1",79a393fb99d8977a1fe96a36cabdd09c,0.13149847094801223,322000,47,94501000,/nfs3_ib/nfs-ip34/home/def-ilafores/analysis/MethodsComparison/Feces_RA/preproc/SRR5091538/SRR5091538_unmatched_2.fastq,SRR5091538,83d461fe484591226636233d063bf01b,176080000,31,DNA,1000,176080,true,0.8261699427749766,0.936651616965171,0.8814107798700738,0.936651616965171,837,1075416,1692381
394000,0.002237619263970922,0.04558938329430133,0.0016583371194911405,0.00021153629117793215,1.226027397260274,1.0,0.8779689196702379,signatures/77a5975adbf3dbbc2be7beba4b4c4989.sig.gz,"GCF_000233455.1 [Clostridium] citroniae WAL-17108 strain=WAL-17108, Clos_citr_WAL_17108_V1",77a5975adbf3dbbc2be7beba4b4c4989,0.061514441842310696,292000,48,94209000,/nfs3_ib/nfs-ip34/home/def-ilafores/analysis/MethodsComparison/Feces_RA/preproc/SRR5091538/SRR5091538_unmatched_2.fastq,SRR5091538,83d461fe484591226636233d063bf01b,176080000,31,DNA,1000,176080,true,0.8213140117204195,0.9139759010369956,0.8676449563787075,0.9139759010369956,358,1075774,1692381
1239000,0.007036574284416174,0.06686719111522443,0.001641299409359382,0.0017265615721282618,10.110726643598616,9.0,13.837721969275828,signatures/284259e70e0364cec13b6b5c7e16db9f.sig.gz,"GCF_004793765.1 Parabacteroides distasonis strain=NM39_I3, ASM479376v1",284259e70e0364cec13b6b5c7e16db9f,0.2866728366496992,289000,49,93920000,/nfs3_ib/nfs-ip34/home/def-ilafores/analysis/MethodsComparison/Feces_RA/preproc/SRR5091538/SRR5091538_unmatched_2.fastq,SRR5091538,83d461fe484591226636233d063bf01b,176080000,31,DNA,1000,176080,true,0.852236324859938,0.9604977240682517,0.9063670244640949,0.9604977240682517,2922,1078696,1692381
277000,0.001573148568832349,0.06071349434965655,0.0015561108587005905,0.00018849183487642558,1.1642335766423357,1.0,0.40799263380307804,signatures/ececef012ad0969d483dd74059327381.sig.gz,"GCF_001458595.1 Clostridium neonatale strain=LCDC no.99-A-005, Clostridium neonatale",ececef012ad0969d483dd74059327381,0.06137824063815644,274000,50,93646000,/nfs3_ib/nfs-ip34/home/def-ilafores/analysis/MethodsComparison/Feces_RA/preproc/SRR5091538/SRR5091538_unmatched_2.fastq,SRR5091538,83d461fe484591226636233d063bf01b,176080000,31,DNA,1000,176080,true,0.8120321373281434,0.9139105514840377,0.8629713444060905,0.9139105514840377,319,1079015,1692381
1643000,0.009330985915492957,0.08397180508734294,0.0015561108587005905,0.006063055541275871,37.448905109489054,33.0,25.30686014372508,signatures/13b91a3b95e974816cbdb5352e0e95f7.sig.gz,GCA_948579315.1 uncultured Phocaeicola sp. MGBC144851,13b91a3b95e974816cbdb5352e0e95f7,0.503524364082133,274000,51,93372000,/nfs3_ib/nfs-ip34/home/def-ilafores/analysis/MethodsComparison/Feces_RA/preproc/SRR5091538/SRR5091538_unmatched_2.fastq,SRR5091538,83d461fe484591226636233d063bf01b,176080000,31,DNA,1000,176080,true,0.860030377501132,0.9781101321178206,0.9190702548094762,0.9781101321178206,10261,1089276,1692381
2207000,0.012534075420263517,0.08653524891413297,0.0014709223080417993,0.011297101539192415,73.81853281853282,83.0,38.37683860711723,signatures/2bdcf0afcec6237c34322e5ef95e16d9.sig.gz,GCA_958432865.1 Bacteroides stercoris SRR17798025_bin.17_MetaWRAP_v1.3_MAG,2bdcf0afcec6237c34322e5ef95e16d9,0.7373872368860674,259000,52,93113000,/nfs3_ib/nfs-ip34/home/def-ilafores/analysis/MethodsComparison/Feces_RA/preproc/SRR5091538/SRR5091538_unmatched_2.fastq,SRR5091538,83d461fe484591226636233d063bf01b,176080000,31,DNA,1000,176080,true,0.8682566911006628,0.9902209642285492,0.929238827664606,0.9902209642285492,19119,1108395,1692381
284000,0.0016129032258064516,0.07172995780590717,0.0014482053611994548,0.00041716374740676003,2.768627450980392,1.0,7.955599586629272,signatures/7e9a52e7d2fe3024cf6023804f6ef37b.sig.gz,"GCF_000157975.1 Blautia hydrogenotrophica DSM 10507 strain=DSM 10507, ASM15797v1",7e9a52e7d2fe3024cf6023804f6ef37b,0.07988748241912799,255000,53,92858000,/nfs3_ib/nfs-ip34/home/def-ilafores/analysis/MethodsComparison/Feces_RA/preproc/SRR5091538/SRR5091538_unmatched_2.fastq,SRR5091538,83d461fe484591226636233d063bf01b,176080000,31,DNA,1000,176080,true,0.8126861317827447,0.9217137965661965,0.8671999641744705,0.9217137965661965,706,1109101,1692381
1109000,0.006298273512039982,0.05174882389036613,0.0014368468877782826,0.0012343556208678779,8.256916996047432,8.0,7.988702594990825,signatures/710cdbb1b39af4ff433ed7fbad6c78ce.sig.gz,"GCF_000614125.1 Bacteroides rodentium JCM 16496 strain=JCM 16496, ASM61412v1",710cdbb1b39af4ff433ed7fbad6c78ce,0.2268357537328697,253000,54,92605000,/nfs3_ib/nfs-ip34/home/def-ilafores/analysis/MethodsComparison/Feces_RA/preproc/SRR5091538/SRR5091538_unmatched_2.fastq,SRR5091538,83d461fe484591226636233d063bf01b,176080000,31,DNA,1000,176080,true,0.8491944472060289,0.9532712611668653,0.9012328541864472,0.9532712611668653,2089,1111190,1692381
610000,0.0034643343934575195,0.116751269035533,0.0014368468877782826,0.0003190770872516295,2.1343873517786562,1.0,1.8106304778802764,signatures/e1f88d42ce58a04245aca8fd295b6baa.sig.gz,"GCA_905202265.1 Bifidobacterium longum, ERR1430398-mag-bin.4",e1f88d42ce58a04245aca8fd295b6baa,0.2814951545916013,253000,55,92352000,/nfs3_ib/nfs-ip34/home/def-ilafores/analysis/MethodsComparison/Feces_RA/preproc/SRR5091538/SRR5091538_unmatched_2.fastq,SRR5091538,83d461fe484591226636233d063bf01b,176080000,31,DNA,1000,176080,true,0.8329767833302169,0.9599331673048073,0.8964549753175121,0.9599331673048073,540,1111730,1692381
1374000,0.007803271240345298,0.03689435471921766,0.0014141299409359382,0.0002481710678623785,1.6867469879518073,1.0,1.2856424722709625,signatures/d0bde3e6526ca3c12f402123a43ebfc0.sig.gz,"GCA_019412825.1 Bacteroides thetaiotaomicron, ASM1941282v1",d0bde3e6526ca3c12f402123a43ebfc0,0.20358571640242998,249000,56,92103000,/nfs3_ib/nfs-ip34/home/def-ilafores/analysis/MethodsComparison/Feces_RA/preproc/SRR5091538/SRR5091538_unmatched_2.fastq,SRR5091538,83d461fe484591226636233d063bf01b,176080000,31,DNA,1000,176080,true,0.8550842869649382,0.9499517036583475,0.9025179953116429,0.9499517036583475,420,1112150,1692381
518000,0.0029418446160835985,0.04045491470349309,0.0014141299409359382,0.00017312886400875453,1.176706827309237,1.0,0.49179982377001263,signatures/ee57b146d808065c374f21482d0a5cda.sig.gz,GCF_025149125.1 [Clostridium] asparagiforme DSM 15981 strain=DSM 15981 ASM2514912v1,ee57b146d808065c374f21482d0a5cda,0.08415922014622258,249000,57,91854000,/nfs3_ib/nfs-ip34/home/def-ilafores/analysis/MethodsComparison/Feces_RA/preproc/SRR5091538/SRR5091538_unmatched_2.fastq,SRR5091538,83d461fe484591226636233d063bf01b,176080000,31,DNA,1000,176080,true,0.8285955030012205,0.9232639139700096,0.875929708485615,0.9232639139700096,293,1112443,1692381
1586000,0.00900726942298955,0.038643533123028394,0.0013914129940935938,0.002862239649346099,19.771428571428572,13.0,26.406647276929405,signatures/8182caaf670814ebbeb9046e1a4982b9.sig.gz,"GCA_902362375.1 Bacteroidaceae bacterium, MGYG-HGUT-00013",8182caaf670814ebbeb9046e1a4982b9,0.2501577287066246,245000,58,91609000,/nfs3_ib/nfs-ip34/home/def-ilafores/analysis/MethodsComparison/Feces_RA/preproc/SRR5091538/SRR5091538_unmatched_2.fastq,SRR5091538,83d461fe484591226636233d063bf01b,176080000,31,DNA,1000,176080,true,0.8590513684315335,0.9562854455699307,0.9076684070007321,0.9562854455699307,4844,1117287,1692381
331000,0.001879827351203998,0.060668380462724936,0.001340299863698319,0.0009507315433108738,6.817796610169491,2.5,19.399585577243716,signatures/0af939165079e9d7e74d2ed29256e457.sig.gz,"GCF_003437535.1 Bacteroides plebeius strain=TF10-3AC, ASM343753v1",0af939165079e9d7e74d2ed29256e457,0.08508997429305913,236000,59,91373000,/nfs3_ib/nfs-ip34/home/def-ilafores/analysis/MethodsComparison/Feces_RA/preproc/SRR5091538/SRR5091538_unmatched_2.fastq,SRR5091538,83d461fe484591226636233d063bf01b,176080000,31,DNA,1000,176080,true,0.8167108428533705,0.9235915441923144,0.8701511935228424,0.9235915441923144,1609,1118896,1692381
312000,0.0017719218537028624,0.05063838995888336,0.0013289413902771467,0.002442712367959697,17.666666666666668,1.0,79.6942876696912,signatures/ac9850d2edee4de30e0845e9082cab37.sig.gz,GCF_014385165.1 Jilunia laotingensis strain=N12 ASM1438516v1,ac9850d2edee4de30e0845e9082cab37,0.06751785327851115,234000,60,91139000,/nfs3_ib/nfs-ip34/home/def-ilafores/analysis/MethodsComparison/Feces_RA/preproc/SRR5091538/SRR5091538_unmatched_2.fastq,SRR5091538,83d461fe484591226636233d063bf01b,176080000,31,DNA,1000,176080,true,0.8151549070363284,0.9167254967796501,0.8659402019079893,0.9167254967796501,4134,1123030,1692381
1123000,0.006377782825988187,0.04833963850357293,0.0013062244434348023,0.0006304726890694235,4.639130434782609,4.0,3.1849154149487346,signatures/3e5892a57a7a64d24a3fe971c7892e95.sig.gz,"GCF_004211955.1 Escherichia sp. E1V33 strain=E1V33, ASM421195v1",3e5892a57a7a64d24a3fe971c7892e95,0.23602353930222783,230000,61,90909000,/nfs3_ib/nfs-ip34/home/def-ilafores/analysis/MethodsComparison/Feces_RA/preproc/SRR5091538/SRR5091538_unmatched_2.fastq,SRR5091538,83d461fe484591226636233d063bf01b,176080000,31,DNA,1000,176080,true,0.8495381656727837,0.9544930098274231,0.9020155877501035,0.9544930098274231,1067,1124097,1692381
712000,0.004043616537937301,0.04867157847733869,0.0012380736029077692,0.0016916994459285468,13.13302752293578,3.0,18.179172249531653,signatures/20e22b7a195404638366fe78b372a400.sig.gz,GCF_025148125.1 Blautia wexlerae DSM 19850 strain=DSM 19850 ASM2514812v1,20e22b7a195404638366fe78b372a400,0.15896405447644563,218000,62,90691000,/nfs3_ib/nfs-ip34/home/def-ilafores/analysis/MethodsComparison/Feces_RA/preproc/SRR5091538/SRR5091538_unmatched_2.fastq,SRR5091538,83d461fe484591226636233d063bf01b,176080000,31,DNA,1000,176080,true,0.8371418067903592,0.9424003731246254,0.8897710899574923,0.9424003731246254,2863,1126960,1692381
232000,0.0013175829168559745,0.057319698600645855,0.0012096774193548388,0.00024698930087255764,1.9624413145539905,1.0,4.700264466895728,signatures/988b2ef58a54374a65546dbc194ca3be.sig.gz,GCA_015074785.1 Segatella copri strain=YF2 ASM1507478v1,988b2ef58a54374a65546dbc194ca3be,0.062432723358449946,213000,63,90478000,/nfs3_ib/nfs-ip34/home/def-ilafores/analysis/MethodsComparison/Feces_RA/preproc/SRR5091538/SRR5091538_unmatched_2.fastq,SRR5091538,83d461fe484591226636233d063bf01b,176080000,31,DNA,1000,176080,true,0.8074016107106453,0.9144128734645359,0.8609072420875906,0.9144128734645359,418,1127378,1692381
434000,0.0024647887323943664,0.04276114844227245,0.0011926397092230803,0.0017507877954195893,14.10952380952381,2.0,30.05997821438719,signatures/a17817b17fc8d3307313b0166e1cb3ee.sig.gz,"GCF_900155425.1 Parabacteroides massiliensis strain=SN4, PRJEB18759",a17817b17fc8d3307313b0166e1cb3ee,0.08837304011402973,210000,64,90268000,/nfs3_ib/nfs-ip34/home/def-ilafores/analysis/MethodsComparison/Feces_RA/preproc/SRR5091538/SRR5091538_unmatched_2.fastq,SRR5091538,83d461fe484591226636233d063bf01b,176080000,31,DNA,1000,176080,true,0.8238798121293821,0.9247201389448891,0.8742999755371357,0.9247201389448891,2963,1130341,1692381
216000,0.001226715129486597,0.11278195488721804,0.0011926397092230803,0.0001465391067377854,1.180952380952381,1.0,0.7657048092282587,signatures/fed98fe06f36d89d113198957fefae2c.sig.gz,"GCA_900542375.1 uncultured Ruminococcaceae bacterium, UMGS454",fed98fe06f36d89d113198957fefae2c,0.11600429645542427,210000,65,90058000,/nfs3_ib/nfs-ip34/home/def-ilafores/analysis/MethodsComparison/Feces_RA/preproc/SRR5091538/SRR5091538_unmatched_2.fastq,SRR5091538,83d461fe484591226636233d063bf01b,176080000,31,DNA,1000,176080,true,0.8055425902183476,0.9328713262640921,0.8692069582412199,0.9328713262640921,248,1130589,1692381
214000,0.0012153566560654248,0.041043180846515606,0.0010904134484325306,0.00013176701936502478,1.1614583333333333,1.0,0.45640574776970333,signatures/1d173544271fef8a51c6d94810f03490.sig.gz,"GCF_000466485.1 [Clostridium] symbiosum ATCC 14940 strain=ATCC 14940, ASM46648v1",1d173544271fef8a51c6d94810f03490,0.04574604531851219,192000,66,89866000,/nfs3_ib/nfs-ip34/home/def-ilafores/analysis/MethodsComparison/Feces_RA/preproc/SRR5091538/SRR5091538_unmatched_2.fastq,SRR5091538,83d461fe484591226636233d063bf01b,176080000,31,DNA,1000,176080,true,0.8053009015318098,0.9052855714260815,0.8552932364789456,0.9052855714260815,223,1130812,1692381
3275000,0.01859950022716947,0.047011752938234556,0.0010676965015901862,0.002605205329060064,23.45212765957447,20.0,15.458690516804495,signatures/368314a9cda1fb73c39f56f1ff8da594.sig.gz,"GCA_900760795.1 Bacteroidaceae bacterium, SRS021948_34",368314a9cda1fb73c39f56f1ff8da594,0.8189547386846712,188000,67,89678000,/nfs3_ib/nfs-ip34/home/def-ilafores/analysis/MethodsComparison/Feces_RA/preproc/SRR5091538/SRR5091538_unmatched_2.fastq,SRR5091538,83d461fe484591226636233d063bf01b,176080000,31,DNA,1000,176080,true,0.8793817745151371,0.9935779212069236,0.9364798478610303,0.9935779212069236,4409,1135221,1692381
240000,0.0013630168105406633,0.052646887725421754,0.0010279418446160836,0.001248536824745728,11.67403314917127,9.0,8.2835682237933,signatures/6d52f6d5746cd08db0364ff5d7023f3e.sig.gz,"GCF_000469345.1 Eubacterium ramulus ATCC 29099 strain=ATCC 29099, ASM46934v1",6d52f6d5746cd08db0364ff5d7023f3e,0.06980802792321117,181000,68,89497000,/nfs3_ib/nfs-ip34/home/def-ilafores/analysis/MethodsComparison/Feces_RA/preproc/SRR5091538/SRR5091538_unmatched_2.fastq,SRR5091538,83d461fe484591226636233d063bf01b,176080000,31,DNA,1000,176080,true,0.8082850668385754,0.9177124527190623,0.8629987597788189,0.9177124527190623,2113,1137334,1692381
2146000,0.012187641980917764,0.034867776689520076,0.0010109041344843253,0.0022565840670629132,21.45505617977528,10.0,98.85365816631173,signatures/20d3ad2db691676c0843017fd7066d73.sig.gz,"GCF_009193325.2 Bacteroides sp. HF-5287 strain=HF-5287, ASM919332v2",20d3ad2db691676c0843017fd7066d73,0.42037218413320276,178000,69,89319000,/nfs3_ib/nfs-ip34/home/def-ilafores/analysis/MethodsComparison/Feces_RA/preproc/SRR5091538/SRR5091538_unmatched_2.fastq,SRR5091538,83d461fe484591226636233d063bf01b,176080000,31,DNA,1000,176080,true,0.8674720162721508,0.9724318176159492,0.91995191694405,0.9724318176159492,3819,1141153,1692381
1246000,0.007076328941390277,0.039189784236019376,0.0010109041344843253,0.0004987056697043987,4.741573033707865,4.0,3.106817765284687,signatures/38d496bbf253b84b1d5c7263cc0903fc.sig.gz,"GCF_002965065.1 Escherichia sp. MOD1-EC7003 strain=MOD1-EC7003, ASM296506v1",38d496bbf253b84b1d5c7263cc0903fc,0.27432848965213563,178000,70,89141000,/nfs3_ib/nfs-ip34/home/def-ilafores/analysis/MethodsComparison/Feces_RA/preproc/SRR5091538/SRR5091538_unmatched_2.fastq,SRR5091538,83d461fe484591226636233d063bf01b,176080000,31,DNA,1000,176080,true,0.8523912210025909,0.9591349285326908,0.9057630747676408,0.9591349285326908,844,1141997,1692381
470000,0.002669241253975466,0.03896103896103896,0.0010052248977737391,0.00024698930087255764,2.361581920903955,2.0,1.4822085313121822,signatures/aa387c39ac911f35b9a9d7259ce43062.sig.gz,"GCF_000701705.1 Bilophila wadsworthia ATCC 49260 strain=ATCC 49260, ASM70170v1",aa387c39ac911f35b9a9d7259ce43062,0.10345586616773057,177000,71,88964000,/nfs3_ib/nfs-ip34/home/def-ilafores/analysis/MethodsComparison/Feces_RA/preproc/SRR5091538/SRR5091538_unmatched_2.fastq,SRR5091538,83d461fe484591226636233d063bf01b,176080000,31,DNA,1000,176080,true,0.8260003902930775,0.9294326123551344,0.877716501324106,0.9294326123551344,418,1142415,1692381
213000,0.0012096774193548388,0.06044905008635579,0.000993866424352567,0.00012172199995154756,1.177142857142857,1.0,0.7071414141399418,signatures/8ac40930d9d76ec404ee8c7d650add64.sig.gz,GCF_025567315.1 Agathobaculum ammoniilyticum strain=Sanger_34 ASM2556731v1,8ac40930d9d76ec404ee8c7d650add64,0.07357512953367876,175000,72,88789000,/nfs3_ib/nfs-ip34/home/def-ilafores/analysis/MethodsComparison/Feces_RA/preproc/SRR5091538/SRR5091538_unmatched_2.fastq,SRR5091538,83d461fe484591226636233d063bf01b,176080000,31,DNA,1000,176080,true,0.8051792362693618,0.9192696810129325,0.8622244586411472,0.9192696810129325,206,1142621,1692381
410000,0.0023284870513403,0.06064830951551063,0.000988187187641981,0.0007486493880515085,7.281609195402299,5.0,8.833452986424035,signatures/c2cae97ed5c2f955adaadd6c5da64434.sig.gz,"GCF_000205025.1 Parasutterella excrementihominis YIT 11859 strain=YIT 11859, ASM20502v1",c2cae97ed5c2f955adaadd6c5da64434,0.14290693621470896,174000,73,88615000,/nfs3_ib/nfs-ip34/home/def-ilafores/analysis/MethodsComparison/Feces_RA/preproc/SRR5091538/SRR5091538_unmatched_2.fastq,SRR5091538,83d461fe484591226636233d063bf01b,176080000,31,DNA,1000,176080,true,0.8223693159321838,0.9391687969881876,0.8807690564601857,0.9391687969881876,1267,1143888,1692381
1881000,0.010682644252612448,0.04803127617983803,0.0009768287142208087,0.0005170230580466219,5.087209302325581,3.0,5.8546800304131175,signatures/300d2de3c2c21f7c37b9a66b2c49f0e7.sig.gz,"GCA_900755095.1 uncultured Bacteroides sp., ERS473029_19",300d2de3c2c21f7c37b9a66b2c49f0e7,0.5252722703155543,172000,74,88443000,/nfs3_ib/nfs-ip34/home/def-ilafores/analysis/MethodsComparison/Feces_RA/preproc/SRR5091538/SRR5091538_unmatched_2.fastq,SRR5091538,83d461fe484591226636233d063bf01b,176080000,31,DNA,1000,176080,true,0.8637916319145666,0.9794452047900071,0.9216184183522869,0.9794452047900071,875,1144763,1692381
871000,0.004946615174920491,0.08767268862911796,0.000937074057246706,0.0002978052814348542,3.0545454545454547,3.0,1.8099206259326146,signatures/20c6805c55948bc2e73fd12614f68938.sig.gz,GCF_959028125.1 uncultured Bifidobacterium sp. ERR10149229_bin.50_MetaWRAP_v1.3_MAG,20c6805c55948bc2e73fd12614f68938,0.4628055260361318,165000,75,88278000,/nfs3_ib/nfs-ip34/home/def-ilafores/analysis/MethodsComparison/Feces_RA/preproc/SRR5091538/SRR5091538_unmatched_2.fastq,SRR5091538,83d461fe484591226636233d063bf01b,176080000,31,DNA,1000,176080,true,0.8426026928779605,0.9754531249903586,0.9090279089341595,0.9754531249903586,504,1145267,1692381
174000,0.000988187187641981,0.023296962547920966,0.0008973194002726034,0.00012113111645663713,1.2974683544303798,1.0,1.7081691052224695,signatures/66f33a40a2f3109dbb0d8031941a2a01.sig.gz,"GCF_003201875.1 Hungatella effluvii strain=DSM 24995, ASM320187v1",66f33a40a2f3109dbb0d8031941a2a01,0.02565614862872309,158000,76,88120000,/nfs3_ib/nfs-ip34/home/def-ilafores/analysis/MethodsComparison/Feces_RA/preproc/SRR5091538/SRR5091538_unmatched_2.fastq,SRR5091538,83d461fe484591226636233d063bf01b,176080000,31,DNA,1000,176080,true,0.7999435290578355,0.8885535279918794,0.8442485285248574,0.8885535279918794,205,1145472,1692381
525000,0.002981599273057701,0.03119447186574531,0.0008973194002726034,0.0026323859698259436,28.196202531645568,17.0,72.80635481903303,signatures/894ebfeac80d6a527fbc03d1d52101ee.sig.gz,"GCA_900762515.1 uncultured Odoribacter sp., SRS144506_36",894ebfeac80d6a527fbc03d1d52101ee,0.10365251727541955,158000,77,87962000,/nfs3_ib/nfs-ip34/home/def-ilafores/analysis/MethodsComparison/Feces_RA/preproc/SRR5091538/SRR5091538_unmatched_2.fastq,SRR5091538,83d461fe484591226636233d063bf01b,176080000,31,DNA,1000,176080,true,0.8289543630851945,0.9294895498506173,0.8792219564679059,0.9294895498506173,4455,1149927,1692381
162000,0.0009200363471149477,0.0451279103190572,0.0008916401635620173,0.00010931344655842862,1.178343949044586,1.0,0.42983013551090404,signatures/85180973bcf7ff8f6fcf5e290ed49454.sig.gz,"GCF_000024265.1 Eggerthella lenta DSM 2243 strain=DSM 2243, ASM2426v1",85180973bcf7ff8f6fcf5e290ed49454,0.04656510491520552,157000,78,87805000,/nfs3_ib/nfs-ip34/home/def-ilafores/analysis/MethodsComparison/Feces_RA/preproc/SRR5091538/SRR5091538_unmatched_2.fastq,SRR5091538,83d461fe484591226636233d063bf01b,176080000,31,DNA,1000,176080,true,0.7981016805979463,0.9058039546654314,0.8519528176316888,0.9058039546654314,185,1150112,1692381
174000,0.000988187187641981,0.0539333562349708,0.0008916401635620173,0.00010990433005333905,1.1847133757961783,1.0,0.4896593909243967,signatures/c6bad6b80328a581c7aeb7d96b867f9b.sig.gz,"GCF_000154445.1 Intestinibacter bartlettii DSM 16795 strain=DSM 16795, ASM15444v1",c6bad6b80328a581c7aeb7d96b867f9b,0.05977327378907592,157000,79,87648000,/nfs3_ib/nfs-ip34/home/def-ilafores/analysis/MethodsComparison/Feces_RA/preproc/SRR5091538/SRR5091538_unmatched_2.fastq,SRR5091538,83d461fe484591226636233d063bf01b,176080000,31,DNA,1000,176080,true,0.7999435290578355,0.9131297348971091,0.8565366319774723,0.9131297348971091,186,1150298,1692381
219000,0.0012437528396183552,0.02343868138515046,0.0008802816901408451,0.00010813167956860778,1.1806451612903226,1.0,0.7489430637900102,signatures/4e1788a417277623d5d9145c388358e7.sig.gz,GCF_028539415.1 Bacteroides cellulosilyticus DSM 14838 strain=DSM 14838 ASM2853941v1,4e1788a417277623d5d9145c388358e7,0.03311658853772872,155000,80,87493000,/nfs3_ib/nfs-ip34/home/def-ilafores/analysis/MethodsComparison/Feces_RA/preproc/SRR5091538/SRR5091538_unmatched_2.fastq,SRR5091538,83d461fe484591226636233d063bf01b,176080000,31,DNA,1000,176080,true,0.8059010928224055,0.8958999971931908,0.8509005450077982,0.8958999971931908,183,1150481,1692381
200000,0.0011358473421172195,0.05003403675970047,0.0008348477964561563,0.00011404051451771203,1.3129251700680271,1.0,1.585661608256024,signatures/c7d4730d7ef725fd5e285130d735d8de.sig.gz,"GCF_020687245.1 Faecalibacterium longum CLA-AA-H243 strain=CLA-AA-H243, ASM2068724v1",c7d4730d7ef725fd5e285130d735d8de,0.06807351940095303,147000,81,87346000,/nfs3_ib/nfs-ip34/home/def-ilafores/analysis/MethodsComparison/Feces_RA/preproc/SRR5091538/SRR5091538_unmatched_2.fastq,SRR5091538,83d461fe484591226636233d063bf01b,176080000,31,DNA,1000,176080,true,0.8035452190977034,0.9169679061032602,0.8602565626004818,0.9169679061032602,193,1150674,1692381
146000,0.0008291685597455702,0.04104368220463207,0.0007950931394820536,0.00011935846597190585,1.4428571428571428,1.0,1.2888058070024615,signatures/0c8b45ec7f1c8bbbe19cb015f398911d.sig.gz,"GCF_900447045.1 Clostridium paraputrificum strain=NCTC11833, 52087_F01",0c8b45ec7f1c8bbbe19cb015f398911d,0.04280269715625916,140000,82,87206000,/nfs3_ib/nfs-ip34/home/def-ilafores/analysis/MethodsComparison/Feces_RA/preproc/SRR5091538/SRR5091538_unmatched_2.fastq,SRR5091538,83d461fe484591226636233d063bf01b,176080000,31,DNA,1000,176080,true,0.7954289284022926,0.9033455460851235,0.8493872372437081,0.9033455460851235,202,1150876,1692381
290000,0.0016469786460699683,0.03863898500576701,0.0007610177192185371,0.00010517726209405566,1.328358208955224,1.0,0.9908244675106123,signatures/09e211f250a0bab5c37c5f0c9a8ff94d.sig.gz,"GCF_003019675.1 Fusobacterium ulcerans strain=ATCC 49185, ASM301967v1",09e211f250a0bab5c37c5f0c9a8ff94d,0.08362168396770472,134000,83,87072000,/nfs3_ib/nfs-ip34/home/def-ilafores/analysis/MethodsComparison/Feces_RA/preproc/SRR5091538/SRR5091538_unmatched_2.fastq,SRR5091538,83d461fe484591226636233d063bf01b,176080000,31,DNA,1000,176080,true,0.8132343996344091,0.923073097465785,0.8681537485500971,0.923073097465785,178,1151054,1692381
135000,0.0007666969559291232,0.06299952985425482,0.0007610177192185371,0.00010754079607369735,1.3582089552238805,1.0,0.68461760842864,signatures/9b6282658d22950cdb9ee9641a68900d.sig.gz,"GCF_900119895.1 Collinsella phocaeensis strain=Marseille-P3245, PRJEB18019",9b6282658d22950cdb9ee9641a68900d,0.06346967559943582,134000,84,86938000,/nfs3_ib/nfs-ip34/home/def-ilafores/analysis/MethodsComparison/Feces_RA/preproc/SRR5091538/SRR5091538_unmatched_2.fastq,SRR5091538,83d461fe484591226636233d063bf01b,176080000,31,DNA,1000,176080,true,0.793421549041682,0.9148989006873446,0.8541602248645133,0.9148989006873446,182,1151236,1692381
153000,0.0008689232167196729,0.0318424890617404,0.0007439800090867787,0.00008863252423656375,1.1450381679389312,1.0,0.39311124243003776,signatures/4edd699389284f85ac20f9344f953c5f.sig.gz,"GCF_000949455.1 Ruthenibacterium lactatiformans strain=585-1, ASM94945v1",4edd699389284f85ac20f9344f953c5f,0.0371900826446281,131000,85,86807000,/nfs3_ib/nfs-ip34/home/def-ilafores/analysis/MethodsComparison/Feces_RA/preproc/SRR5091538/SRR5091538_unmatched_2.fastq,SRR5091538,83d461fe484591226636233d063bf01b,176080000,31,DNA,1000,176080,true,0.796631480724154,0.8992589037729635,0.8479451922485588,0.8992589037729635,150,1151386,1692381
249000,0.0014141299409359382,0.037894127856523,0.0007439800090867787,0.0007911929996850591,10.221374045801527,8.0,7.838338034951417,signatures/4d1fd4a988e75787682a232c846bb78e.sig.gz,GCF_025567265.1 Dorea amylophila strain=H5_25 ASM2556726v1,4d1fd4a988e75787682a232c846bb78e,0.07202776974255135,131000,86,86676000,/nfs3_ib/nfs-ip34/home/def-ilafores/analysis/MethodsComparison/Feces_RA/preproc/SRR5091538/SRR5091538_unmatched_2.fastq,SRR5091538,83d461fe484591226636233d063bf01b,176080000,31,DNA,1000,176080,true,0.8092455139406365,0.9186395947756395,0.863942554358138,0.9186395947756395,1339,1152725,1692381
350000,0.001987732848705134,0.02857142857142857,0.0007326215356656065,0.00035512098044116543,4.658914728682171,4.0,2.939957611968355,signatures/d167331c1290a50891ddecadc4953808.sig.gz,"GCA_021772025.1 Enterocloster bolteae, ASM2177202v1",d167331c1290a50891ddecadc4953808,0.07751937984496124,129000,87,86547000,/nfs3_ib/nfs-ip34/home/def-ilafores/analysis/MethodsComparison/Feces_RA/preproc/SRR5091538/SRR5091538_unmatched_2.fastq,SRR5091538,83d461fe484591226636233d063bf01b,176080000,31,DNA,1000,176080,true,0.818182636300961,0.9208195377250636,0.8695010870130123,0.9208195377250636,601,1153326,1692381
631000,0.0035835983643798274,0.04840568574721475,0.0007155838255338482,0.0004396173202133562,5.904761904761905,5.0,3.56666348782362,signatures/51f4c8ab65736a50f935d316ef3ae943.sig.gz,GCF_900766055.1 uncultured Parasutterella sp. SRS294991_82,51f4c8ab65736a50f935d316ef3ae943,0.24241260084517863,126000,88,86421000,/nfs3_ib/nfs-ip34/home/def-ilafores/analysis/MethodsComparison/Feces_RA/preproc/SRR5091538/SRR5091538_unmatched_2.fastq,SRR5091538,83d461fe484591226636233d063bf01b,176080000,31,DNA,1000,176080,true,0.8338867537625784,0.955315758279211,0.8946012560208947,0.955315758279211,744,1154070,1692381
273000,0.0015504316219900045,0.05580357142857143,0.0007099045888232622,0.00009808666015513055,1.328,1.0,1.2571459740221098,signatures/4a2b47d34bd15d9d4bd0eea00bcee953.sig.gz,"GCF_000196555.1 Bifidobacterium longum subsp. longum JCM 1217 strain=JCM 1217, ASM19655v1",4a2b47d34bd15d9d4bd0eea00bcee953,0.121875,125000,89,86296000,/nfs3_ib/nfs-ip34/home/def-ilafores/analysis/MethodsComparison/Feces_RA/preproc/SRR5091538/SRR5091538_unmatched_2.fastq,SRR5091538,83d461fe484591226636233d063bf01b,176080000,31,DNA,1000,176080,true,0.8116512078400002,0.9343581435698549,0.8730046757049276,0.9343581435698549,166,1154236,1692381
204000,0.001158564288959564,0.018139262726740785,0.0007042253521126761,0.00011935846597190585,1.6290322580645162,1.0,2.725233763088139,signatures/0f58288732b3804f3c8d60da453de357.sig.gz,GCF_025149285.1 Hungatella hathewayi strain=DSM 13479 ASM2514928v1,0f58288732b3804f3c8d60da453de357,0.02984201287302516,124000,90,86172000,/nfs3_ib/nfs-ip34/home/def-ilafores/analysis/MethodsComparison/Feces_RA/preproc/SRR5091538/SRR5091538_unmatched_2.fastq,SRR5091538,83d461fe484591226636233d063bf01b,176080000,31,DNA,1000,176080,true,0.8040586832886115,0.8928960605867928,0.8484773719377021,0.8928960605867928,202,1154438,1692381
127000,0.0007212630622444343,0.058167716917111006,0.0006815084052703317,0.00010222284461950353,1.4416666666666667,1.0,2.54557077205792,signatures/4391435547714b6040a6f386d6877f91.sig.gz,"GCF_021109255.1 Phocea massiliensis strain=NSJ-153, ASM2110925v1",4391435547714b6040a6f386d6877f91,0.06156083373727581,120000,91,86052000,/nfs3_ib/nfs-ip34/home/def-ilafores/analysis/MethodsComparison/Feces_RA/preproc/SRR5091538/SRR5091538_unmatched_2.fastq,SRR5091538,83d461fe484591226636233d063bf01b,176080000,31,DNA,1000,176080,true,0.7918595952528638,0.9139981279752724,0.852928861614068,0.9139981279752724,173,1154611,1692381
478000,0.0027146751476601547,0.027739251040221916,0.0006815084052703317,0.0004957512522298466,6.991666666666666,2.0,14.910564394266085,signatures/9f8ee440e15d203543396b77b2bae2e7.sig.gz,GCA_003477525.1 Ruminococcus sp. AF41-9 strain=AF41-9 ASM347752v1,9f8ee440e15d203543396b77b2bae2e7,0.11049468331021729,120000,92,85932000,/nfs3_ib/nfs-ip34/home/def-ilafores/analysis/MethodsComparison/Feces_RA/preproc/SRR5091538/SRR5091538_unmatched_2.fastq,SRR5091538,83d461fe484591226636233d063bf01b,176080000,31,DNA,1000,176080,true,0.8264502309920909,0.9314081731438132,0.878929202067952,0.9314081731438132,839,1155450,1692381
132000,0.0007496592457973648,0.020767888307155324,0.0006758291685597456,0.0000779966213281761,1.1092436974789917,1.0,0.33781094524776095,signatures/03198aaedda196ea85313f27ec1902d7.sig.gz,GCF_002270465.1 Blautia hominis strain=KB1 ASM227046v1,03198aaedda196ea85313f27ec1902d7,0.023036649214659685,119000,93,85813000,/nfs3_ib/nfs-ip34/home/def-ilafores/analysis/MethodsComparison/Feces_RA/preproc/SRR5091538/SRR5091538_unmatched_2.fastq,SRR5091538,83d461fe484591226636233d063bf01b,176080000,31,DNA,1000,176080,true,0.7928465817274187,0.8854719668681119,0.8391592742977654,0.8854719668681119,132,1155582,1692381
998000,0.005667878237164925,0.026903784769721842,0.0006701499318491595,0.001504389378041942,21.576271186440678,4.0,104.15872883669236,signatures/cb4eb8b2772cce4c70d0738099004a98.sig.gz,GCF_029876145.1 Escherichia ruysiae strain=S1-IND-07-A ASM2987614v1,cb4eb8b2772cce4c70d0738099004a98,0.2275421796625627,118000,94,85695000,/nfs3_ib/nfs-ip34/home/def-ilafores/analysis/MethodsComparison/Feces_RA/preproc/SRR5091538/SRR5091538_unmatched_2.fastq,SRR5091538,83d461fe484591226636233d063bf01b,176080000,31,DNA,1000,176080,true,0.8463104314379545,0.9533668828387588,0.8998386571383566,0.9533668828387588,2546,1158128,1692381
1218000,0.006917310313493867,0.02045171616574782,0.0006531122217174011,0.0005040236211585926,7.417391304347826,7.0,5.291474042507728,signatures/b4482d10cb2488078dd11fc3de09368a.sig.gz,"GCF_009193295.2 Bacteroides sp. HF-5141 strain=HF-5141, ASM919329v2",b4482d10cb2488078dd11fc3de09368a,0.21661035034678996,115000,95,85580000,/nfs3_ib/nfs-ip34/home/def-ilafores/analysis/MethodsComparison/Feces_RA/preproc/SRR5091538/SRR5091538_unmatched_2.fastq,SRR5091538,83d461fe484591226636233d063bf01b,176080000,31,DNA,1000,176080,true,0.8517665028914715,0.9518539071532451,0.9018102050223583,0.9518539071532451,853,1158981,1692381
639000,0.0036290322580645163,0.025264124942581533,0.0006247160381644707,0.0005967923298595293,9.181818181818182,7.0,10.133815415529979,signatures/aa21d6a4e240d950eb3b686e2a4fae57.sig.gz,"GCF_004793475.1 Bacteroides sp. NM69_E16B strain=NM69_E16B, ASM479347v1",aa21d6a4e240d950eb3b686e2a4fae57,0.14676159853008727,110000,96,85470000,/nfs3_ib/nfs-ip34/home/def-ilafores/analysis/MethodsComparison/Feces_RA/preproc/SRR5091538/SRR5091538_unmatched_2.fastq,SRR5091538,83d461fe484591226636233d063bf01b,176080000,31,DNA,1000,176080,true,0.8342257193738181,0.9399754914218701,0.8871006053978441,0.9399754914218701,1010,1159991,1692381
349000,0.001982053611994548,0.017320107069752795,0.0006247160381644707,0.0000779966213281761,1.2,1.0,0.44312936752559784,signatures/c61cf47008daac7b3c5b701169a58aac.sig.gz,"GCA_000155435.1 Clostridiales bacterium 1_7_47FAA strain=1_7_47FAA, ASM15543v1",c61cf47008daac7b3c5b701169a58aac,0.05495197606676114,110000,97,85360000,/nfs3_ib/nfs-ip34/home/def-ilafores/analysis/MethodsComparison/Feces_RA/preproc/SRR5091538/SRR5091538_unmatched_2.fastq,SRR5091538,83d461fe484591226636233d063bf01b,176080000,31,DNA,1000,176080,true,0.8181071233158317,0.9106558890828605,0.8643815061993461,0.9106558890828605,132,1160123,1692381
1056000,0.005997273966378919,0.02202099197365713,0.0006076783280327124,0.00016131119411054602,2.5514018691588785,1.0,2.514383463791305,signatures/dcf743ecbf716c7db8255b85c5ef9ec0.sig.gz,"GCF_000424325.1 [Clostridium] clostridioforme AGR2157 strain=AGR2157, ASM42432v1",dcf743ecbf716c7db8255b85c5ef9ec0,0.2173286684502984,107000,98,85253000,/nfs3_ib/nfs-ip34/home/def-ilafores/analysis/MethodsComparison/Feces_RA/preproc/SRR5091538/SRR5091538_unmatched_2.fastq,SRR5091538,83d461fe484591226636233d063bf01b,176080000,31,DNA,1000,176080,true,0.847854038580768,0.9519555671977494,0.8999048028892587,0.9519555671977494,273,1160396,1692381
810000,0.004600181735574738,0.02673392181588903,0.0006019990913221263,0.0002978052814348542,4.754716981132075,1.0,18.94022938274095,signatures/e9ec7274e8258dd4be5e60bc6fb66cda.sig.gz,GCA_948847595.1 uncultured Bacteroides sp. MGBC156522,e9ec7274e8258dd4be5e60bc6fb66cda,0.2042875157629256,106000,99,85147000,/nfs3_ib/nfs-ip34/home/def-ilafores/analysis/MethodsComparison/Feces_RA/preproc/SRR5091538/SRR5091538_unmatched_2.fastq,SRR5091538,83d461fe484591226636233d063bf01b,176080000,31,DNA,1000,176080,true,0.8406314710318543,0.9500571622884249,0.8953443166601396,0.9500571622884249,504,1160900,1692381
482000,0.0027373920945024987,0.051602390005431834,0.0005395274875056792,0.0014210748052595722,25.31578947368421,25.0,13.715349187100546,signatures/843375e6c818375c838800026896881f.sig.gz,"GCA_019421265.1 Lachnospiraceae bacterium, ASM1942126v1",843375e6c818375c838800026896881f,0.2618142313959804,95000,100,85052000,/nfs3_ib/nfs-ip34/home/def-ilafores/analysis/MethodsComparison/Feces_RA/preproc/SRR5091538/SRR5091538_unmatched_2.fastq,SRR5091538,83d461fe484591226636233d063bf01b,176080000,31,DNA,1000,176080,true,0.8266724261821448,0.9576914026393041,0.8921819144107244,0.9576914026393041,2405,1163305,1692381
1022000,0.005804179918218992,0.019269776876267748,0.0005395274875056792,0.0002824423105671832,5.031578947368421,4.0,3.0068435332156866,signatures/508fc5149090b0f21b10913fa9e34604.sig.gz,"GCF_005843885.1 Escherichia sp. E4742 strain=E4742, ASM584388v1",508fc5149090b0f21b10913fa9e34604,0.20730223123732253,95000,101,84957000,/nfs3_ib/nfs-ip34/home/def-ilafores/analysis/MethodsComparison/Feces_RA/preproc/SRR5091538/SRR5091538_unmatched_2.fastq,SRR5091538,83d461fe484591226636233d063bf01b,176080000,31,DNA,1000,176080,true,0.8469594315512577,0.9505062283215947,0.8987328299364262,0.9505062283215947,478,1163783,1692381
697000,0.003958427987278509,0.01150990099009901,0.000528169014084507,0.00040120989304417857,7.301075268817204,2.0,15.507739965700903,signatures/6672ed00a5e62028f3d25099a8b409db.sig.gz,GCF_900761785.1 uncultured Bacteroides sp. SRS098827_17,6672ed00a5e62028f3d25099a8b409db,0.08626237623762376,93000,102,84864000,/nfs3_ib/nfs-ip34/home/def-ilafores/analysis/MethodsComparison/Feces_RA/preproc/SRR5091538/SRR5091538_unmatched_2.fastq,SRR5091538,83d461fe484591226636233d063bf01b,176080000,31,DNA,1000,176080,true,0.8365670092959108,0.923999334922906,0.8802831721094084,0.923999334922906,679,1164462,1692381
160000,0.0009086778736937755,0.022413793103448276,0.0005168105406633349,0.00010576814558896608,1.967032967032967,1.0,1.731737039719758,signatures/659be16e24434afee44065c0476f013e.sig.gz,GCF_025567015.1 Waltera acetigignens strain=f_CXY ASM2556701v1,659be16e24434afee44065c0476f013e,0.03940886699507389,91000,103,84773000,/nfs3_ib/nfs-ip34/home/def-ilafores/analysis/MethodsComparison/Feces_RA/preproc/SRR5091538/SRR5091538_unmatched_2.fastq,SRR5091538,83d461fe484591226636233d063bf01b,176080000,31,DNA,1000,176080,true,0.7977819242151905,0.9009414725116031,0.8493616983633967,0.9009414725116031,179,1164641,1692381
102000,0.000579282144479782,0.03167746580273578,0.0004997728305315766,0.0000779966213281761,1.5,1.0,2.688358742294772,signatures/cf0859915d3c8a95958e7215f877ca0f.sig.gz,"GCF_001486165.1 Bittarella massiliensis strain=GD6, Bittarella massiliensis",cf0859915d3c8a95958e7215f877ca0f,0.0367170626349892,88000,104,84685000,/nfs3_ib/nfs-ip34/home/def-ilafores/analysis/MethodsComparison/Feces_RA/preproc/SRR5091538/SRR5091538_unmatched_2.fastq,SRR5091538,83d461fe484591226636233d063bf01b,176080000,31,DNA,1000,176080,true,0.7862797689288955,0.8988876572440765,0.8425837130864859,0.8988876572440765,132,1164773,1692381
145000,0.0008234893230349841,0.014018691588785047,0.0004940935938209905,0.0002617613882453183,5.091954022988506,1.0,7.143250465738753,signatures/12339c0d1522bf08ef0abca2a6195e89.sig.gz,"GCF_014287615.1 Blautia sp. NSJ-34 strain=NSJ-34, ASM1428761v1",12339c0d1522bf08ef0abca2a6195e89,0.02336448598130841,87000,105,84598000,/nfs3_ib/nfs-ip34/home/def-ilafores/analysis/MethodsComparison/Feces_RA/preproc/SRR5091538/SRR5091538_unmatched_2.fastq,SRR5091538,83d461fe484591226636233d063bf01b,176080000,31,DNA,1000,176080,true,0.7952525967561167,0.8858756851192862,0.8405641409377014,0.8858756851192862,443,1165216,1692381
94000,0.0005338482507950931,0.03021685033771774,0.00048273512039981824,0.00005967923298595293,1.188235294117647,1.0,0.44705882352941173,signatures/b69c557c70b05f221753839e76da2c17.sig.gz,GCF_025144665.1 Alistipes ihumii AP11 strain=AP11 ASM2514466v1,b69c557c70b05f221753839e76da2c17,0.03341628154994668,85000,106,84513000,/nfs3_ib/nfs-ip34/home/def-ilafores/analysis/MethodsComparison/Feces_RA/preproc/SRR5091538/SRR5091538_unmatched_2.fastq,SRR5091538,83d461fe484591226636233d063bf01b,176080000,31,DNA,1000,176080,true,0.7842108252957427,0.8961603931518152,0.8401856092237789,0.8961603931518152,101,1165317,1692381
118000,0.0006701499318491595,0.021649484536082474,0.0004770558836892322,0.00005495216502666953,1.1071428571428572,1.0,0.30929478706587094,signatures/d5aef74860ab7c1cca263aa607c62d70.sig.gz,"GCF_014337215.1 Wansuia hejianensis strain=NSJ-29, ASM1433721v1",d5aef74860ab7c1cca263aa607c62d70,0.030412371134020618,84000,107,84429000,/nfs3_ib/nfs-ip34/home/def-ilafores/analysis/MethodsComparison/Feces_RA/preproc/SRR5091538/SRR5091538_unmatched_2.fastq,SRR5091538,83d461fe484591226636233d063bf01b,176080000,31,DNA,1000,176080,true,0.7899842829131419,0.8934415343774128,0.8417129086452774,0.8934415343774128,93,1165410,1692381
328000,0.00186278964107224,0.013611157788606956,0.00046001817355747387,0.0001701744465342024,3.5555555555555554,1.0,6.6740699634138725,signatures/ddc3bbfa80864ba686c6a00380ae271a.sig.gz,"GCF_000172175.1 Bacteroides intestinalis DSM 17393 strain=DSM 17393, ASM17217v1",ddc3bbfa80864ba686c6a00380ae271a,0.05511678709460595,81000,108,84348000,/nfs3_ib/nfs-ip34/home/def-ilafores/analysis/MethodsComparison/Feces_RA/preproc/SRR5091538/SRR5091538_unmatched_2.fastq,SRR5091538,83d461fe484591226636233d063bf01b,176080000,31,DNA,1000,176080,true,0.8164710083355439,0.9107438654623974,0.8636074368989706,0.9107438654623974,288,1165698,1692381
957000,0.005435029532030895,0.016407599309153715,0.0004316219900045434,0.00019203713584588813,4.276315789473684,3.0,3.0804933140930117,signatures/16c61a72a7b0e33b078d70321bdf2cda.sig.gz,"GCF_000026225.1 Escherichia fergusonii ATCC 35469 strain=ATCC 35469T, ASM2622v1",16c61a72a7b0e33b078d70321bdf2cda,0.20660621761658032,76000,109,84272000,/nfs3_ib/nfs-ip34/home/def-ilafores/analysis/MethodsComparison/Feces_RA/preproc/SRR5091538/SRR5091538_unmatched_2.fastq,SRR5091538,83d461fe484591226636233d063bf01b,176080000,31,DNA,1000,176080,true,0.8451659600019277,0.9504031152871304,0.897784537644529,0.9504031152871304,325,1166023,1692381
426000,0.0024193548387096775,0.035194744251525106,0.0004259427532939573,0.00012408553393118926,2.8,2.0,1.8110770276274832,signatures/07d58c9b34770a695d3f4202f8c60677.sig.gz,"GCF_002742445.1 Bifidobacterium sp. N4G05 strain=N4G05, ASM274244v1",07d58c9b34770a695d3f4202f8c60677,0.1999061473486626,75000,110,84197000,/nfs3_ib/nfs-ip34/home/def-ilafores/analysis/MethodsComparison/Feces_RA/preproc/SRR5091538/SRR5091538_unmatched_2.fastq,SRR5091538,83d461fe484591226636233d063bf01b,176080000,31,DNA,1000,176080,true,0.823385494717745,0.9493929552632433,0.8863892249904941,0.9493929552632433,210,1166233,1692381
158000,0.0008973194002726034,0.025150905432595575,0.0004259427532939573,0.00008685987375183247,1.96,1.0,3.087350536193345,signatures/202b4a96ab763ae8b9d9aa34459e999a.sig.gz,"GCF_009680455.1 Lachnospira eligens strain=BIOML-A1, ASM968045v1",202b4a96ab763ae8b9d9aa34459e999a,0.05298457411133468,75000,111,84122000,/nfs3_ib/nfs-ip34/home/def-ilafores/analysis/MethodsComparison/Feces_RA/preproc/SRR5091538/SRR5091538_unmatched_2.fastq,SRR5091538,83d461fe484591226636233d063bf01b,176080000,31,DNA,1000,176080,true,0.7974582761704653,0.9095855043373807,0.853521890253923,0.9095855043373807,147,1166380,1692381
133000,0.000755338482507951,0.023314429741650915,0.00042026351658337117,0.00005140686405720698,1.1756756756756757,1.0,0.5029133531331998,signatures/463a8ff2f26f37a3c67c2a86a64398f8.sig.gz,"GCF_023347235.1 Faecalibacterium sp. I4179 strain=I4179, ASM2334723v1",463a8ff2f26f37a3c67c2a86a64398f8,0.04190296156269691,74000,112,84048000,/nfs3_ib/nfs-ip34/home/def-ilafores/analysis/MethodsComparison/Feces_RA/preproc/SRR5091538/SRR5091538_unmatched_2.fastq,SRR5091538,83d461fe484591226636233d063bf01b,176080000,31,DNA,1000,176080,true,0.7930396302644688,0.9027266863657787,0.8478831583151237,0.9027266863657787,87,1166467,1692381
516000,0.002930486142662426,0.022182254196642687,0.00042026351658337117,0.001379122077120932,31.54054054054054,20.0,32.471687954689614,signatures/24e5a198308319a8b4e51d7f4d35b209.sig.gz,GCF_900766005.1 uncultured Bacteroides sp. SRS295019_2,24e5a198308319a8b4e51d7f4d35b209,0.15467625899280577,74000,113,83974000,/nfs3_ib/nfs-ip34/home/def-ilafores/analysis/MethodsComparison/Feces_RA/preproc/SRR5091538/SRR5091538_unmatched_2.fastq,SRR5091538,83d461fe484591226636233d063bf01b,176080000,31,DNA,1000,176080,true,0.82849210937317,0.9415694870692293,0.8850307982211996,0.9415694870692293,2334,1168801,1692381
279000,0.0015845070422535212,0.029122392758756395,0.00042026351658337117,0.0003521665629666133,8.054054054054054,2.5,9.848709466688533,signatures/6b0563358129ee256a28e47d42807e90.sig.gz,"GCA_900544395.1 uncultured Ruminococcus sp., UMGS669",6b0563358129ee256a28e47d42807e90,0.10979929161747344,74000,114,83900000,/nfs3_ib/nfs-ip34/home/def-ilafores/analysis/MethodsComparison/Feces_RA/preproc/SRR5091538/SRR5091538_unmatched_2.fastq,SRR5091538,83d461fe484591226636233d063bf01b,176080000,31,DNA,1000,176080,true,0.8122206102622248,0.9312185058510436,0.8717195580566341,0.9312185058510436,596,1169397,1692381
310000,0.0017605633802816902,0.01760308656860381,0.0004145842798727851,0.0019245075429232543,44.61643835616438,48.0,39.921028254589515,signatures/9216287e15b5df82656d9407b3ab0a7c.sig.gz,GCF_025146565.1 Bacteroides eggerthii strain=DSM 20697 ASM2514656v1,9216287e15b5df82656d9407b3ab0a7c,0.07475283337352302,73000,115,83827000,/nfs3_ib/nfs-ip34/home/def-ilafores/analysis/MethodsComparison/Feces_RA/preproc/SRR5091538/SRR5091538_unmatched_2.fastq,SRR5091538,83d461fe484591226636233d063bf01b,176080000,31,DNA,1000,176080,true,0.81498582225866,0.9197407067786537,0.8673632645186569,0.9197407067786537,3257,1172654,1692381
378000,0.002146751476601545,0.021648873072360617,0.0004145842798727851,0.000878643756931802,20.36986301369863,20.0,8.321463993488969,signatures/870b5ff2a07945b3000ec41da9f5341c.sig.gz,GCF_937930345.1 uncultured Prevotella sp. ERR2013610_bin.77_CONCOCT_v1.1_MAG,870b5ff2a07945b3000ec41da9f5341c,0.11209964412811388,73000,116,83754000,/nfs3_ib/nfs-ip34/home/def-ilafores/analysis/MethodsComparison/Feces_RA/preproc/SRR5091538/SRR5091538_unmatched_2.fastq,SRR5091538,83d461fe484591226636233d063bf01b,176080000,31,DNA,1000,176080,true,0.8202163916271331,0.9318415515139756,0.8760289715705544,0.9318415515139756,1487,1174141,1692381
181000,0.0010279418446160836,0.013970877607241243,0.0004032258064516129,0.0002528981358216619,6.028169014084507,1.0,10.063141266048502,signatures/dec6823a28f0aea55b13c3be158528c4.sig.gz,"GCF_000025985.1 Bacteroides fragilis NCTC 9343, ASM2598v1",dec6823a28f0aea55b13c3be158528c4,0.03561589925226289,71000,117,83683000,/nfs3_ib/nfs-ip34/home/def-ilafores/analysis/MethodsComparison/Feces_RA/preproc/SRR5091538/SRR5091538_unmatched_2.fastq,SRR5091538,83d461fe484591226636233d063bf01b,176080000,31,DNA,1000,176080,true,0.8009619561008556,0.8980051678155302,0.8494835619581929,0.8980051678155302,428,1174569,1692381
105000,0.0005963198546115402,0.0121036481418343,0.0004032258064516129,0.0008555993006302955,20.3943661971831,9.0,33.324473463815565,signatures/94e3f5a2030805fe7783ec2f5159183c.sig.gz,"GCA_023404095.1 Proteobacteria bacterium, ASM2340409v1",94e3f5a2030805fe7783ec2f5159183c,0.017899761336515514,71000,118,83612000,/nfs3_ib/nfs-ip34/home/def-ilafores/analysis/MethodsComparison/Feces_RA/preproc/SRR5091538/SRR5091538_unmatched_2.fastq,SRR5091538,83d461fe484591226636233d063bf01b,176080000,31,DNA,1000,176080,true,0.7870153487178023,0.8782946423991228,0.8326549955584626,0.8782946423991228,1448,1176017,1692381
1657000,0.009410495229441164,0.01195079086115993,0.00038618809631985464,0.0003486212619971508,8.676470588235293,8.0,6.918519852903317,signatures/a94161bf1ccd67b3c66d45adbcfe7953.sig.gz,"GCA_019117555.1 Candidatus Bacteroides intestinigallinarum, ASM1911755v1",a94161bf1ccd67b3c66d45adbcfe7953,0.29121265377855887,68000,119,83544000,/nfs3_ib/nfs-ip34/home/def-ilafores/analysis/MethodsComparison/Feces_RA/preproc/SRR5091538/SRR5091538_unmatched_2.fastq,SRR5091538,83d461fe484591226636233d063bf01b,176080000,31,DNA,1000,176080,true,0.8602658055647122,0.9609846694031583,0.9106252374839352,0.9609846694031583,590,1176607,1692381
807000,0.00458314402544298,0.0291005291005291,0.0003748296228986824,0.00025407990281148274,6.515151515151516,6.5,3.3404881889747076,signatures/6212e5488fb28a7e083ece4a87403846.sig.gz,GCA_029983955.1 Faecalimonas sp. ASM2998395v1,6212e5488fb28a7e083ece4a87403846,0.3558201058201058,66000,120,83478000,/nfs3_ib/nfs-ip34/home/def-ilafores/analysis/MethodsComparison/Feces_RA/preproc/SRR5091538/SRR5091538_unmatched_2.fastq,SRR5091538,83d461fe484591226636233d063bf01b,176080000,31,DNA,1000,176080,true,0.8405308567368833,0.9672162045905205,0.9038735306637019,0.9672162045905205,430,1177037,1692381
99000,0.0005622444343480236,0.022244691607684528,0.0003748296228986824,0.0000449071456131923,1.1515151515151516,1.0,0.3985741344838154,signatures/a6be66ce83fd1772452d8972fe7fcb22.sig.gz,"GCF_009695995.1 Lachnospiraceae bacterium WCA3-601-WT-6H strain=WCA3-601-WT-6H, ASM969599v1",a6be66ce83fd1772452d8972fe7fcb22,0.033367037411526794,66000,121,83412000,/nfs3_ib/nfs-ip34/home/def-ilafores/analysis/MethodsComparison/Feces_RA/preproc/SRR5091538/SRR5091538_unmatched_2.fastq,SRR5091538,83d461fe484591226636233d063bf01b,176080000,31,DNA,1000,176080,true,0.7855229469139214,0.896117761678579,0.8408203542962502,0.896117761678579,76,1177113,1692381
159000,0.0009029986369831894,0.025927403270841642,0.0003691503861880963,0.00011404051451771203,2.9692307692307693,2.0,2.5235459226391415,signatures/4049ee265261a299e4ce50ad457eeb89.sig.gz,"GCF_014306455.1 Catenibacterium sp. NSJ-22 strain=NSJ-22, ASM1430645v1",4049ee265261a299e4ce50ad457eeb89,0.0634224172317511,65000,122,83347000,/nfs3_ib/nfs-ip34/home/def-ilafores/analysis/MethodsComparison/Feces_RA/preproc/SRR5091538/SRR5091538_unmatched_2.fastq,SRR5091538,83d461fe484591226636233d063bf01b,176080000,31,DNA,1000,176080,true,0.7976205926611962,0.9148769180210706,0.8562487553411334,0.9148769180210706,193,1177306,1692381
787000,0.004469559291231258,0.017611447440836543,0.0003634711494775102,0.0002576252037809453,6.8125,2.0,9.358944585261739,signatures/b6c8062e93e41571a0a6b95431f1f8fa.sig.gz,GCA_948742525.1 Bacteroides caecimuris MGBC150249,b6c8062e93e41571a0a6b95431f1f8fa,0.21656576774903688,64000,123,83283000,/nfs3_ib/nfs-ip34/home/def-ilafores/analysis/MethodsComparison/Feces_RA/preproc/SRR5091538/SRR5091538_unmatched_2.fastq,SRR5091538,83d461fe484591226636233d063bf01b,176080000,31,DNA,1000,176080,true,0.8398506974092896,0.9518475868484305,0.8958491421288601,0.9518475868484305,436,1177742,1692381
457000,0.0025954111767378463,0.014811386253182134,0.0003634711494775102,0.0002865784950315561,7.578125,2.0,20.00531545575763,signatures/4fede25466357d8494c5b32e1ffd6afe.sig.gz,"GCF_000187895.1 Bacteroides plebeius DSM 17135 strain=DSM 17135, ASM18789v1",4fede25466357d8494c5b32e1ffd6afe,0.10576255496412867,64000,124,83219000,/nfs3_ib/nfs-ip34/home/def-ilafores/analysis/MethodsComparison/Feces_RA/preproc/SRR5091538/SRR5091538_unmatched_2.fastq,SRR5091538,83d461fe484591226636233d063bf01b,176080000,31,DNA,1000,176080,true,0.8252533497340236,0.930093986734142,0.8776736682340829,0.930093986734142,485,1178227,1692381
154000,0.000874602453430259,0.01799775028121485,0.0003634711494775102,0.00006027011648086335,1.59375,1.0,0.8238391454040042,signatures/4c5b9c5fc61302d55e1ab631a887b803.sig.gz,"GCA_018374635.1 Clostridiales bacterium, ASM1837463v1",4c5b9c5fc61302d55e1ab631a887b803,0.04330708661417323,64000,125,83155000,/nfs3_ib/nfs-ip34/home/def-ilafores/analysis/MethodsComparison/Feces_RA/preproc/SRR5091538/SRR5091538_unmatched_2.fastq,SRR5091538,83d461fe484591226636233d063bf01b,176080000,31,DNA,1000,176080,true,0.7967989112192312,0.9036869926462913,0.8502429519327612,0.9036869926462913,102,1178329,1692381
694000,0.003941390277146751,0.010043521928356211,0.00034075420263516583,0.00024285311640818467,6.85,2.0,11.085764144463235,signatures/723b884481420dddcbc68522388758ed.sig.gz,"GCF_900106755.1 Bacteroides faecis MAJ27 strain=MAJ27, IMG-taxon 2693429916 annotated assembly",723b884481420dddcbc68522388758ed,0.1161700703046535,60000,126,83095000,/nfs3_ib/nfs-ip34/home/def-ilafores/analysis/MethodsComparison/Feces_RA/preproc/SRR5091538/SRR5091538_unmatched_2.fastq,SRR5091538,83d461fe484591226636233d063bf01b,176080000,31,DNA,1000,176080,true,0.8364506144849086,0.9329142998777357,0.8846824571813221,0.9329142998777357,411,1178740,1692381
225000,0.0012778282598818718,0.015108834827144686,0.0003350749659245797,0.000046088912603013155,1.3220338983050848,1.0,0.9467281385606064,signatures/81c6a95163157fb91174ff63c1c0eb2b.sig.gz,GCA_026015295.1 Segatella copri strain=Ind63-31 ASM2601529v1,81c6a95163157fb91174ff63c1c0eb2b,0.05761843790012804,59000,127,83036000,/nfs3_ib/nfs-ip34/home/def-ilafores/analysis/MethodsComparison/Feces_RA/preproc/SRR5091538/SRR5091538_unmatched_2.fastq,SRR5091538,83d461fe484591226636233d063bf01b,176080000,31,DNA,1000,176080,true,0.8066040584788141,0.9120488755682662,0.8593264670235401,0.9120488755682662,78,1178818,1692381
134000,0.0007610177192185371,0.013804398689751989,0.0003350749659245797,0.0001110860970431599,3.1864406779661016,1.0,9.727602830232746,signatures/b37a0141517537faad74a6d2ac4d5c41.sig.gz,"GCF_000190535.1 Odoribacter splanchnicus DSM 20712 strain=DSM 220712, ASM19053v1",b37a0141517537faad74a6d2ac4d5c41,0.0313523631258774,59000,128,82977000,/nfs3_ib/nfs-ip34/home/def-ilafores/analysis/MethodsComparison/Feces_RA/preproc/SRR5091538/SRR5091538_unmatched_2.fastq,SRR5091538,83d461fe484591226636233d063bf01b,176080000,31,DNA,1000,176080,true,0.7932312792096069,0.8943192721592303,0.8437752756844186,0.8943192721592303,188,1179006,1692381
616000,0.003498409813721036,0.028672032193158954,0.00032371649250340757,0.00010931344655842862,3.245614035087719,3.0,1.958165107408768,signatures/7577f3031d4c4c66ae6744b26fd08181.sig.gz,GCF_959020145.1 uncultured Bifidobacterium sp. ERR10149223_bin.5_MetaWRAP_v1.3_MAG,7577f3031d4c4c66ae6744b26fd08181,0.30985915492957744,57000,129,82920000,/nfs3_ib/nfs-ip34/home/def-ilafores/analysis/MethodsComparison/Feces_RA/preproc/SRR5091538/SRR5091538_unmatched_2.fastq,SRR5091538,83d461fe484591226636233d063bf01b,176080000,31,DNA,1000,176080,true,0.8332398307284479,0.9629105526072025,0.8980751916678251,0.9629105526072025,185,1179191,1692381
220000,0.0012494320763289414,0.012730165946806092,0.00031803725579282146,0.00004845244658265485,1.4642857142857142,1.0,1.0684482358322565,signatures/6bae471e5a4f273d83204d975d3e2077.sig.gz,"GCA_019417795.1 Clostridiales bacterium, ASM1941779v1",6bae471e5a4f273d83204d975d3e2077,0.050011366219595364,56000,130,82864000,/nfs3_ib/nfs-ip34/home/def-ilafores/analysis/MethodsComparison/Feces_RA/preproc/SRR5091538/SRR5091538_unmatched_2.fastq,SRR5091538,83d461fe484591226636233d063bf01b,176080000,31,DNA,1000,176080,true,0.8060195382200214,0.9078925968888444,0.8569560675544329,0.9078925968888444,82,1179273,1692381
866000,0.00491821899136756,0.009512485136741973,0.00031803725579282146,0.00010576814558896608,3.1964285714285716,2.0,2.545441603962596,signatures/8eefaa3cc97d57d4ec60598fc2400299.sig.gz,"GCA_021201905.1 Clostridia bacterium, ASM2120190v1",8eefaa3cc97d57d4ec60598fc2400299,0.1471037880074741,56000,131,82808000,/nfs3_ib/nfs-ip34/home/def-ilafores/analysis/MethodsComparison/Feces_RA/preproc/SRR5091538/SRR5091538_unmatched_2.fastq,SRR5091538,83d461fe484591226636233d063bf01b,176080000,31,DNA,1000,176080,true,0.8424462260768211,0.9400461100956372,0.8912461680862291,0.9400461100956372,179,1179452,1692381
277000,0.001573148568832349,0.01936619718309859,0.00031235801908223535,0.0001559932426563522,4.8,2.0,7.012715723468465,signatures/51937f7656f816a1fbde2f10d56edd81.sig.gz,GCF_028767025.1 Blautia sp. XA-2221 strain=XA-2221 ASM2876702v1,51937f7656f816a1fbde2f10d56edd81,0.09753521126760563,55000,132,82753000,/nfs3_ib/nfs-ip34/home/def-ilafores/analysis/MethodsComparison/Feces_RA/preproc/SRR5091538/SRR5091538_unmatched_2.fastq,SRR5091538,83d461fe484591226636233d063bf01b,176080000,31,DNA,1000,176080,true,0.8120321373281434,0.9276674197194547,0.8698497785237991,0.9276674197194547,264,1179716,1692381
636000,0.0036119945479327576,0.013962934755013963,0.00031235801908223535,0.00032971299016001715,10.145454545454545,6.0,10.089451164131201,signatures/9b37ff955b2758a3120db28694fa909f.sig.gz,"GCA_019415065.1 Bacteroides sp., ASM1941506v1",9b37ff955b2758a3120db28694fa909f,0.16146230007616147,55000,133,82698000,/nfs3_ib/nfs-ip34/home/def-ilafores/analysis/MethodsComparison/Feces_RA/preproc/SRR5091538/SRR5091538_unmatched_2.fastq,SRR5091538,83d461fe484591226636233d063bf01b,176080000,31,DNA,1000,176080,true,0.8340990910712714,0.9428745372439928,0.8884868141576321,0.9428745372439928,558,1180274,1692381
69000,0.0003918673330304407,0.024774774774774775,0.00031235801908223535,0.0000378165436742672,1.1636363636363636,1.0,0.4578064840732426,signatures/2574bf58484894f914695c42b18e748c.sig.gz,"GCA_018376995.1 Veillonella sp., ASM1837699v1",2574bf58484894f914695c42b18e748c,0.031081081081081083,55000,134,82643000,/nfs3_ib/nfs-ip34/home/def-ilafores/analysis/MethodsComparison/Feces_RA/preproc/SRR5091538/SRR5091538_unmatched_2.fastq,SRR5091538,83d461fe484591226636233d063bf01b,176080000,31,DNA,1000,176080,true,0.7764281273952914,0.8940685997650945,0.8352483635801929,0.8940685997650945,64,1180338,1692381
56000,0.00031803725579282146,0.019649874955341193,0.00031235801908223535,0.0000330894757149838,1.018181818181818,1.0,0.13360853142453694,signatures/f2cda40e88295e685c6c31e39bd0803d.sig.gz,"GCA_000436535.1 Eubacterium sp. CAG:252, MGS252",f2cda40e88295e685c6c31e39bd0803d,0.02000714540907467,55000,135,82588000,/nfs3_ib/nfs-ip34/home/def-ilafores/analysis/MethodsComparison/Feces_RA/preproc/SRR5091538/SRR5091538_unmatched_2.fastq,SRR5091538,83d461fe484591226636233d063bf01b,176080000,31,DNA,1000,176080,true,0.7712172049373583,0.8814537307871485,0.8263354678622534,0.8814537307871485,56,1180394,1692381
532000,0.003021353930031804,0.010937816487745595,0.00030667878237164924,0.0008219189414204012,25.75925925925926,13.0,29.881826004734545,signatures/20623cf363705a2786c1e2e794c70af2.sig.gz,"GCF_024623065.1 Bacteroides acidifaciens strain=DSM 15896, ASM2462306v1",20623cf363705a2786c1e2e794c70af2,0.10775774762001215,54000,136,82534000,/nfs3_ib/nfs-ip34/home/def-ilafores/analysis/MethodsComparison/Feces_RA/preproc/SRR5091538/SRR5091538_unmatched_2.fastq,SRR5091538,83d461fe484591226636233d063bf01b,176080000,31,DNA,1000,176080,true,0.8293086222612903,0.9306548853385453,0.8799817537999178,0.9306548853385453,1391,1181785,1692381
103000,0.0005849613811903681,0.013476416271524832,0.00030667878237164924,0.00003368035920989423,1.0555555555555556,1.0,0.22906142364542553,signatures/62b03b4f0784189f3ee5b7d7041318cd.sig.gz,"GCF_019597925.1 [Clostridium] scindens strain=Q4, ASM1959792v1",62b03b4f0784189f3ee5b7d7041318cd,0.025705016221612177,54000,137,82480000,/nfs3_ib/nfs-ip34/home/def-ilafores/analysis/MethodsComparison/Feces_RA/preproc/SRR5091538/SRR5091538_unmatched_2.fastq,SRR5091538,83d461fe484591226636233d063bf01b,176080000,31,DNA,1000,176080,true,0.7865272621615401,0.8886080725515646,0.8375676673565524,0.8886080725515646,57,1181842,1692381
214000,0.0012153566560654248,0.015738851646750218,0.00030667878237164924,0.00047270679592834004,14.814814814814815,13.5,12.975866593588087,signatures/8d6533932a9329431a562a008a9885c3.sig.gz,"GCF_014297355.1 Blautia sp. 2744 strain=2744, ASM1429735v1",8d6533932a9329431a562a008a9885c3,0.062372486155639756,54000,138,82426000,/nfs3_ib/nfs-ip34/home/def-ilafores/analysis/MethodsComparison/Feces_RA/preproc/SRR5091538/SRR5091538_unmatched_2.fastq,SRR5091538,83d461fe484591226636233d063bf01b,176080000,31,DNA,1000,176080,true,0.8053009015318098,0.914384400283563,0.8598426509076864,0.914384400283563,800,1182642,1692381
335000,0.0019025442980463425,0.011346921622189535,0.00030667878237164924,0.0004981147862094883,15.61111111111111,2.5,25.74117372404293,signatures/139179081df196f50a8ccc12fef01ea2.sig.gz,"GCF_000374365.1 Bacteroides gallinarum DSM 18171 = JCM 13658 strain=DSM 18171, ASM37436v1",139179081df196f50a8ccc12fef01ea2,0.07039293969321286,54000,139,82372000,/nfs3_ib/nfs-ip34/home/def-ilafores/analysis/MethodsComparison/Feces_RA/preproc/SRR5091538/SRR5091538_unmatched_2.fastq,SRR5091538,83d461fe484591226636233d063bf01b,176080000,31,DNA,1000,176080,true,0.8170273705754549,0.9179594972503677,0.8674934339129113,0.9179594972503677,843,1183485,1692381
1190000,0.006758291685597456,0.020751761942051684,0.00030099954566106314,0.0015321609023027322,48.924528301886795,26.0,46.447312027595544,signatures/fbc6cd1f096b1acd18d96b95d5e0a0a8.sig.gz,"GCA_019414665.1 Bacteroides sp., ASM1941466v1",fbc6cd1f096b1acd18d96b95d5e0a0a8,0.4659357870007831,53000,140,82319000,/nfs3_ib/nfs-ip34/home/def-ilafores/analysis/MethodsComparison/Feces_RA/preproc/SRR5091538/SRR5091538_unmatched_2.fastq,SRR5091538,83d461fe484591226636233d063bf01b,176080000,31,DNA,1000,176080,true,0.8511277291079811,0.9756652585358937,0.9133964938219374,0.9756652585358937,2593,1186078,1692381
562000,0.003191731031349387,0.01000566358316028,0.00030099954566106314,0.0012491277082406385,39.886792452830186,30.0,36.33785924129189,signatures/e98f7803904fe26755ff11a8c31dc48a.sig.gz,"GCF_003865075.1 Bacteroides sp. KCTC 15687 strain=KCTC 15687, ASM386507v1",e98f7803904fe26755ff11a8c31dc48a,0.10609779120256749,53000,141,82266000,/nfs3_ib/nfs-ip34/home/def-ilafores/analysis/MethodsComparison/Feces_RA/preproc/SRR5091538/SRR5091538_unmatched_2.fastq,SRR5091538,83d461fe484591226636233d063bf01b,176080000,31,DNA,1000,176080,true,0.8307774864311644,0.9301889419773215,0.8804832142042429,0.9301889419773215,2114,1188192,1692381
474000,0.0026919582008178102,0.020784313725490194,0.00030099954566106314,0.00021094540768302173,6.735849056603773,5.0,7.397477753213697,signatures/30722b2c2fd9cb373ad391f527e6453d.sig.gz,"GCA_002492145.1 Sutterellaceae bacterium UBA7131, ASM249214v1",30722b2c2fd9cb373ad391f527e6453d,0.18588235294117647,53000,142,82213000,/nfs3_ib/nfs-ip34/home/def-ilafores/analysis/MethodsComparison/Feces_RA/preproc/SRR5091538/SRR5091538_unmatched_2.fastq,SRR5091538,83d461fe484591226636233d063bf01b,176080000,31,DNA,1000,176080,true,0.8262262290707624,0.947168044576642,0.8866971368237022,0.947168044576642,357,1188549,1692381
454000,0.002578373466606088,0.014436424208772903,0.00029532030895047703,0.00018021946594767963,5.865384615384615,2.5,8.604624977645287,signatures/ae3113259fd1a32557f288c504d24250.sig.gz,"GCF_014297245.1 Blautia sp. M29 strain=M29, ASM1429724v1",ae3113259fd1a32557f288c504d24250,0.1260410882842865,52000,143,82161000,/nfs3_ib/nfs-ip34/home/def-ilafores/analysis/MethodsComparison/Feces_RA/preproc/SRR5091538/SRR5091538_unmatched_2.fastq,SRR5091538,83d461fe484591226636233d063bf01b,176080000,31,DNA,1000,176080,true,0.825078036818829,0.9353717790065962,0.8802249079127126,0.9353717790065962,305,1188854,1692381
51000,0.000289641072239891,0.0245074483421432,0.000289641072239891,0.035958805966268825,1193.2549019607843,1300.0,475.67858002602844,signatures/e22f91ed3d2a94bcc86d07e301c72078.sig.gz,GCA_029553845.1 bacterium ASM2955384v1,e22f91ed3d2a94bcc86d07e301c72078,0.0245074483421432,51000,144,82110000,/nfs3_ib/nfs-ip34/home/def-ilafores/analysis/MethodsComparison/Feces_RA/preproc/SRR5091538/SRR5091538_unmatched_2.fastq,SRR5091538,83d461fe484591226636233d063bf01b,176080000,31,DNA,1000,176080,true,0.7688939723880399,0.8872415544921126,0.8280677634400763,0.8872415544921126,60856,1249710,1692381
445000,0.0025272603362108135,0.010557432432432432,0.00028396183552930487,0.00033384917462439014,11.3,1.0,26.886613769680995,signatures/02081adae2cbefe2ee8ca3ea6ec78648.sig.gz,GCF_025151045.1 Parabacteroides johnsonii DSM 18315 strain=DSM 18315 ASM2515104v1,02081adae2cbefe2ee8ca3ea6ec78648,0.09396114864864864,50000,145,82060000,/nfs3_ib/nfs-ip34/home/def-ilafores/analysis/MethodsComparison/Feces_RA/preproc/SRR5091538/SRR5091538_unmatched_2.fastq,SRR5091538,83d461fe484591226636233d063bf01b,176080000,31,DNA,1000,176080,true,0.8245452905613865,0.9265509390719949,0.8755481148166907,0.9265509390719949,565,1250275,1692381
110000,0.0006247160381644707,0.015028554253080854,0.00028396183552930487,0.000046088912603013155,1.56,1.0,2.523172606065626,signatures/a0e45b07597836dbbf25c50a48739743.sig.gz,"GCA_020687125.1 Oscillospiraceae bacterium CLA-AA-H269 strain=CLA-AA-H269, ASM2068712v1",a0e45b07597836dbbf25c50a48739743,0.03306281935677788,50000,146,82010000,/nfs3_ib/nfs-ip34/home/def-ilafores/analysis/MethodsComparison/Feces_RA/preproc/SRR5091538/SRR5091538_unmatched_2.fastq,SRR5091538,83d461fe484591226636233d063bf01b,176080000,31,DNA,1000,176080,true,0.7881972664877381,0.8958530373006839,0.842025151894211,0.8958530373006839,78,1250353,1692381
276000,0.0015674693321217628,0.007560864962951761,0.00028396183552930487,0.00025644343679112445,8.68,8.5,5.917567067638523,signatures/853e9a59589712e17ad2229ad2b25a87.sig.gz,"GCF_000969825.1 Parabacteroides gordonii MS-1 = DSM 23371 strain=MS-1, Para_gord_MS-1_V1",853e9a59589712e17ad2229ad2b25a87,0.041735974595493726,50000,147,81960000,/nfs3_ib/nfs-ip34/home/def-ilafores/analysis/MethodsComparison/Feces_RA/preproc/SRR5091538/SRR5091538_unmatched_2.fastq,SRR5091538,83d461fe484591226636233d063bf01b,176080000,31,DNA,1000,176080,true,0.8119374064576959,0.9026104154034134,0.8572739109305546,0.9026104154034134,434,1250787,1692381
305000,0.0017321671967287598,0.011213276519398968,0.00028396183552930487,0.00013826673780903946,4.68,4.0,3.1140969798643074,signatures/f7347599a07be833b3456df66322e0b2.sig.gz,"GCA_019415335.1 Citrobacter sp., ASM1941533v1",f7347599a07be833b3456df66322e0b2,0.06840098676833371,50000,148,81910000,/nfs3_ib/nfs-ip34/home/def-ilafores/analysis/MethodsComparison/Feces_RA/preproc/SRR5091538/SRR5091538_unmatched_2.fastq,SRR5091538,83d461fe484591226636233d063bf01b,176080000,31,DNA,1000,176080,true,0.8145584474521826,0.9171098685199025,0.8658341579860426,0.9171098685199025,234,1251021,1692381
