Taxon	coef	adj.p	taxRank	database	dataset	DAA_tool
Agathobaculum	0.002691203371325459	0.847726514393181	Genus	MPA_db2019	NAFLD	ZicoSeq
Akkermansia	-0.03335987233524614	0.5831960993251316	Genus	MPA_db2019	NAFLD	ZicoSeq
Alistipes	-0.0704429278407887	0.07645145145145145	Genus	MPA_db2019	NAFLD	ZicoSeq
Anaerostipes	0.052839028613385304	0.575968825968826	Genus	MPA_db2019	NAFLD	ZicoSeq
Bacteroides	-0.27584011573174494	0.006006006006006006	Genus	MPA_db2019	NAFLD	ZicoSeq
Barnesiella	-0.04021792800486118	0.18458458458458457	Genus	MPA_db2019	NAFLD	ZicoSeq
Bifidobacterium	0.13667123105762652	0.230980980980981	Genus	MPA_db2019	NAFLD	ZicoSeq
Blautia	0.07344643239069691	0.5831960993251316	Genus	MPA_db2019	NAFLD	ZicoSeq
Catenibacterium	0.0041903291988682895	0.9710873664362036	Genus	MPA_db2019	NAFLD	ZicoSeq
Clostridium	-0.015235403975276045	0.49334519704890073	Genus	MPA_db2019	NAFLD	ZicoSeq
Collinsella	0.05585123761726541	0.4565765765765766	Genus	MPA_db2019	NAFLD	ZicoSeq
Coprobacillus	-0.017448110678717328	0.3158873158873159	Genus	MPA_db2019	NAFLD	ZicoSeq
Coprococcus	0.025587342479496476	0.916001716001716	Genus	MPA_db2019	NAFLD	ZicoSeq
Dialister	0.001166778299331381	0.9710873664362036	Genus	MPA_db2019	NAFLD	ZicoSeq
Dorea	0.062465071287964975	0.230980980980981	Genus	MPA_db2019	NAFLD	ZicoSeq
Eggerthella	-0.006665389008609652	0.44612794612794615	Genus	MPA_db2019	NAFLD	ZicoSeq
Erysipelatoclostridium	0.003979305377194918	0.9710873664362036	Genus	MPA_db2019	NAFLD	ZicoSeq
Escherichia	-0.012602969493447882	0.46808346808346807	Genus	MPA_db2019	NAFLD	ZicoSeq
Eubacterium	-0.004007827251592052	0.6247184684684685	Genus	MPA_db2019	NAFLD	ZicoSeq
Faecalibacterium	-0.06899463984350944	0.1478978978978979	Genus	MPA_db2019	NAFLD	ZicoSeq
Firmicutes unclassified	-0.031243293099549367	0.14899514899514898	Genus	MPA_db2019	NAFLD	ZicoSeq
Flavonifractor	-0.04337903582318419	0.06956956956956957	Genus	MPA_db2019	NAFLD	ZicoSeq
Fusicatenibacter	0.12937655665715095	0.031031031031031032	Genus	MPA_db2019	NAFLD	ZicoSeq
Gemmiger	0.008914534724124292	0.9710873664362036	Genus	MPA_db2019	NAFLD	ZicoSeq
Holdemanella	0.02225929209337382	0.4560212386299343	Genus	MPA_db2019	NAFLD	ZicoSeq
Intestinibacter	0.02754537371467158	0.4565765765765766	Genus	MPA_db2019	NAFLD	ZicoSeq
Lachnoclostridium	-0.02840893935134582	0.13440713440713442	Genus	MPA_db2019	NAFLD	ZicoSeq
Lachnospira	0.0027027207372322597	0.9710873664362036	Genus	MPA_db2019	NAFLD	ZicoSeq
Lachnospiraceae unclassified	0.10785702661526972	0.230980980980981	Genus	MPA_db2019	NAFLD	ZicoSeq
Lactobacillus	0.0651276241453661	0.230980980980981	Genus	MPA_db2019	NAFLD	ZicoSeq
Megasphaera	-0.0011150742608545129	0.9002237531649296	Genus	MPA_db2019	NAFLD	ZicoSeq
Monoglobus	-0.043497076571800894	0.2149024024024024	Genus	MPA_db2019	NAFLD	ZicoSeq
Odoribacter	-0.030722442584241793	0.06956956956956957	Genus	MPA_db2019	NAFLD	ZicoSeq
Oscillibacter	-0.03982961515200711	0.15322465322465323	Genus	MPA_db2019	NAFLD	ZicoSeq
Parabacteroides	-0.08953660632795832	0.0343677010343677	Genus	MPA_db2019	NAFLD	ZicoSeq
Phascolarctobacterium	-0.04373747364551942	0.08441775108441775	Genus	MPA_db2019	NAFLD	ZicoSeq
Prevotella	-0.21057369661150827	0.08528528528528528	Genus	MPA_db2019	NAFLD	ZicoSeq
Roseburia	0.03264525520483274	0.9488407326245163	Genus	MPA_db2019	NAFLD	ZicoSeq
Ruminococcaceae unclassified	0.009010999348796105	0.9710873664362036	Genus	MPA_db2019	NAFLD	ZicoSeq
Ruminococcus	0.06794291934417712	0.5831960993251316	Genus	MPA_db2019	NAFLD	ZicoSeq
Ruthenibacterium	-0.03391512342732055	0.07645145145145145	Genus	MPA_db2019	NAFLD	ZicoSeq
Streptococcus	0.05591991314309483	0.03953953953953954	Genus	MPA_db2019	NAFLD	ZicoSeq
Turicibacter	0.007325481722204831	0.9488407326245163	Genus	MPA_db2019	NAFLD	ZicoSeq
Agathobaculum	-5.086753919116612e-5	0.7483483483483483	Genus	MPA_db2022	NAFLD	ZicoSeq
Akkermansia	-0.037758873050407954	0.5198323323323323	Genus	MPA_db2022	NAFLD	ZicoSeq
Alistipes	-0.07860664854480445	0.053753753753753755	Genus	MPA_db2022	NAFLD	ZicoSeq
Anaerobutyricum	0.06352292302939448	0.0858983983983984	Genus	MPA_db2022	NAFLD	ZicoSeq
Anaerostipes	0.04782130250139023	0.5198323323323323	Genus	MPA_db2022	NAFLD	ZicoSeq
Anaerotignum	-0.006967853894547841	0.7483483483483483	Genus	MPA_db2022	NAFLD	ZicoSeq
Bacteroides	-0.1793486796499202	0.031031031031031032	Genus	MPA_db2022	NAFLD	ZicoSeq
Barnesiella	-0.03194190872732463	0.1653737070403737	Genus	MPA_db2022	NAFLD	ZicoSeq
Bifidobacterium	0.10091573626673352	0.1970816970816971	Genus	MPA_db2022	NAFLD	ZicoSeq
Blautia	0.12773203382101875	0.08649826296885121	Genus	MPA_db2022	NAFLD	ZicoSeq
Butyricimonas	-0.016682106296156872	0.3757007007007007	Genus	MPA_db2022	NAFLD	ZicoSeq
Catenibacterium	0.017771113986130505	0.8821590821590821	Genus	MPA_db2022	NAFLD	ZicoSeq
Cibionibacter	-0.006180004201717937	0.7483483483483483	Genus	MPA_db2022	NAFLD	ZicoSeq
Clostridia unclassified	-0.009779535843479495	0.5093957593957593	Genus	MPA_db2022	NAFLD	ZicoSeq
Clostridiaceae unclassified	-0.027396711361824238	0.31237487487487486	Genus	MPA_db2022	NAFLD	ZicoSeq
Clostridium	-0.041179248315632105	0.0858983983983984	Genus	MPA_db2022	NAFLD	ZicoSeq
Collinsella	0.04828528250671785	0.5637269922984208	Genus	MPA_db2022	NAFLD	ZicoSeq
Coprococcus	0.010748932665785329	0.9268141380817437	Genus	MPA_db2022	NAFLD	ZicoSeq
Corynebacterium	-0.019079187159067472	0.3558821979874612	Genus	MPA_db2022	NAFLD	ZicoSeq
Desulfovibrio	-0.02133073927887399	0.3558821979874612	Genus	MPA_db2022	NAFLD	ZicoSeq
Dialister	-0.0011405428036461312	0.9268141380817437	Genus	MPA_db2022	NAFLD	ZicoSeq
Dorea	0.05204637418472072	0.20001482964445927	Genus	MPA_db2022	NAFLD	ZicoSeq
Dysosmobacter	-0.047946280387430075	0.001001001001001001	Genus	MPA_db2022	NAFLD	ZicoSeq
Erysipelatoclostridium	0.005909315149808174	0.8122090344312566	Genus	MPA_db2022	NAFLD	ZicoSeq
Escherichia	-0.012572899294649782	0.3968358602504944	Genus	MPA_db2022	NAFLD	ZicoSeq
Eubacteriales unclassified	0.03470884056978859	0.1970816970816971	Genus	MPA_db2022	NAFLD	ZicoSeq
Eubacterium	0.009811292559988725	0.9674396618841062	Genus	MPA_db2022	NAFLD	ZicoSeq
Evtepia	-0.009343807510895459	0.3456397574044633	Genus	MPA_db2022	NAFLD	ZicoSeq
Faecalibacillus	0.03557996549185043	0.3034367701034368	Genus	MPA_db2022	NAFLD	ZicoSeq
Faecalibacterium	-0.08562489927950923	0.07507507507507508	Genus	MPA_db2022	NAFLD	ZicoSeq
Faecalicatena	0.008909778597958672	0.6804304304304304	Genus	MPA_db2022	NAFLD	ZicoSeq
Firmicutes unclassified	0.015758255341564015	0.6407862407862408	Genus	MPA_db2022	NAFLD	ZicoSeq
Flavonifractor	-0.03600819645503114	0.05121788455121789	Genus	MPA_db2022	NAFLD	ZicoSeq
Fusicatenibacter	0.08905744676372705	0.031031031031031032	Genus	MPA_db2022	NAFLD	ZicoSeq
GGB3256	0.015343464485215482	0.8122090344312566	Genus	MPA_db2022	NAFLD	ZicoSeq
GGB3277	-0.061791026230513364	0.11373278039944708	Genus	MPA_db2022	NAFLD	ZicoSeq
GGB3278	-0.014608672892318817	0.6332628925221518	Genus	MPA_db2022	NAFLD	ZicoSeq
GGB3280	-0.021523373446961997	0.3640050306716973	Genus	MPA_db2022	NAFLD	ZicoSeq
GGB3304	-0.0031836328934231354	0.9268141380817437	Genus	MPA_db2022	NAFLD	ZicoSeq
GGB3746	-0.015037219530207499	0.3138593138593138	Genus	MPA_db2022	NAFLD	ZicoSeq
GGB4567	0.01999259837532948	0.5055753427846451	Genus	MPA_db2022	NAFLD	ZicoSeq
GGB51647	-0.012506796662224578	0.8866138866138866	Genus	MPA_db2022	NAFLD	ZicoSeq
GGB79916	-0.03481598627885794	0.30901869611547034	Genus	MPA_db2022	NAFLD	ZicoSeq
GGB80011	-0.01816053977888121	0.5198323323323323	Genus	MPA_db2022	NAFLD	ZicoSeq
GGB9699	-0.04051747382303503	0.053753753753753755	Genus	MPA_db2022	NAFLD	ZicoSeq
GGB9708	-0.0058812793930168045	0.7483483483483483	Genus	MPA_db2022	NAFLD	ZicoSeq
GGB9719	-0.01642552272192521	0.3463463463463463	Genus	MPA_db2022	NAFLD	ZicoSeq
Gemmiger	-0.006021863294931502	0.5744205744205744	Genus	MPA_db2022	NAFLD	ZicoSeq
Holdemanella	0.02685162592344478	0.5198323323323323	Genus	MPA_db2022	NAFLD	ZicoSeq
Hungatella	-0.030798014941292473	0.28456042249145697	Genus	MPA_db2022	NAFLD	ZicoSeq
Intestinibacter	0.016406864674766784	0.5744205744205744	Genus	MPA_db2022	NAFLD	ZicoSeq
Lachnoclostridium	-0.021884712095973882	0.11373278039944708	Genus	MPA_db2022	NAFLD	ZicoSeq
Lachnospira	-0.014918104881139205	0.5990141084480707	Genus	MPA_db2022	NAFLD	ZicoSeq
Lachnospiraceae unclassified	0.05995153985706153	0.5711711711711712	Genus	MPA_db2022	NAFLD	ZicoSeq
Lacrimispora	0.012750294856501207	0.8251845595595596	Genus	MPA_db2022	NAFLD	ZicoSeq
Ligilactobacillus	0.03917576718356438	0.3558821979874612	Genus	MPA_db2022	NAFLD	ZicoSeq
Mediterraneibacter	0.02943354177304968	0.9251898957781312	Genus	MPA_db2022	NAFLD	ZicoSeq
Megasphaera	0.00447871917469843	0.974618454070509	Genus	MPA_db2022	NAFLD	ZicoSeq
Monoglobus	-0.03539078178849222	0.15019565019565018	Genus	MPA_db2022	NAFLD	ZicoSeq
Odoribacter	-0.02748336270779695	0.0627293960627294	Genus	MPA_db2022	NAFLD	ZicoSeq
Oscillibacter	-0.03627533237847633	0.21721721721721723	Genus	MPA_db2022	NAFLD	ZicoSeq
Oscillospiraceae unclassified	3.062116029124913e-4	0.8122090344312566	Genus	MPA_db2022	NAFLD	ZicoSeq
Parabacteroides	-0.07338678830706273	0.031031031031031032	Genus	MPA_db2022	NAFLD	ZicoSeq
Phascolarctobacterium	-0.05203891812858052	0.053753753753753755	Genus	MPA_db2022	NAFLD	ZicoSeq
Phocaeicola	-0.14065408969319868	0.0075075075075075074	Genus	MPA_db2022	NAFLD	ZicoSeq
Prevotella	-0.1858001193304771	0.09014277435330066	Genus	MPA_db2022	NAFLD	ZicoSeq
Romboutsia	0.04678737605838995	0.0893115337559782	Genus	MPA_db2022	NAFLD	ZicoSeq
Roseburia	0.00458803173469648	0.9251898957781312	Genus	MPA_db2022	NAFLD	ZicoSeq
Ruminococcus	0.056445873372178754	0.48283998283998286	Genus	MPA_db2022	NAFLD	ZicoSeq
Ruthenibacterium	-0.02893879323899344	0.05924105924105924	Genus	MPA_db2022	NAFLD	ZicoSeq
Streptococcus	0.030265955013057316	0.1653737070403737	Genus	MPA_db2022	NAFLD	ZicoSeq
Sutterella	-0.03303835121255319	0.053753753753753755	Genus	MPA_db2022	NAFLD	ZicoSeq
Vescimonas	-0.034769675244784436	0.0858983983983984	Genus	MPA_db2022	NAFLD	ZicoSeq
Agathobaculum	-0.0028148169596993824	0.44523593360802666	Genus	MPA_db2023	NAFLD	ZicoSeq
Akkermansia	-0.03930231837844169	0.5157430157430157	Genus	MPA_db2023	NAFLD	ZicoSeq
Alistipes	-0.07850483786538635	0.037704371037704375	Genus	MPA_db2023	NAFLD	ZicoSeq
Anaerobutyricum	0.06483072336812823	0.07344186291554713	Genus	MPA_db2023	NAFLD	ZicoSeq
Anaerostipes	0.049438092824474734	0.6757402563854177	Genus	MPA_db2023	NAFLD	ZicoSeq
Anaerotignum	-0.011590378816874905	0.5477518334661192	Genus	MPA_db2023	NAFLD	ZicoSeq
Bacteroides	-0.18173392568748384	0.022022022022022022	Genus	MPA_db2023	NAFLD	ZicoSeq
Barnesiella	-0.03156004215548285	0.12553294034775517	Genus	MPA_db2023	NAFLD	ZicoSeq
Bifidobacterium	0.10447014539111839	0.35048562075589107	Genus	MPA_db2023	NAFLD	ZicoSeq
Blautia	0.13049236915180407	0.06812367923479035	Genus	MPA_db2023	NAFLD	ZicoSeq
Brotolimicola	-0.018719314653988378	0.09838409838409838	Genus	MPA_db2023	NAFLD	ZicoSeq
Catenibacterium	-0.013187017845582879	0.6757402563854177	Genus	MPA_db2023	NAFLD	ZicoSeq
Cibionibacter	-0.006887507298249719	0.6122348763858197	Genus	MPA_db2023	NAFLD	ZicoSeq
Clostridia unclassified	-0.009997182402631189	0.5166722277833389	Genus	MPA_db2023	NAFLD	ZicoSeq
Clostridiaceae unclassified	-0.004906292243366618	0.5477518334661192	Genus	MPA_db2023	NAFLD	ZicoSeq
Clostridium	-0.03340075136456037	0.037704371037704375	Genus	MPA_db2023	NAFLD	ZicoSeq
Collinsella	-1.2725057191148776e-4	0.7061436436436437	Genus	MPA_db2023	NAFLD	ZicoSeq
Coprococcus	0.011145133614948793	0.8314171314171315	Genus	MPA_db2023	NAFLD	ZicoSeq
Dialister	-6.271409255543929e-4	0.8314171314171315	Genus	MPA_db2023	NAFLD	ZicoSeq
Dorea	0.05258977631194635	0.3767613767613768	Genus	MPA_db2023	NAFLD	ZicoSeq
Dysosmobacter	-0.036627059692005054	0.003003003003003003	Genus	MPA_db2023	NAFLD	ZicoSeq
Enterocloster	-0.03415494050517642	0.119994994994995	Genus	MPA_db2023	NAFLD	ZicoSeq
Erysipelatoclostridium	7.565497920927659e-4	0.7534101265444549	Genus	MPA_db2023	NAFLD	ZicoSeq
Eubacteriales unclassified	0.03975944079758746	0.3427316205093983	Genus	MPA_db2023	NAFLD	ZicoSeq
Eubacterium	0.022106352244934537	0.7534101265444549	Genus	MPA_db2023	NAFLD	ZicoSeq
Evtepia	-0.009890540274135834	0.19991419991419992	Genus	MPA_db2023	NAFLD	ZicoSeq
Faecalibacillus	0.031491958652451434	0.5477518334661192	Genus	MPA_db2023	NAFLD	ZicoSeq
Faecalibacterium	-0.0873357227041809	0.04150304150304151	Genus	MPA_db2023	NAFLD	ZicoSeq
Faecalicatena	0.008893673180289514	0.8314171314171315	Genus	MPA_db2023	NAFLD	ZicoSeq
Flavonifractor	-0.03633436069767344	0.05418752085418752	Genus	MPA_db2023	NAFLD	ZicoSeq
Fusicatenibacter	0.08931843909080915	0.037704371037704375	Genus	MPA_db2023	NAFLD	ZicoSeq
GGB3109	9.776498618933936e-4	0.6757402563854177	Genus	MPA_db2023	NAFLD	ZicoSeq
GGB3256	0.015212642314960279	0.8800980467647134	Genus	MPA_db2023	NAFLD	ZicoSeq
GGB3277	-0.06311342563189208	0.11001911001911001	Genus	MPA_db2023	NAFLD	ZicoSeq
GGB3278	-0.014856109997729156	0.6198698698698699	Genus	MPA_db2023	NAFLD	ZicoSeq
GGB3280	-0.021318716550307402	0.3767613767613768	Genus	MPA_db2023	NAFLD	ZicoSeq
GGB3304	-0.003941184692637716	0.8325931565368185	Genus	MPA_db2023	NAFLD	ZicoSeq
GGB3345	0.027225207149688124	0.3192547386095773	Genus	MPA_db2023	NAFLD	ZicoSeq
GGB33469	-0.011284507726734075	0.5478419596066655	Genus	MPA_db2023	NAFLD	ZicoSeq
GGB3740	-0.01733602356102884	0.39818389818389816	Genus	MPA_db2023	NAFLD	ZicoSeq
GGB4552	-0.00999324678038068	0.7534101265444549	Genus	MPA_db2023	NAFLD	ZicoSeq
GGB4564	-0.01442337867040307	0.6357936884252674	Genus	MPA_db2023	NAFLD	ZicoSeq
GGB4567	0.02006283769527995	0.5497420497420498	Genus	MPA_db2023	NAFLD	ZicoSeq
GGB4683	0.006294921748106903	0.8800980467647134	Genus	MPA_db2023	NAFLD	ZicoSeq
GGB51647	-0.011358884924606714	0.8501418084751419	Genus	MPA_db2023	NAFLD	ZicoSeq
GGB9699	-0.04089342088226639	0.037704371037704375	Genus	MPA_db2023	NAFLD	ZicoSeq
GGB9708	-0.006135266460289281	0.6757402563854177	Genus	MPA_db2023	NAFLD	ZicoSeq
GGB9715	-0.023112289244762257	0.3427316205093983	Genus	MPA_db2023	NAFLD	ZicoSeq
GGB9719	-0.01740866909170791	0.3427316205093983	Genus	MPA_db2023	NAFLD	ZicoSeq
Gemmiger	-0.005619353706326575	0.3427316205093983	Genus	MPA_db2023	NAFLD	ZicoSeq
Holdemanella	0.027071255308181923	0.6178178178178179	Genus	MPA_db2023	NAFLD	ZicoSeq
Hungatella	-0.03089803525131139	0.2981981981981982	Genus	MPA_db2023	NAFLD	ZicoSeq
Intestinibacter	0.016519488540774556	0.6757402563854177	Genus	MPA_db2023	NAFLD	ZicoSeq
Lachnoclostridium	-0.024684697307874242	0.06118618618618619	Genus	MPA_db2023	NAFLD	ZicoSeq
Lachnospira	-0.02433668296001937	0.2981981981981982	Genus	MPA_db2023	NAFLD	ZicoSeq
Lachnospiraceae unclassified	0.061864596232577083	0.8612033085717296	Genus	MPA_db2023	NAFLD	ZicoSeq
Lacrimispora	-0.004267581722910895	0.5478419596066655	Genus	MPA_db2023	NAFLD	ZicoSeq
Ligilactobacillus	0.041302202229471965	0.39818389818389816	Genus	MPA_db2023	NAFLD	ZicoSeq
Mediterraneibacter	0.030503467108593068	0.8612033085717296	Genus	MPA_db2023	NAFLD	ZicoSeq
Megasphaera	0.005881331946754191	0.9532950672191179	Genus	MPA_db2023	NAFLD	ZicoSeq
Monoglobus	-0.03630127197866142	0.12553294034775517	Genus	MPA_db2023	NAFLD	ZicoSeq
Odoribacter	-0.027491043230897717	0.04045712379045712	Genus	MPA_db2023	NAFLD	ZicoSeq
Oliverpabstia	0.02881919183862343	0.3838088088088088	Genus	MPA_db2023	NAFLD	ZicoSeq
Oscillibacter	-0.04985661525294542	0.05418752085418752	Genus	MPA_db2023	NAFLD	ZicoSeq
Oscillospiraceae unclassified	0.026767575715323722	0.8612033085717296	Genus	MPA_db2023	NAFLD	ZicoSeq
Parabacteroides	-0.0743872983365756	0.022022022022022022	Genus	MPA_db2023	NAFLD	ZicoSeq
Phascolarctobacterium	-0.052431375465663316	0.03803803803803804	Genus	MPA_db2023	NAFLD	ZicoSeq
Phocaeicola	-0.14922400387726403	0.0055055055055055055	Genus	MPA_db2023	NAFLD	ZicoSeq
Prevotella	-0.002442445493309369	0.8612033085717296	Genus	MPA_db2023	NAFLD	ZicoSeq
Romboutsia	0.04609271367834553	0.12553294034775517	Genus	MPA_db2023	NAFLD	ZicoSeq
Roseburia	0.005892883446594075	0.7061436436436437	Genus	MPA_db2023	NAFLD	ZicoSeq
Ruminococcus	0.059780035705443144	0.5376681028854942	Genus	MPA_db2023	NAFLD	ZicoSeq
Ruthenibacterium	-0.02984613888439468	0.037704371037704375	Genus	MPA_db2023	NAFLD	ZicoSeq
Segatella	-0.18995626333901522	0.07362362362362362	Genus	MPA_db2023	NAFLD	ZicoSeq
Streptococcus	0.038346353965708686	0.11476694085389738	Genus	MPA_db2023	NAFLD	ZicoSeq
Sutterella	-0.03227293713178009	0.03803803803803804	Genus	MPA_db2023	NAFLD	ZicoSeq
Tyzzerella	-0.03321206770564053	0.3427316205093983	Genus	MPA_db2023	NAFLD	ZicoSeq
Vescimonas	-0.03420747110549224	0.06812367923479035	Genus	MPA_db2023	NAFLD	ZicoSeq
Wujia	-0.0151989937268507	0.6139472806139473	Genus	MPA_db2023	NAFLD	ZicoSeq
Agathobaculum	-0.00303413334270494	0.6881654381654382	Genus	SM_genbank-2022.03	NAFLD	ZicoSeq
Akkermansia	-0.03606908905903805	0.5975260975260975	Genus	SM_genbank-2022.03	NAFLD	ZicoSeq
Alistipes	-0.06989610116822748	0.09816959816959817	Genus	SM_genbank-2022.03	NAFLD	ZicoSeq
Anaerobutyricum	0.05841726502851082	0.088781088781088785	Genus	SM_genbank-2022.03	NAFLD	ZicoSeq
Anaerostipes	0.03578852724940107	0.5393551446183026	Genus	SM_genbank-2022.03	NAFLD	ZicoSeq
Bacteroides	-0.2002527085998323	0.04704704704704705	Genus	SM_genbank-2022.03	NAFLD	ZicoSeq
Barnesiella	-0.024724544549294184	0.2480814147480814	Genus	SM_genbank-2022.03	NAFLD	ZicoSeq
Bifidobacterium	0.1095251127526785	0.08095595595595595	Genus	SM_genbank-2022.03	NAFLD	ZicoSeq
Blautia	0.16442633108727966	0.04704704704704705	Genus	SM_genbank-2022.03	NAFLD	ZicoSeq
Butyricicoccus	0.0050155569274827104	0.8671937243365815	Genus	SM_genbank-2022.03	NAFLD	ZicoSeq
Catenibacterium	-0.016642487838848596	0.5461961961961962	Genus	SM_genbank-2022.03	NAFLD	ZicoSeq
Clostridium	-0.03935661441058238	0.10645940057704764	Genus	SM_genbank-2022.03	NAFLD	ZicoSeq
Collinsella	0.05741902443166677	0.088781088781088785	Genus	SM_genbank-2022.03	NAFLD	ZicoSeq
Coprobacillus	-0.01561839959394448	0.41675008341675013	Genus	SM_genbank-2022.03	NAFLD	ZicoSeq
Coprococcus	0.02980829284954854	0.3716657834304893	Genus	SM_genbank-2022.03	NAFLD	ZicoSeq
Dialister	0.012198452893152936	0.7799321060190626	Genus	SM_genbank-2022.03	NAFLD	ZicoSeq
Dorea	0.03515352832802034	0.10417083750417083	Genus	SM_genbank-2022.03	NAFLD	ZicoSeq
Dysosmobacter	-0.020834617649707537	0.10645940057704764	Genus	SM_genbank-2022.03	NAFLD	ZicoSeq
Eggerthella	6.295773378190522e-4	0.8987387387387388	Genus	SM_genbank-2022.03	NAFLD	ZicoSeq
Enterocloster	-0.022951518748654715	0.10778960778960779	Genus	SM_genbank-2022.03	NAFLD	ZicoSeq
Erysipelatoclostridium	-0.0028943738081490004	0.6902013124235347	Genus	SM_genbank-2022.03	NAFLD	ZicoSeq
Escherichia	-0.011101717357389195	0.5949119851558876	Genus	SM_genbank-2022.03	NAFLD	ZicoSeq
Eubacterium	-0.007575845128416448	0.7976061167550529	Genus	SM_genbank-2022.03	NAFLD	ZicoSeq
Faecalibacterium	-0.05451027017744442	0.2480814147480814	Genus	SM_genbank-2022.03	NAFLD	ZicoSeq
Faecalicatena	0.013721048717104925	0.3809237809237809	Genus	SM_genbank-2022.03	NAFLD	ZicoSeq
Flavonifractor	-0.03814391774418793	0.088781088781088785	Genus	SM_genbank-2022.03	NAFLD	ZicoSeq
Fusicatenibacter	0.06002795357438881	0.04704704704704705	Genus	SM_genbank-2022.03	NAFLD	ZicoSeq
Gemmiger	0.004843586680425755	0.9327440648195365	Genus	SM_genbank-2022.03	NAFLD	ZicoSeq
Holdemanella	0.01541480459664397	0.4700376051727403	Genus	SM_genbank-2022.03	NAFLD	ZicoSeq
Hungatella	-0.04105097499824006	0.20403737070403738	Genus	SM_genbank-2022.03	NAFLD	ZicoSeq
Intestinibacter	0.024447094288520793	0.306493993993994	Genus	SM_genbank-2022.03	NAFLD	ZicoSeq
Lachnoclostridium	0.0074145643379872365	0.861549049049049	Genus	SM_genbank-2022.03	NAFLD	ZicoSeq
Lachnospira	0.003587824444771959	0.9327440648195365	Genus	SM_genbank-2022.03	NAFLD	ZicoSeq
Lacrimispora	0.030338493755333772	0.11071941506724114	Genus	SM_genbank-2022.03	NAFLD	ZicoSeq
Ligilactobacillus	0.03725013939073258	0.23875727579431286	Genus	SM_genbank-2022.03	NAFLD	ZicoSeq
Mediterraneibacter	0.07965044548787753	0.10778960778960779	Genus	SM_genbank-2022.03	NAFLD	ZicoSeq
Megasphaera	0.0058924540187659654	0.9399028658287918	Genus	SM_genbank-2022.03	NAFLD	ZicoSeq
Monoglobus	-0.01924720387407756	0.29200167909845326	Genus	SM_genbank-2022.03	NAFLD	ZicoSeq
Odoribacter	-0.03524975015876908	0.07307307307307308	Genus	SM_genbank-2022.03	NAFLD	ZicoSeq
Oscillibacter	-0.03772208453145002	0.10778960778960779	Genus	SM_genbank-2022.03	NAFLD	ZicoSeq
Parabacteroides	-0.08445484390587157	0.04704704704704705	Genus	SM_genbank-2022.03	NAFLD	ZicoSeq
Phascolarctobacterium	-0.03976404390049831	0.07307307307307308	Genus	SM_genbank-2022.03	NAFLD	ZicoSeq
Phocaeicola	-0.14713628687377076	0.04704704704704705	Genus	SM_genbank-2022.03	NAFLD	ZicoSeq
Prevotella	-0.177550833603485	0.10778960778960779	Genus	SM_genbank-2022.03	NAFLD	ZicoSeq
Pseudomonas	0.021430512639364307	0.2083683683683684	Genus	SM_genbank-2022.03	NAFLD	ZicoSeq
Romboutsia	0.017883556498197634	0.10778960778960779	Genus	SM_genbank-2022.03	NAFLD	ZicoSeq
Roseburia	0.03644824280083003	0.5461961961961962	Genus	SM_genbank-2022.03	NAFLD	ZicoSeq
Ruminococcus	0.06102184048748757	0.2480814147480814	Genus	SM_genbank-2022.03	NAFLD	ZicoSeq
Ruthenibacterium	-0.0349952773368408	0.088781088781088785	Genus	SM_genbank-2022.03	NAFLD	ZicoSeq
Solobacterium	0.016880011321401357	0.32183698850365516	Genus	SM_genbank-2022.03	NAFLD	ZicoSeq
Streptococcus	0.0363736210186557	0.08831053275497719	Genus	SM_genbank-2022.03	NAFLD	ZicoSeq
Subdoligranulum	0.020095970942475477	0.6524431408152339	Genus	SM_genbank-2022.03	NAFLD	ZicoSeq
Turicibacter	0.0033982811707734236	0.9099884197923412	Genus	SM_genbank-2022.03	NAFLD	ZicoSeq
Tyzzerella	-0.03316912785874584	0.2195272195272195	Genus	SM_genbank-2022.03	NAFLD	ZicoSeq
Acetatifactor	-0.029612973962290318	0.17117117117117117	Genus	SM_gtdb-rs214-full	NAFLD	ZicoSeq
Agathobacter	0.05283850692256598	0.6268042235784171	Genus	SM_gtdb-rs214-full	NAFLD	ZicoSeq
Agathobaculum	-0.002154522875499919	0.47916434953471987	Genus	SM_gtdb-rs214-full	NAFLD	ZicoSeq
Akkermansia	-0.03474226367726663	0.5051658801658802	Genus	SM_gtdb-rs214-full	NAFLD	ZicoSeq
Alistipes	-0.07215775557474964	0.05174405174405175	Genus	SM_gtdb-rs214-full	NAFLD	ZicoSeq
Anaerobutyricum	0.0696390077348803	0.022737022737022737	Genus	SM_gtdb-rs214-full	NAFLD	ZicoSeq
Anaerostipes	0.04831091029256919	0.40787726502012217	Genus	SM_gtdb-rs214-full	NAFLD	ZicoSeq
Anaerotignum	-0.013256620190521196	0.4414225546301018	Genus	SM_gtdb-rs214-full	NAFLD	ZicoSeq
Bacteroides	-0.20023182851290552	0.022522522522522525	Genus	SM_gtdb-rs214-full	NAFLD	ZicoSeq
Bariatricus	0.011873160226838242	0.909458754529177	Genus	SM_gtdb-rs214-full	NAFLD	ZicoSeq
Barnesiella	-0.02909820524826271	0.1746121121121121	Genus	SM_gtdb-rs214-full	NAFLD	ZicoSeq
Bifidobacterium	0.09534714348669841	0.17117117117117117	Genus	SM_gtdb-rs214-full	NAFLD	ZicoSeq
Blautia	0.15114298652347785	0.02972972972972973	Genus	SM_gtdb-rs214-full	NAFLD	ZicoSeq
CAG-103	-0.014364109717985164	0.4225990696578932	Genus	SM_gtdb-rs214-full	NAFLD	ZicoSeq
CAG-170	-0.018823615049707237	0.4414225546301018	Genus	SM_gtdb-rs214-full	NAFLD	ZicoSeq
CAG-177	-0.001523069057788628	0.9183906128350573	Genus	SM_gtdb-rs214-full	NAFLD	ZicoSeq
CAG-217	0.012398117589369763	0.7405739072405739	Genus	SM_gtdb-rs214-full	NAFLD	ZicoSeq
CAG-245	-0.0071361397016579415	0.8178178178178178	Genus	SM_gtdb-rs214-full	NAFLD	ZicoSeq
CAG-269	-0.01955159784603062	0.3678678678678679	Genus	SM_gtdb-rs214-full	NAFLD	ZicoSeq
CAG-302	-0.0014175486627868235	0.9751699751699752	Genus	SM_gtdb-rs214-full	NAFLD	ZicoSeq
CAG-41	0.0224330605136209	0.22971620268917567	Genus	SM_gtdb-rs214-full	NAFLD	ZicoSeq
Catenibacterium	-0.009556094557744027	0.6995902152152152	Genus	SM_gtdb-rs214-full	NAFLD	ZicoSeq
Choladocola	-0.01533550169368433	0.10677344010677343	Genus	SM_gtdb-rs214-full	NAFLD	ZicoSeq
Clostridium	-0.031854536121966225	0.058844558844558845	Genus	SM_gtdb-rs214-full	NAFLD	ZicoSeq
Collinsella	0.04908927439274849	0.186004186004186	Genus	SM_gtdb-rs214-full	NAFLD	ZicoSeq
Coprococcus	0.015377454968518408	0.7977830771948419	Genus	SM_gtdb-rs214-full	NAFLD	ZicoSeq
Copromonas	-0.0229316244049688	0.17117117117117117	Genus	SM_gtdb-rs214-full	NAFLD	ZicoSeq
Dialister	0.007778441843592667	0.9448381715048383	Genus	SM_gtdb-rs214-full	NAFLD	ZicoSeq
Dorea	0.047754416191319655	0.1715853784819302	Genus	SM_gtdb-rs214-full	NAFLD	ZicoSeq
Dysosmobacter	-0.045368783440782906	0.001001001001001001	Genus	SM_gtdb-rs214-full	NAFLD	ZicoSeq
ER4	-0.028596447798731266	0.23718455297402669	Genus	SM_gtdb-rs214-full	NAFLD	ZicoSeq
Eisenbergiella	-0.0014133049695962707	0.6268042235784171	Genus	SM_gtdb-rs214-full	NAFLD	ZicoSeq
Enterocloster	-0.029840320308946296	0.13038038038038038	Genus	SM_gtdb-rs214-full	NAFLD	ZicoSeq
Escherichia	-0.01566243783090753	0.40787726502012217	Genus	SM_gtdb-rs214-full	NAFLD	ZicoSeq
Eubacterium	-0.024527129071187894	0.2618772618772619	Genus	SM_gtdb-rs214-full	NAFLD	ZicoSeq
Evtepia	-0.0015051892217265953	0.6268042235784171	Genus	SM_gtdb-rs214-full	NAFLD	ZicoSeq
Faecalibacillus	0.031646650767607185	0.27845345345345346	Genus	SM_gtdb-rs214-full	NAFLD	ZicoSeq
Faecalibacterium	-0.0628680906843137	0.12565196775723092	Genus	SM_gtdb-rs214-full	NAFLD	ZicoSeq
Faecalimonas	-0.02429666081042384	0.3678678678678679	Genus	SM_gtdb-rs214-full	NAFLD	ZicoSeq
Faecousia	-0.02794227490955197	0.07032032032032032	Genus	SM_gtdb-rs214-full	NAFLD	ZicoSeq
Fimenecus	-0.009680659168640604	0.8178178178178178	Genus	SM_gtdb-rs214-full	NAFLD	ZicoSeq
Flavonifractor	-0.041243083335126454	0.02972972972972973	Genus	SM_gtdb-rs214-full	NAFLD	ZicoSeq
Fusicatenibacter	0.099843881353241	0.010810810810810811	Genus	SM_gtdb-rs214-full	NAFLD	ZicoSeq
Gemmiger	0.005879382039218585	0.6995902152152152	Genus	SM_gtdb-rs214-full	NAFLD	ZicoSeq
Holdemanella	0.02877314480408074	0.40787726502012217	Genus	SM_gtdb-rs214-full	NAFLD	ZicoSeq
Hominisplanchenecus	0.015457344781332859	0.4004004004004004	Genus	SM_gtdb-rs214-full	NAFLD	ZicoSeq
Hungatella	-0.039296627429597476	0.2157157157157157	Genus	SM_gtdb-rs214-full	NAFLD	ZicoSeq
Intestinibacter	0.020334783652158624	0.4977704977704978	Genus	SM_gtdb-rs214-full	NAFLD	ZicoSeq
KLE1615	0.06753987911854879	5.005005005005005e-4	Genus	SM_gtdb-rs214-full	NAFLD	ZicoSeq
Lachnospira	-0.020393707725857607	0.4004004004004004	Genus	SM_gtdb-rs214-full	NAFLD	ZicoSeq
Lawsonibacter	-0.02999623865888229	0.010760760760760761	Genus	SM_gtdb-rs214-full	NAFLD	ZicoSeq
Ligilactobacillus	0.0356291136145241	0.2904123635830953	Genus	SM_gtdb-rs214-full	NAFLD	ZicoSeq
Limivivens	0.014852220969237936	0.4225990696578932	Genus	SM_gtdb-rs214-full	NAFLD	ZicoSeq
Mediterraneibacter	0.04796637585916077	0.2905762905762906	Genus	SM_gtdb-rs214-full	NAFLD	ZicoSeq
Megasphaera	0.0053505265496945195	0.9448381715048383	Genus	SM_gtdb-rs214-full	NAFLD	ZicoSeq
Monoglobus	-0.028424306662678017	0.17117117117117117	Genus	SM_gtdb-rs214-full	NAFLD	ZicoSeq
Odoribacter	-0.030541953666466594	0.04996663329996664	Genus	SM_gtdb-rs214-full	NAFLD	ZicoSeq
Oliverpabstia	0.03510824413298833	0.17117117117117117	Genus	SM_gtdb-rs214-full	NAFLD	ZicoSeq
Parabacteroides	-0.08075720808839046	0.02972972972972973	Genus	SM_gtdb-rs214-full	NAFLD	ZicoSeq
Phascolarctobacterium	-0.04043656524161767	0.04140504140504141	Genus	SM_gtdb-rs214-full	NAFLD	ZicoSeq
Phocaeicola	-0.14788014310775044	0.009676343009676344	Genus	SM_gtdb-rs214-full	NAFLD	ZicoSeq
Prevotella	-0.17664518795265444	0.13408646741980076	Genus	SM_gtdb-rs214-full	NAFLD	ZicoSeq
Pseudomonas	0.019294348905749912	0.2102960102960103	Genus	SM_gtdb-rs214-full	NAFLD	ZicoSeq
RUG115	0.02765840858318569	0.2102960102960103	Genus	SM_gtdb-rs214-full	NAFLD	ZicoSeq
RUG472	-0.007840421012618438	0.1746121121121121	Genus	SM_gtdb-rs214-full	NAFLD	ZicoSeq
Romboutsia	0.041865660602416026	0.17117117117117117	Genus	SM_gtdb-rs214-full	NAFLD	ZicoSeq
Roseburia	0.03152164318005786	0.7410694276365919	Genus	SM_gtdb-rs214-full	NAFLD	ZicoSeq
Ruminiclostridium	0.005463844844733915	0.9750803435013962	Genus	SM_gtdb-rs214-full	NAFLD	ZicoSeq
Ruminococcus	0.049778985542098524	0.6142694418556487	Genus	SM_gtdb-rs214-full	NAFLD	ZicoSeq
Ruthenibacterium	-0.03669064538918494	0.07032032032032032	Genus	SM_gtdb-rs214-full	NAFLD	ZicoSeq
Sarcina	0.027275529527349504	0.1746121121121121	Genus	SM_gtdb-rs214-full	NAFLD	ZicoSeq
Streptococcus	0.034437288267749014	0.08272978861214154	Genus	SM_gtdb-rs214-full	NAFLD	ZicoSeq
Thomasclavelia	0.007734089556088785	0.6268042235784171	Genus	SM_gtdb-rs214-full	NAFLD	ZicoSeq
UBA1417	0.02752893514877469	0.7198121198121198	Genus	SM_gtdb-rs214-full	NAFLD	ZicoSeq
Ventricola	0.0024300611855945496	0.9320690553567266	Genus	SM_gtdb-rs214-full	NAFLD	ZicoSeq
Vescimonas	-0.04285117439135458	0.17117117117117117	Genus	SM_gtdb-rs214-full	NAFLD	ZicoSeq
Wujia	-0.01511009334141485	0.5689724812531831	Genus	SM_gtdb-rs214-full	NAFLD	ZicoSeq
Acetatifactor	-0.020104717459506365	0.24990844503039625	Genus	SM_gtdb-rs214-rep	NAFLD	ZicoSeq
Agathobacter	0.060797698094945965	0.41724703426831083	Genus	SM_gtdb-rs214-rep	NAFLD	ZicoSeq
Agathobaculum	-0.001998422489300507	0.5285121186760531	Genus	SM_gtdb-rs214-rep	NAFLD	ZicoSeq
Akkermansia	-0.03526644346295903	0.4942214942214942	Genus	SM_gtdb-rs214-rep	NAFLD	ZicoSeq
Alistipes	-0.06508986445112003	0.07152152152152152	Genus	SM_gtdb-rs214-rep	NAFLD	ZicoSeq
Anaerobutyricum	0.06814814541330463	0.06445334223112001	Genus	SM_gtdb-rs214-rep	NAFLD	ZicoSeq
Anaerostipes	0.05255240848460946	0.4176468134801468	Genus	SM_gtdb-rs214-rep	NAFLD	ZicoSeq
Anaerotignum	-0.014147459578945783	0.4677696564489017	Genus	SM_gtdb-rs214-rep	NAFLD	ZicoSeq
Bacteroides	-0.2078181101528351	0.01244101244101244	Genus	SM_gtdb-rs214-rep	NAFLD	ZicoSeq
Bariatricus	0.011580697353056326	0.8854688021354689	Genus	SM_gtdb-rs214-rep	NAFLD	ZicoSeq
Barnesiella	-0.028436408521891186	0.19807307307307306	Genus	SM_gtdb-rs214-rep	NAFLD	ZicoSeq
Bifidobacterium	0.097426209905551	0.1063063063063063	Genus	SM_gtdb-rs214-rep	NAFLD	ZicoSeq
Blautia	0.1551629100381154	0.07012275433328065	Genus	SM_gtdb-rs214-rep	NAFLD	ZicoSeq
Butyricimonas	-0.036018521043119284	0.005171838505171839	Genus	SM_gtdb-rs214-rep	NAFLD	ZicoSeq
CAG-103	-0.013647206585607996	0.4677696564489017	Genus	SM_gtdb-rs214-rep	NAFLD	ZicoSeq
CAG-170	-0.01450302206014812	0.5110288860288861	Genus	SM_gtdb-rs214-rep	NAFLD	ZicoSeq
CAG-177	-5.686035944610306e-5	0.966624852700802	Genus	SM_gtdb-rs214-rep	NAFLD	ZicoSeq
CAG-217	0.015936292686904323	0.6153230153230154	Genus	SM_gtdb-rs214-rep	NAFLD	ZicoSeq
CAG-245	-0.0060294016429294295	0.8854688021354689	Genus	SM_gtdb-rs214-rep	NAFLD	ZicoSeq
CAG-269	-0.018991906708645916	0.41158549854202026	Genus	SM_gtdb-rs214-rep	NAFLD	ZicoSeq
CAG-273	0.009973035338397383	0.5212212212212212	Genus	SM_gtdb-rs214-rep	NAFLD	ZicoSeq
CAG-302	-2.7146296831358837e-4	0.966624852700802	Genus	SM_gtdb-rs214-rep	NAFLD	ZicoSeq
CAG-41	0.019947628157015816	0.1680347013680347	Genus	SM_gtdb-rs214-rep	NAFLD	ZicoSeq
Catenibacterium	-0.010766965147148007	0.6215002881669548	Genus	SM_gtdb-rs214-rep	NAFLD	ZicoSeq
Choladocola	-0.010951165791393621	0.24306357639690973	Genus	SM_gtdb-rs214-rep	NAFLD	ZicoSeq
Choladousia	0.021332426946961105	0.018907796685574463	Genus	SM_gtdb-rs214-rep	NAFLD	ZicoSeq
Clostridium	-0.031989639020105876	0.054983554983554984	Genus	SM_gtdb-rs214-rep	NAFLD	ZicoSeq
Collinsella	0.05674628209866547	0.13655963655963654	Genus	SM_gtdb-rs214-rep	NAFLD	ZicoSeq
Coprococcus	0.011214995184505283	0.8530244530244531	Genus	SM_gtdb-rs214-rep	NAFLD	ZicoSeq
Copromonas	-0.020353877357216808	0.24306357639690973	Genus	SM_gtdb-rs214-rep	NAFLD	ZicoSeq
Dialister	0.013659633695882176	0.8351830090960526	Genus	SM_gtdb-rs214-rep	NAFLD	ZicoSeq
Dorea	0.05907283156751456	0.0925925925925926	Genus	SM_gtdb-rs214-rep	NAFLD	ZicoSeq
Dysosmobacter	-0.040921633011340865	5.005005005005005e-4	Genus	SM_gtdb-rs214-rep	NAFLD	ZicoSeq
ER4	-0.02083474085693381	0.3598042486931376	Genus	SM_gtdb-rs214-rep	NAFLD	ZicoSeq
Eisenbergiella	0.0017064744167858495	0.781884826002473	Genus	SM_gtdb-rs214-rep	NAFLD	ZicoSeq
Enterocloster	-0.026108969622406872	0.15688101894998446	Genus	SM_gtdb-rs214-rep	NAFLD	ZicoSeq
Escherichia	-0.012318766232708642	0.4942214942214942	Genus	SM_gtdb-rs214-rep	NAFLD	ZicoSeq
Eubacterium	-0.019621858452039308	0.3598042486931376	Genus	SM_gtdb-rs214-rep	NAFLD	ZicoSeq
Evtepia	-0.003586330589412347	0.5529122872872873	Genus	SM_gtdb-rs214-rep	NAFLD	ZicoSeq
Faecalibacillus	0.02954086564183381	0.2084942084942085	Genus	SM_gtdb-rs214-rep	NAFLD	ZicoSeq
Faecalibacterium	-0.05815175601476212	0.14425139425139427	Genus	SM_gtdb-rs214-rep	NAFLD	ZicoSeq
Faecalimonas	-0.017976645197408245	0.3355681262658007	Genus	SM_gtdb-rs214-rep	NAFLD	ZicoSeq
Faecousia	-0.0265151971609502	0.05536786786786787	Genus	SM_gtdb-rs214-rep	NAFLD	ZicoSeq
Fimenecus	-0.005286923543517658	0.9470670670670671	Genus	SM_gtdb-rs214-rep	NAFLD	ZicoSeq
Flavonifractor	-0.031707711664678485	0.04004004004004004	Genus	SM_gtdb-rs214-rep	NAFLD	ZicoSeq
Fusicatenibacter	0.10189623887684658	0.0022022022022022024	Genus	SM_gtdb-rs214-rep	NAFLD	ZicoSeq
Gemmiger	0.012512083859058169	0.966624852700802	Genus	SM_gtdb-rs214-rep	NAFLD	ZicoSeq
Holdemanella	0.0242208578894292	0.4677696564489017	Genus	SM_gtdb-rs214-rep	NAFLD	ZicoSeq
Hominisplanchenecus	0.017189277679196906	0.24306357639690973	Genus	SM_gtdb-rs214-rep	NAFLD	ZicoSeq
Hungatella	-0.03785160399659414	0.24479479479479477	Genus	SM_gtdb-rs214-rep	NAFLD	ZicoSeq
Intestinibacter	0.022946902427940306	0.4677696564489017	Genus	SM_gtdb-rs214-rep	NAFLD	ZicoSeq
KLE1615	0.05462218649139193	5.005005005005005e-4	Genus	SM_gtdb-rs214-rep	NAFLD	ZicoSeq
Lachnospira	-0.014968290553403032	0.54359197907585	Genus	SM_gtdb-rs214-rep	NAFLD	ZicoSeq
Lawsonibacter	-0.03384441502599762	0.0022022022022022024	Genus	SM_gtdb-rs214-rep	NAFLD	ZicoSeq
Ligilactobacillus	0.028771219923989753	0.29150579150579153	Genus	SM_gtdb-rs214-rep	NAFLD	ZicoSeq
Limivivens	0.015761144228375996	0.4677696564489017	Genus	SM_gtdb-rs214-rep	NAFLD	ZicoSeq
Mediterraneibacter	0.044416505365691576	0.2084942084942085	Genus	SM_gtdb-rs214-rep	NAFLD	ZicoSeq
Megasphaera	0.009780655460853084	0.8930281632984336	Genus	SM_gtdb-rs214-rep	NAFLD	ZicoSeq
Monoglobus	-0.033110844546902	0.14425139425139427	Genus	SM_gtdb-rs214-rep	NAFLD	ZicoSeq
Odoribacter	-0.0377259011615774	0.018907796685574463	Genus	SM_gtdb-rs214-rep	NAFLD	ZicoSeq
Oliverpabstia	0.03372802257536177	0.09137709137709138	Genus	SM_gtdb-rs214-rep	NAFLD	ZicoSeq
Onthomonas	-0.003287191736743893	0.24306357639690973	Genus	SM_gtdb-rs214-rep	NAFLD	ZicoSeq
Parabacteroides	-0.08456818188426318	0.025225225225225224	Genus	SM_gtdb-rs214-rep	NAFLD	ZicoSeq
Phascolarctobacterium	-0.04032764660666308	0.054593054593054594	Genus	SM_gtdb-rs214-rep	NAFLD	ZicoSeq
Phocaeicola	-0.1751657554962909	0.001668335001668335	Genus	SM_gtdb-rs214-rep	NAFLD	ZicoSeq
Prevotella	-0.1863367138168497	0.10097597597597598	Genus	SM_gtdb-rs214-rep	NAFLD	ZicoSeq
RUG705	0.001041511123431538	0.985960960960961	Genus	SM_gtdb-rs214-rep	NAFLD	ZicoSeq
Romboutsia	0.0471780367609288	0.10097597597597598	Genus	SM_gtdb-rs214-rep	NAFLD	ZicoSeq
Roseburia	0.03660724264503194	0.5212212212212212	Genus	SM_gtdb-rs214-rep	NAFLD	ZicoSeq
Ruminiclostridium	0.004784354046093273	0.966624852700802	Genus	SM_gtdb-rs214-rep	NAFLD	ZicoSeq
Ruminococcus	0.047375422053151435	0.5138120576717068	Genus	SM_gtdb-rs214-rep	NAFLD	ZicoSeq
Ruthenibacterium	-0.03561166406197572	0.056056056056056056	Genus	SM_gtdb-rs214-rep	NAFLD	ZicoSeq
Sarcina	0.029673957372977674	0.2084942084942085	Genus	SM_gtdb-rs214-rep	NAFLD	ZicoSeq
Streptococcus	0.03489784519604847	0.05536786786786787	Genus	SM_gtdb-rs214-rep	NAFLD	ZicoSeq
Sutterella	-0.02559100415049186	0.04704704704704705	Genus	SM_gtdb-rs214-rep	NAFLD	ZicoSeq
Thomasclavelia	0.007196241886715741	0.7029716283447627	Genus	SM_gtdb-rs214-rep	NAFLD	ZicoSeq
UBA1417	0.030040288321793427	0.5212212212212212	Genus	SM_gtdb-rs214-rep	NAFLD	ZicoSeq
UBA3402	0.0041034769128319775	0.8930281632984336	Genus	SM_gtdb-rs214-rep	NAFLD	ZicoSeq
Vescimonas	-0.0368613043558877	0.1964545190351642	Genus	SM_gtdb-rs214-rep	NAFLD	ZicoSeq
Wujia	-0.01508452114952368	0.5529122872872873	Genus	SM_gtdb-rs214-rep	NAFLD	ZicoSeq
Adlercreutzia	0.003700188782014125	0.8550216883550218	Genus	KB20	NAFLD	ZicoSeq
Akkermansia	-0.07846127767392733	0.6039823607391175	Genus	KB20	NAFLD	ZicoSeq
Alistipes	-0.10983061756907381	0.16220982887649554	Genus	KB20	NAFLD	ZicoSeq
Anaerobutyricum	0.10812021352098056	0.05205205205205205	Genus	KB20	NAFLD	ZicoSeq
Anaerostipes	0.045950807401871505	0.3800943800943801	Genus	KB20	NAFLD	ZicoSeq
Bacteroides	-0.4730056474754113	0.02952952952952953	Genus	KB20	NAFLD	ZicoSeq
Bifidobacterium	0.14162207623951723	0.11984711984711983	Genus	KB20	NAFLD	ZicoSeq
Blautia	0.12677343007703665	0.042042042042042045	Genus	KB20	NAFLD	ZicoSeq
Clostridioides	-0.009402602602777855	0.9370008306178519	Genus	KB20	NAFLD	ZicoSeq
Clostridium	-0.01773265566223027	0.8980116480116481	Genus	KB20	NAFLD	ZicoSeq
Collinsella	0.06564932531195458	0.16220982887649554	Genus	KB20	NAFLD	ZicoSeq
Coprococcus	0.026679048544146815	0.3800943800943801	Genus	KB20	NAFLD	ZicoSeq
Dialister	0.007598242597102005	0.7667154333821	Genus	KB20	NAFLD	ZicoSeq
Dysosmobacter	-0.03456438368271784	0.16962416962416962	Genus	KB20	NAFLD	ZicoSeq
Eggerthella	-0.015913053180879898	0.48392510157216034	Genus	KB20	NAFLD	ZicoSeq
Enterocloster	-0.03337253911808567	0.16220982887649554	Genus	KB20	NAFLD	ZicoSeq
Erysipelatoclostridium	-0.01334594590153355	0.4527861194527861	Genus	KB20	NAFLD	ZicoSeq
Escherichia	-0.04627345595562359	0.5308363919475031	Genus	KB20	NAFLD	ZicoSeq
Eubacterium	-0.014508736535178332	0.39021780401090744	Genus	KB20	NAFLD	ZicoSeq
Faecalibacillus	0.03371254789689609	0.16087516087516088	Genus	KB20	NAFLD	ZicoSeq
Faecalibacterium	-0.1276256206286825	0.2309109109109109	Genus	KB20	NAFLD	ZicoSeq
Faecalitalea	-7.226075165036167e-4	0.8980116480116481	Genus	KB20	NAFLD	ZicoSeq
Flavonifractor	-0.06866164234611741	0.05205205205205205	Genus	KB20	NAFLD	ZicoSeq
Lachnoclostridium	-0.020221655408468875	0.42761511511511513	Genus	KB20	NAFLD	ZicoSeq
Lachnospira	-0.002256206574677337	0.8550216883550218	Genus	KB20	NAFLD	ZicoSeq
Lacrimispora	-0.017257660651521033	0.5035607035607035	Genus	KB20	NAFLD	ZicoSeq
Ligilactobacillus	0.04874020800614938	0.2354277354277354	Genus	KB20	NAFLD	ZicoSeq
Longibaculum	0.02581928549023146	0.16220982887649554	Genus	KB20	NAFLD	ZicoSeq
Longicatena	-0.0037776618440013773	0.9950575575575575	Genus	KB20	NAFLD	ZicoSeq
Massilistercora	-0.009558675330753184	0.7101048416837891	Genus	KB20	NAFLD	ZicoSeq
Mediterraneibacter	0.0528678473577686	0.19336002669336003	Genus	KB20	NAFLD	ZicoSeq
Megamonas	-0.004304710430475706	0.9358706532619577	Genus	KB20	NAFLD	ZicoSeq
Megasphaera	-0.01966026456228731	0.8488238238238239	Genus	KB20	NAFLD	ZicoSeq
Monoglobus	-0.07525266879629372	0.19336002669336003	Genus	KB20	NAFLD	ZicoSeq
Odoribacter	-0.058580223862149255	0.05205205205205205	Genus	KB20	NAFLD	ZicoSeq
Oscillibacter	-0.038048130514946495	0.05205205205205205	Genus	KB20	NAFLD	ZicoSeq
Parabacteroides	-0.19081369469008003	0.042042042042042045	Genus	KB20	NAFLD	ZicoSeq
Peptacetobacter	0.011858248961740698	0.42761511511511513	Genus	KB20	NAFLD	ZicoSeq
Phascolarctobacterium	-0.07574079525274142	0.06295184072961851	Genus	KB20	NAFLD	ZicoSeq
Phocaeicola	-0.3612956114795664	0.014014014014014014	Genus	KB20	NAFLD	ZicoSeq
Prevotella	-0.27645842071716703	0.12387387387387387	Genus	KB20	NAFLD	ZicoSeq
Romboutsia	0.03222773289043877	0.13783013783013784	Genus	KB20	NAFLD	ZicoSeq
Roseburia	0.05137319268454981	0.16220982887649554	Genus	KB20	NAFLD	ZicoSeq
Ruminococcus	0.032506032348655754	0.42761511511511513	Genus	KB20	NAFLD	ZicoSeq
Ruthenibacterium	-0.06243150441276478	0.16220982887649554	Genus	KB20	NAFLD	ZicoSeq
Streptococcus	0.05132537778581634	0.06726726726726727	Genus	KB20	NAFLD	ZicoSeq
Turicibacter	-0.0012350773187455406	0.9358706532619577	Genus	KB20	NAFLD	ZicoSeq
Vescimonas	-0.041195031332360396	0.16220982887649554	Genus	KB20	NAFLD	ZicoSeq
Akkermansia	-0.06288523602458866	0.5661838308897132	Genus	KB51	NAFLD	ZicoSeq
Alistipes	-0.07657563343766663	0.10587510587510587	Genus	KB51	NAFLD	ZicoSeq
Anaerobutyricum	0.1075574122381702	0.030363697030363696	Genus	KB51	NAFLD	ZicoSeq
Anaerostipes	0.04692553866023641	0.5221554888221555	Genus	KB51	NAFLD	ZicoSeq
Bacteroides	-0.4169430019596231	0.046546546546546545	Genus	KB51	NAFLD	ZicoSeq
Bifidobacterium	0.09678258102678318	0.15259009009009009	Genus	KB51	NAFLD	ZicoSeq
Blautia	0.11656582466297298	0.030363697030363696	Genus	KB51	NAFLD	ZicoSeq
Campylobacter	-0.03410013601704135	0.059392726059392734	Genus	KB51	NAFLD	ZicoSeq
Clostridioides	-0.006910795061110216	0.9523078634189746	Genus	KB51	NAFLD	ZicoSeq
Clostridium	-0.006058183367972739	0.9523078634189746	Genus	KB51	NAFLD	ZicoSeq
Collinsella	0.07969522170649519	0.10392210392210392	Genus	KB51	NAFLD	ZicoSeq
Coprococcus	0.026859737727141564	0.5412912912912913	Genus	KB51	NAFLD	ZicoSeq
Dysosmobacter	-0.02519326465969299	0.2280613947280614	Genus	KB51	NAFLD	ZicoSeq
Eggerthella	-0.013202989281606304	0.542299875633209	Genus	KB51	NAFLD	ZicoSeq
Enterocloster	-0.023348706502118077	0.2225862225862226	Genus	KB51	NAFLD	ZicoSeq
Enterococcus	-0.009168056507512958	0.7006750340083674	Genus	KB51	NAFLD	ZicoSeq
Erysipelatoclostridium	-0.009207007264793827	0.6622568514460406	Genus	KB51	NAFLD	ZicoSeq
Escherichia	-0.049551476649769076	0.5412912912912913	Genus	KB51	NAFLD	ZicoSeq
Faecalibacillus	0.028266070993619448	0.0987987987987988	Genus	KB51	NAFLD	ZicoSeq
Faecalibacterium	-0.10002762773210445	0.42004073038555795	Genus	KB51	NAFLD	ZicoSeq
Faecalitalea	0.004038735241377968	0.7897653751312288	Genus	KB51	NAFLD	ZicoSeq
Flavonifractor	-0.05542508527737398	0.046546546546546545	Genus	KB51	NAFLD	ZicoSeq
Lachnoclostridium	-0.017727467093967907	0.4170956670956671	Genus	KB51	NAFLD	ZicoSeq
Lachnospira	0.0037757592351271956	0.7006750340083674	Genus	KB51	NAFLD	ZicoSeq
Lacrimispora	-0.015844614908789755	0.5901043901043901	Genus	KB51	NAFLD	ZicoSeq
Lactococcus	0.015300118663035022	0.2225862225862226	Genus	KB51	NAFLD	ZicoSeq
Ligilactobacillus	0.034617436733246736	0.24235774235774238	Genus	KB51	NAFLD	ZicoSeq
Longibaculum	0.021136332939973773	0.15259009009009009	Genus	KB51	NAFLD	ZicoSeq
Longicatena	-0.006712633537012159	0.9134250529599367	Genus	KB51	NAFLD	ZicoSeq
Massilistercora	-0.007754208271329314	0.7547797797797797	Genus	KB51	NAFLD	ZicoSeq
Mediterraneibacter	0.07947515284478546	0.18171112288759347	Genus	KB51	NAFLD	ZicoSeq
Megasphaera	-0.02348189383680455	0.6622568514460406	Genus	KB51	NAFLD	ZicoSeq
Monoglobus	-0.08243955681848941	0.2225862225862226	Genus	KB51	NAFLD	ZicoSeq
Odoribacter	-0.04346387342833333	0.046546546546546545	Genus	KB51	NAFLD	ZicoSeq
Oscillibacter	-0.035817694267662854	0.046546546546546545	Genus	KB51	NAFLD	ZicoSeq
Parabacteroides	-0.15832171132489795	0.04504504504504504	Genus	KB51	NAFLD	ZicoSeq
Phocaeicola	-0.3094978058486479	0.018018018018018018	Genus	KB51	NAFLD	ZicoSeq
Prevotella	-0.21806246833116855	0.10587510587510587	Genus	KB51	NAFLD	ZicoSeq
Romboutsia	0.01661627920768631	0.2280613947280614	Genus	KB51	NAFLD	ZicoSeq
Roseburia	0.036117971664019734	0.2225862225862226	Genus	KB51	NAFLD	ZicoSeq
Ruminococcus	0.02356835002704052	0.40344047751455164	Genus	KB51	NAFLD	ZicoSeq
Ruthenibacterium	-0.04175915140581223	0.24235774235774238	Genus	KB51	NAFLD	ZicoSeq
Streptococcus	0.02780708493664079	0.1324896324896325	Genus	KB51	NAFLD	ZicoSeq
Turicibacter	6.750946617158302e-4	0.8885552218885552	Genus	KB51	NAFLD	ZicoSeq
Vescimonas	-0.032181682189905615	0.2225862225862226	Genus	KB51	NAFLD	ZicoSeq
Akkermansia	-0.03209727175704999	0.6915985753195055	Genus	MOTUS	NAFLD	ZicoSeq
Alistipes	-0.09143889773289839	0.05874624624624625	Genus	MOTUS	NAFLD	ZicoSeq
Anaerostipes	0.039167424348978505	0.4384940496051607	Genus	MOTUS	NAFLD	ZicoSeq
Anaerotignum	-0.01336359091140832	0.4391760181233866	Genus	MOTUS	NAFLD	ZicoSeq
Bacteria gen. incertae sedis	0.023908958380384298	0.32494994994994997	Genus	MOTUS	NAFLD	ZicoSeq
Bacteroides	-0.30149914933139826	0.007007007007007007	Genus	MOTUS	NAFLD	ZicoSeq
Barnesiella	-0.0301173464188871	0.143317230273752	Genus	MOTUS	NAFLD	ZicoSeq
Bifidobacterium	0.1261003662048204	0.05874624624624625	Genus	MOTUS	NAFLD	ZicoSeq
Blautia	0.12281975012359783	0.05874624624624625	Genus	MOTUS	NAFLD	ZicoSeq
Butyricicoccus	-0.008221019004185134	0.8237150193671934	Genus	MOTUS	NAFLD	ZicoSeq
Clostridiales Family XIII. Incertae Sedis gen. incertae sedis	-0.009470600701957856	0.7338247338247338	Genus	MOTUS	NAFLD	ZicoSeq
Clostridiales gen. [Clostridium/Eubacterium]	-0.07291574603616426	0.05874624624624625	Genus	MOTUS	NAFLD	ZicoSeq
Clostridiales gen. [Ruminococcus/Blautia]	0.04224191079597251	0.05874624624624625	Genus	MOTUS	NAFLD	ZicoSeq
Clostridiales gen. [Ruminococcus/Clostridium/Blautia]	0.032905907740408344	0.05874624624624625	Genus	MOTUS	NAFLD	ZicoSeq
Clostridiales gen. incertae sedis	-0.03928484598867085	0.8859471716614574	Genus	MOTUS	NAFLD	ZicoSeq
Clostridium	-0.05251062709605548	0.5180546400058595	Genus	MOTUS	NAFLD	ZicoSeq
Collinsella	0.06073328202497141	0.06256256256256257	Genus	MOTUS	NAFLD	ZicoSeq
Coprobacillus	-0.03783102647914735	0.143317230273752	Genus	MOTUS	NAFLD	ZicoSeq
Coprococcus	0.016939638894087294	0.4384940496051607	Genus	MOTUS	NAFLD	ZicoSeq
Dialister	0.00559514213602113	0.85706983579324	Genus	MOTUS	NAFLD	ZicoSeq
Dorea	0.05315671626323252	0.05874624624624625	Genus	MOTUS	NAFLD	ZicoSeq
Eggerthella	-9.059029917013664e-4	0.9973936200351294	Genus	MOTUS	NAFLD	ZicoSeq
Eggerthellaceae gen. incertae sedis	0.010501635200191695	0.4391760181233866	Genus	MOTUS	NAFLD	ZicoSeq
Erysipelatoclostridium	0.001995073338576829	0.903883883883884	Genus	MOTUS	NAFLD	ZicoSeq
Escherichia	-0.013383195597782841	0.6915985753195055	Genus	MOTUS	NAFLD	ZicoSeq
Eubacterium	0.03349555596333733	0.32753966087299424	Genus	MOTUS	NAFLD	ZicoSeq
Faecalibacterium	-0.09735254159248924	0.2655321988655322	Genus	MOTUS	NAFLD	ZicoSeq
Firmicutes gen. [Carnobacterium/Phascolarctobacterium]	-0.035766352331194594	0.2272272272272272	Genus	MOTUS	NAFLD	ZicoSeq
Firmicutes gen. incertae sedis	-0.06584742973145444	0.1793793793793794	Genus	MOTUS	NAFLD	ZicoSeq
Flavonifractor	-0.055983206219318134	0.058725392058725394	Genus	MOTUS	NAFLD	ZicoSeq
Fusicatenibacter	0.026017448977009562	0.2655321988655322	Genus	MOTUS	NAFLD	ZicoSeq
Gemmiger	-0.002129382082349089	0.9942634942634943	Genus	MOTUS	NAFLD	ZicoSeq
Holdemanella	0.03553850563817523	0.34431490313843255	Genus	MOTUS	NAFLD	ZicoSeq
Hungatella	-0.037345642117366476	0.1509426092759426	Genus	MOTUS	NAFLD	ZicoSeq
Intestinibacter	0.011677687588678893	0.5180546400058595	Genus	MOTUS	NAFLD	ZicoSeq
Lachnoclostridium	-0.03192049993854825	0.18083468083468085	Genus	MOTUS	NAFLD	ZicoSeq
Lachnospiraceae gen. incertae sedis	0.10558955545667624	0.05874624624624625	Genus	MOTUS	NAFLD	ZicoSeq
Lactobacillus	0.041685728014155515	0.2655321988655322	Genus	MOTUS	NAFLD	ZicoSeq
Megasphaera	0.0027032065935821106	0.8859471716614574	Genus	MOTUS	NAFLD	ZicoSeq
Odoribacter	-0.03302455554842249	0.05874624624624625	Genus	MOTUS	NAFLD	ZicoSeq
Oscillibacter	-0.1019045206969006	0.018518518518518517	Genus	MOTUS	NAFLD	ZicoSeq
Parabacteroides	-0.07713444963174466	0.05874624624624625	Genus	MOTUS	NAFLD	ZicoSeq
Peptostreptococcaceae gen. incertae sedis	0.028582282995606046	0.05874624624624625	Genus	MOTUS	NAFLD	ZicoSeq
Phascolarctobacterium	-0.02852666445395443	0.27766476153572933	Genus	MOTUS	NAFLD	ZicoSeq
Prevotella	-0.20128200550234165	0.08088088088088088	Genus	MOTUS	NAFLD	ZicoSeq
Romboutsia	0.05438142526874286	0.06522311785469681	Genus	MOTUS	NAFLD	ZicoSeq
Roseburia	0.005698654138767441	0.7642753864976087	Genus	MOTUS	NAFLD	ZicoSeq
Ruminococcaceae gen. incertae sedis	-0.01907931266415419	0.9942634942634943	Genus	MOTUS	NAFLD	ZicoSeq
Ruminococcus	0.03670101601118127	0.5180546400058595	Genus	MOTUS	NAFLD	ZicoSeq
Ruthenibacterium	-0.038217378003300544	0.060001177648236474	Genus	MOTUS	NAFLD	ZicoSeq
Streptococcus	0.046127680807708175	0.05874624624624625	Genus	MOTUS	NAFLD	ZicoSeq
Sutterella	-0.03190978101063124	0.05874624624624625	Genus	MOTUS	NAFLD	ZicoSeq
Tyzzerella	-0.05325569169978689	0.143317230273752	Genus	MOTUS	NAFLD	ZicoSeq
Acidaminococcaceae	-0.04397140121159171	0.07657657657657657	Family	MPA_db2019	NAFLD	ZicoSeq
Akkermansiaceae	-0.031041350877946773	0.5801301301301302	Family	MPA_db2019	NAFLD	ZicoSeq
Bacteroidaceae	-0.26730667748865233	0.002002002002002002	Family	MPA_db2019	NAFLD	ZicoSeq
Barnesiellaceae	-0.04332013648470466	0.10187965743521299	Family	MPA_db2019	NAFLD	ZicoSeq
Bifidobacteriaceae	0.13729332889086482	0.03543543543543544	Family	MPA_db2019	NAFLD	ZicoSeq
Clostridiaceae	-0.023233165545226746	0.31876320765209654	Family	MPA_db2019	NAFLD	ZicoSeq
Clostridiales unclassified	-0.04377972481008278	0.1337808396631926	Family	MPA_db2019	NAFLD	ZicoSeq
Coriobacteriaceae	0.05485701115986134	0.1337808396631926	Family	MPA_db2019	NAFLD	ZicoSeq
Eggerthellaceae	0.001956030942318212	0.9222555889222556	Family	MPA_db2019	NAFLD	ZicoSeq
Enterobacteriaceae	-0.01016975349988623	0.5801301301301302	Family	MPA_db2019	NAFLD	ZicoSeq
Erysipelotrichaceae	0.02033036138346888	0.5997815997815997	Family	MPA_db2019	NAFLD	ZicoSeq
Eubacteriaceae	-0.005595326933053751	0.8258258258258258	Family	MPA_db2019	NAFLD	ZicoSeq
Firmicutes unclassified	-0.03125454621496522	0.1337808396631926	Family	MPA_db2019	NAFLD	ZicoSeq
Lachnospiraceae	0.14013169169936401	0.1337808396631926	Family	MPA_db2019	NAFLD	ZicoSeq
Lactobacillaceae	0.0636714660927445	0.1337808396631926	Family	MPA_db2019	NAFLD	ZicoSeq
Odoribacteraceae	-0.03723584000559573	0.012012012012012012	Family	MPA_db2019	NAFLD	ZicoSeq
Oscillospiraceae	-0.03792303759091635	0.11811811811811812	Family	MPA_db2019	NAFLD	ZicoSeq
Peptostreptococcaceae	0.03010456231958461	0.1337808396631926	Family	MPA_db2019	NAFLD	ZicoSeq
Prevotellaceae	-0.20453066604076003	0.07657657657657657	Family	MPA_db2019	NAFLD	ZicoSeq
Rikenellaceae	-0.06869902554361308	0.04187520854187521	Family	MPA_db2019	NAFLD	ZicoSeq
Ruminococcaceae	-0.04911092789078059	0.1337808396631926	Family	MPA_db2019	NAFLD	ZicoSeq
Streptococcaceae	0.0556391516414331	0.012012012012012012	Family	MPA_db2019	NAFLD	ZicoSeq
Tannerellaceae	-0.08757377838490141	0.012012012012012012	Family	MPA_db2019	NAFLD	ZicoSeq
Veillonellaceae	-0.011026314101090541	0.5997815997815997	Family	MPA_db2019	NAFLD	ZicoSeq
Acidaminococcaceae	-0.04819073869514633	0.026860193526860195	Family	MPA_db2022	NAFLD	ZicoSeq
Akkermansiaceae	-0.02978794973684992	0.5878378378378378	Family	MPA_db2022	NAFLD	ZicoSeq
Bacteroidaceae	-0.21463085300182572	0.003003003003003003	Family	MPA_db2022	NAFLD	ZicoSeq
Barnesiellaceae	-0.028738595705744073	0.1547911547911548	Family	MPA_db2022	NAFLD	ZicoSeq
Bifidobacteriaceae	0.10632092553602425	0.4386739680857328	Family	MPA_db2022	NAFLD	ZicoSeq
Clostridia unclassified	-0.004008646806935833	0.6089899423232756	Family	MPA_db2022	NAFLD	ZicoSeq
Clostridiaceae	-0.054193221132874565	0.018618618618618618	Family	MPA_db2022	NAFLD	ZicoSeq
Coprobacillaceae	0.026838563316920503	0.6310401310401311	Family	MPA_db2022	NAFLD	ZicoSeq
Coriobacteriaceae	0.05100327216280394	0.9183906128350573	Family	MPA_db2022	NAFLD	ZicoSeq
Corynebacteriaceae	-0.016820605562114677	0.4033408408408408	Family	MPA_db2022	NAFLD	ZicoSeq
Desulfovibrionaceae	-0.03040445346702962	0.06256256256256257	Family	MPA_db2022	NAFLD	ZicoSeq
Eggerthellaceae	0.004936098391581385	0.8445341893617756	Family	MPA_db2022	NAFLD	ZicoSeq
Enterobacteriaceae	-0.0068868719462844	0.5062957694536642	Family	MPA_db2022	NAFLD	ZicoSeq
Enterococcaceae	-0.003955300112827119	0.8445341893617756	Family	MPA_db2022	NAFLD	ZicoSeq
Erysipelotrichaceae	0.0201078559325054	0.8526192859526193	Family	MPA_db2022	NAFLD	ZicoSeq
Eubacteriaceae	0.012750660708200325	0.8445341893617756	Family	MPA_db2022	NAFLD	ZicoSeq
Eubacteriales Family XIII Incertae Sedis	0.004172511477416514	0.9055618118118118	Family	MPA_db2022	NAFLD	ZicoSeq
Eubacteriales unclassified	0.009783478946460752	0.35949282615949285	Family	MPA_db2022	NAFLD	ZicoSeq
FGB1354	-0.002696417416436603	0.8445341893617756	Family	MPA_db2022	NAFLD	ZicoSeq
FGB14936	0.014496029953888908	0.9095860566448802	Family	MPA_db2022	NAFLD	ZicoSeq
FGB4806	-0.007412417908554256	0.87697374794149	Family	MPA_db2022	NAFLD	ZicoSeq
FGB76783	-0.016622773061158835	0.47592036480925365	Family	MPA_db2022	NAFLD	ZicoSeq
FGB9119	-0.02395876220117878	0.34157234157234156	Family	MPA_db2022	NAFLD	ZicoSeq
Firmicutes unclassified	0.017802052826951374	0.9183906128350573	Family	MPA_db2022	NAFLD	ZicoSeq
Lachnospiraceae	0.14176119634229487	0.9095860566448802	Family	MPA_db2022	NAFLD	ZicoSeq
Lactobacillaceae	0.024448553561753895	0.9802505207910612	Family	MPA_db2022	NAFLD	ZicoSeq
Odoribacteraceae	-0.030755018205891462	0.04046904046904047	Family	MPA_db2022	NAFLD	ZicoSeq
Oscillospiraceae	-0.08771256810695523	0.0045045045045045045	Family	MPA_db2022	NAFLD	ZicoSeq
Peptostreptococcaceae	0.051868485064877796	0.2784451117784451	Family	MPA_db2022	NAFLD	ZicoSeq
Prevotellaceae	-0.16860483123201966	0.0894894894894895	Family	MPA_db2022	NAFLD	ZicoSeq
Rikenellaceae	-0.11389257605338714	0.00667334000667334	Family	MPA_db2022	NAFLD	ZicoSeq
Ruminococcaceae	5.901397078672521e-4	0.6621404012708361	Family	MPA_db2022	NAFLD	ZicoSeq
Selenomonadaceae	-0.0017648284261785616	0.8066066066066067	Family	MPA_db2022	NAFLD	ZicoSeq
Streptococcaceae	0.03162523481777895	0.35949282615949285	Family	MPA_db2022	NAFLD	ZicoSeq
Sutterellaceae	-0.02495811167806986	0.0667334000667334	Family	MPA_db2022	NAFLD	ZicoSeq
Tannerellaceae	-0.06558718799766255	0.00950950950950951	Family	MPA_db2022	NAFLD	ZicoSeq
Veillonellaceae	-0.003779102228001991	0.7617617617617617	Family	MPA_db2022	NAFLD	ZicoSeq
Acidaminococcaceae	-0.047674968549041075	0.07793507793507794	Family	MPA_db2023	NAFLD	ZicoSeq
Akkermansiaceae	-0.02999672905587824	0.6571789180484833	Family	MPA_db2023	NAFLD	ZicoSeq
Bacteroidaceae	-0.22167878710521405	0.005005005005005005	Family	MPA_db2023	NAFLD	ZicoSeq
Barnesiellaceae	-0.02797337451194587	0.21612521612521612	Family	MPA_db2023	NAFLD	ZicoSeq
Bifidobacteriaceae	0.1083149388527584	0.03428428428428428	Family	MPA_db2023	NAFLD	ZicoSeq
Clostridia unclassified	-0.009284958222091187	0.6249582916249583	Family	MPA_db2023	NAFLD	ZicoSeq
Clostridiaceae	-0.035471662610722446	0.2765118059235706	Family	MPA_db2023	NAFLD	ZicoSeq
Coprobacillaceae	-0.0204248348929205	0.5713713713713713	Family	MPA_db2023	NAFLD	ZicoSeq
Coriobacteriaceae	0.005540441826313276	0.8929274101687894	Family	MPA_db2023	NAFLD	ZicoSeq
Eggerthellaceae	0.005555309419012218	0.806765098431765	Family	MPA_db2023	NAFLD	ZicoSeq
Enterobacteriaceae	-0.007893848614724136	0.6571789180484833	Family	MPA_db2023	NAFLD	ZicoSeq
Erysipelotrichaceae	0.038971240643577196	0.2182182182182182	Family	MPA_db2023	NAFLD	ZicoSeq
Eubacteriaceae	-0.04712521311825001	0.3414525636747859	Family	MPA_db2023	NAFLD	ZicoSeq
Eubacteriales Family XIII Incertae Sedis	0.0025661083279424897	0.9315887315887316	Family	MPA_db2023	NAFLD	ZicoSeq
Eubacteriales incertae sedis	-1.8725447649222665e-4	0.9315887315887316	Family	MPA_db2023	NAFLD	ZicoSeq
Eubacteriales unclassified	0.005523147586090711	0.8929274101687894	Family	MPA_db2023	NAFLD	ZicoSeq
FGB1292	0.002961334845463177	0.8317933317933318	Family	MPA_db2023	NAFLD	ZicoSeq
FGB1354	-0.0038052456069563355	0.9315887315887316	Family	MPA_db2023	NAFLD	ZicoSeq
FGB14936	0.012933187875250253	0.8317933317933318	Family	MPA_db2023	NAFLD	ZicoSeq
FGB1765	-0.020452716138797997	0.8929274101687894	Family	MPA_db2023	NAFLD	ZicoSeq
FGB1776	1.1045065027535299e-4	0.9315887315887316	Family	MPA_db2023	NAFLD	ZicoSeq
FGB3057	-0.014485461528725327	0.4502923976608187	Family	MPA_db2023	NAFLD	ZicoSeq
FGB4806	-0.006230490949395218	0.9315887315887316	Family	MPA_db2023	NAFLD	ZicoSeq
FGB9119	-0.02299247985170475	0.2765118059235706	Family	MPA_db2023	NAFLD	ZicoSeq
Lachnospiraceae	0.12612473575106212	0.2765118059235706	Family	MPA_db2023	NAFLD	ZicoSeq
Lactobacillaceae	0.041272590541043645	0.2765118059235706	Family	MPA_db2023	NAFLD	ZicoSeq
Odoribacteraceae	-0.03222656203884404	0.03428428428428428	Family	MPA_db2023	NAFLD	ZicoSeq
Oscillospiraceae	-0.06783023126220203	0.08483483483483484	Family	MPA_db2023	NAFLD	ZicoSeq
Peptostreptococcaceae	0.051377952248643464	0.06923590256923591	Family	MPA_db2023	NAFLD	ZicoSeq
Prevotellaceae	-0.1669003109828152	0.12112112112112113	Family	MPA_db2023	NAFLD	ZicoSeq
Rikenellaceae	-0.06942015177216648	0.09787565343120899	Family	MPA_db2023	NAFLD	ZicoSeq
Streptococcaceae	0.03945892979250097	0.06923590256923591	Family	MPA_db2023	NAFLD	ZicoSeq
Sutterellaceae	-0.023802156707578317	0.2765118059235706	Family	MPA_db2023	NAFLD	ZicoSeq
Tannerellaceae	-0.06523239567853442	0.03428428428428428	Family	MPA_db2023	NAFLD	ZicoSeq
Veillonellaceae	-0.007922029454047335	0.9224557891224557	Family	MPA_db2023	NAFLD	ZicoSeq
Acidaminococcaceae	-0.03690828158960839	0.031197864531197866	Family	SM_genbank-2022.03	NAFLD	ZicoSeq
Akkermansiaceae	-0.029857131652999275	0.6039039039039039	Family	SM_genbank-2022.03	NAFLD	ZicoSeq
Bacteroidaceae	-0.22997374625006986	0.016016016016016016	Family	SM_genbank-2022.03	NAFLD	ZicoSeq
Barnesiellaceae	-0.01924055414311696	0.26331887442998553	Family	SM_genbank-2022.03	NAFLD	ZicoSeq
Bifidobacteriaceae	0.10121996171252298	0.062062062062062065	Family	SM_genbank-2022.03	NAFLD	ZicoSeq
Clostridiaceae	-0.05597286588080708	0.01921921921921922	Family	SM_genbank-2022.03	NAFLD	ZicoSeq
Coprobacillaceae	-0.032031161477603584	0.13586920253586918	Family	SM_genbank-2022.03	NAFLD	ZicoSeq
Coriobacteriaceae	0.04935013357725364	0.074998074998075	Family	SM_genbank-2022.03	NAFLD	ZicoSeq
Eggerthellaceae	0.008812404109963727	0.651937651937652	Family	SM_genbank-2022.03	NAFLD	ZicoSeq
Enterobacteriaceae	-0.007960553019072726	0.5846372688477952	Family	SM_genbank-2022.03	NAFLD	ZicoSeq
Erysipelotrichaceae	0.01777689796254807	0.6697151697151698	Family	SM_genbank-2022.03	NAFLD	ZicoSeq
Eubacteriaceae	-0.0014268171078594793	0.6865125995560778	Family	SM_genbank-2022.03	NAFLD	ZicoSeq
Lachnospiraceae	0.16802012437035815	0.01921921921921922	Family	SM_genbank-2022.03	NAFLD	ZicoSeq
Lactobacillaceae	0.035388616750301805	0.16416416416416418	Family	SM_genbank-2022.03	NAFLD	ZicoSeq
Odoribacteraceae	-0.04230090675451959	0.01921921921921922	Family	SM_genbank-2022.03	NAFLD	ZicoSeq
Oscillospiraceae	-0.047398173145812766	0.074998074998075	Family	SM_genbank-2022.03	NAFLD	ZicoSeq
Peptostreptococcaceae	0.05058839992170448	0.09495209495209496	Family	SM_genbank-2022.03	NAFLD	ZicoSeq
Prevotellaceae	-0.15833370511883102	0.074998074998075	Family	SM_genbank-2022.03	NAFLD	ZicoSeq
Pseudomonadaceae	0.018930209562792736	0.1505880880880881	Family	SM_genbank-2022.03	NAFLD	ZicoSeq
Rikenellaceae	-0.06180845871239599	0.062062062062062065	Family	SM_genbank-2022.03	NAFLD	ZicoSeq
Streptococcaceae	0.03460619554892401	0.03160303160303161	Family	SM_genbank-2022.03	NAFLD	ZicoSeq
Sutterellaceae	-0.021622668790113375	0.038288288288288286	Family	SM_genbank-2022.03	NAFLD	ZicoSeq
Tannerellaceae	-0.07570580156114985	0.01921921921921922	Family	SM_genbank-2022.03	NAFLD	ZicoSeq
Veillonellaceae	-0.0011735028381769082	0.7911244577911245	Family	SM_genbank-2022.03	NAFLD	ZicoSeq
Acidaminococcaceae	-0.033349272101642825	0.030697364030697366	Family	SM_gtdb-rs214-full	NAFLD	ZicoSeq
Acutalibacteraceae	0.014304470998673687	0.4312949312949313	Family	SM_gtdb-rs214-full	NAFLD	ZicoSeq
Akkermansiaceae	-0.02291506776800937	0.48068068068068065	Family	SM_gtdb-rs214-full	NAFLD	ZicoSeq
Anaerotignaceae	-0.011856595117189643	0.29874874874874874	Family	SM_gtdb-rs214-full	NAFLD	ZicoSeq
Anaerovoracaceae	-0.005076071151985063	0.2758548021705916	Family	SM_gtdb-rs214-full	NAFLD	ZicoSeq
Bacteroidaceae	-0.2824559409647542	5.005005005005005e-4	Family	SM_gtdb-rs214-full	NAFLD	ZicoSeq
Barnesiellaceae	-0.024609725700487615	0.11971971971971973	Family	SM_gtdb-rs214-full	NAFLD	ZicoSeq
Bifidobacteriaceae	0.09977501329514235	0.2502502502502503	Family	SM_gtdb-rs214-full	NAFLD	ZicoSeq
Burkholderiaceae	-0.005419892951254425	0.2502502502502503	Family	SM_gtdb-rs214-full	NAFLD	ZicoSeq
Butyricicoccaceae	3.1543959863851575e-4	0.2502502502502503	Family	SM_gtdb-rs214-full	NAFLD	ZicoSeq
CAG-138	-0.00920447291985633	0.17626717626717625	Family	SM_gtdb-rs214-full	NAFLD	ZicoSeq
CAG-508	-0.007542968426710716	0.6244392540688837	Family	SM_gtdb-rs214-full	NAFLD	ZicoSeq
CAG-74	3.3308905486666683e-4	0.8312105208656934	Family	SM_gtdb-rs214-full	NAFLD	ZicoSeq
Clostridiaceae	0.018642276225839628	0.6244392540688837	Family	SM_gtdb-rs214-full	NAFLD	ZicoSeq
Coprobacillaceae	0.02259027580396204	0.9504210092445388	Family	SM_gtdb-rs214-full	NAFLD	ZicoSeq
Coriobacteriaceae	0.05008075748651044	0.25242889948772307	Family	SM_gtdb-rs214-full	NAFLD	ZicoSeq
Dialisteraceae	0.011254138035944501	0.9504210092445388	Family	SM_gtdb-rs214-full	NAFLD	ZicoSeq
Eggerthellaceae	0.008074605915046405	0.8848181514848181	Family	SM_gtdb-rs214-full	NAFLD	ZicoSeq
Enterobacteriaceae	-0.009096752913334989	0.4312949312949313	Family	SM_gtdb-rs214-full	NAFLD	ZicoSeq
Erysipelotrichaceae	0.011290744458103774	0.7654797654797655	Family	SM_gtdb-rs214-full	NAFLD	ZicoSeq
Lachnospiraceae	0.1651958734017459	0.9504210092445388	Family	SM_gtdb-rs214-full	NAFLD	ZicoSeq
Lactobacillaceae	0.03597300660729559	0.2661550439328217	Family	SM_gtdb-rs214-full	NAFLD	ZicoSeq
Marinifilaceae	-0.03471734916020938	0.007340674007340674	Family	SM_gtdb-rs214-full	NAFLD	ZicoSeq
Megasphaeraceae	0.006764056406779688	0.8918918918918919	Family	SM_gtdb-rs214-full	NAFLD	ZicoSeq
Monoglobaceae	-0.02785142578490737	0.11971971971971973	Family	SM_gtdb-rs214-full	NAFLD	ZicoSeq
Oscillospiraceae	-0.08176011675440281	0.0035035035035035035	Family	SM_gtdb-rs214-full	NAFLD	ZicoSeq
Peptostreptococcaceae	0.05016169477945421	0.25	Family	SM_gtdb-rs214-full	NAFLD	ZicoSeq
Pseudomonadaceae	0.017819204594942316	0.2502502502502503	Family	SM_gtdb-rs214-full	NAFLD	ZicoSeq
Rikenellaceae	-0.05789619593612835	0.030697364030697366	Family	SM_gtdb-rs214-full	NAFLD	ZicoSeq
Ruminococcaceae	-0.008143734982556692	0.05148005148005148	Family	SM_gtdb-rs214-full	NAFLD	ZicoSeq
Streptococcaceae	0.03512704813366216	0.09534534534534535	Family	SM_gtdb-rs214-full	NAFLD	ZicoSeq
Tannerellaceae	-0.06386069623390987	0.008258258258258258	Family	SM_gtdb-rs214-full	NAFLD	ZicoSeq
UBA1381	0.023513734284245573	0.4603353353353354	Family	SM_gtdb-rs214-full	NAFLD	ZicoSeq
UBA660	-0.011963471280450678	0.4603353353353354	Family	SM_gtdb-rs214-full	NAFLD	ZicoSeq
Acidaminococcaceae	-0.034258672745614054	0.04124124124124124	Family	SM_gtdb-rs214-rep	NAFLD	ZicoSeq
Acutalibacteraceae	0.01814167723821943	0.6561144477811144	Family	SM_gtdb-rs214-rep	NAFLD	ZicoSeq
Akkermansiaceae	-0.024978109314172454	0.5368550368550369	Family	SM_gtdb-rs214-rep	NAFLD	ZicoSeq
Anaerotignaceae	-0.013262439341487374	0.29876935759288703	Family	SM_gtdb-rs214-rep	NAFLD	ZicoSeq
Anaerovoracaceae	-0.0016153294029573348	0.5368550368550369	Family	SM_gtdb-rs214-rep	NAFLD	ZicoSeq
Bacteroidaceae	-0.3122409518895902	5.005005005005005e-4	Family	SM_gtdb-rs214-rep	NAFLD	ZicoSeq
Barnesiellaceae	-0.024515928603151545	0.16206206206206206	Family	SM_gtdb-rs214-rep	NAFLD	ZicoSeq
Bifidobacteriaceae	0.10009969772816207	0.17654017654017654	Family	SM_gtdb-rs214-rep	NAFLD	ZicoSeq
Burkholderiaceae	-0.007566681617027286	0.19565719565719566	Family	SM_gtdb-rs214-rep	NAFLD	ZicoSeq
Butyricicoccaceae	-8.000946093109919e-4	0.2833458458458458	Family	SM_gtdb-rs214-rep	NAFLD	ZicoSeq
CAG-508	-0.005743198064500323	0.7823977823977823	Family	SM_gtdb-rs214-rep	NAFLD	ZicoSeq
CAG-74	4.143169261403221e-4	0.876343009676343	Family	SM_gtdb-rs214-rep	NAFLD	ZicoSeq
Clostridiaceae	0.021685709938559686	0.6205335770553162	Family	SM_gtdb-rs214-rep	NAFLD	ZicoSeq
Coprobacillaceae	0.01736862386013517	0.9705643143143143	Family	SM_gtdb-rs214-rep	NAFLD	ZicoSeq
Coriobacteriaceae	0.05614098776071724	0.1961961961961962	Family	SM_gtdb-rs214-rep	NAFLD	ZicoSeq
Dialisteraceae	0.015673333938672963	0.876343009676343	Family	SM_gtdb-rs214-rep	NAFLD	ZicoSeq
Eggerthellaceae	0.010723156558386194	0.876343009676343	Family	SM_gtdb-rs214-rep	NAFLD	ZicoSeq
Enterobacteriaceae	-0.006828012149490359	0.5368550368550369	Family	SM_gtdb-rs214-rep	NAFLD	ZicoSeq
Erysipelotrichaceae	0.010331128208486258	0.876343009676343	Family	SM_gtdb-rs214-rep	NAFLD	ZicoSeq
Lachnospiraceae	0.16910052869074693	0.3683156841051578	Family	SM_gtdb-rs214-rep	NAFLD	ZicoSeq
Lactobacillaceae	0.029869280185427872	0.2545879212545879	Family	SM_gtdb-rs214-rep	NAFLD	ZicoSeq
Marinifilaceae	-0.04343874725280849	0.0015015015015015015	Family	SM_gtdb-rs214-rep	NAFLD	ZicoSeq
Megasphaeraceae	0.010851031053567037	0.9705643143143143	Family	SM_gtdb-rs214-rep	NAFLD	ZicoSeq
Monoglobaceae	-0.03270089861122404	0.1484818151484818	Family	SM_gtdb-rs214-rep	NAFLD	ZicoSeq
Oscillospiraceae	-0.06863949172663508	0.005338672005338672	Family	SM_gtdb-rs214-rep	NAFLD	ZicoSeq
Peptostreptococcaceae	0.05143288630389368	0.1810977644310978	Family	SM_gtdb-rs214-rep	NAFLD	ZicoSeq
Rikenellaceae	-0.05315694194833585	0.06756756756756757	Family	SM_gtdb-rs214-rep	NAFLD	ZicoSeq
Ruminococcaceae	-0.008142513250538181	0.06756756756756757	Family	SM_gtdb-rs214-rep	NAFLD	ZicoSeq
Streptococcaceae	0.035306419778734624	0.06373039706373039	Family	SM_gtdb-rs214-rep	NAFLD	ZicoSeq
Tannerellaceae	-0.06879579947129147	0.015265265265265265	Family	SM_gtdb-rs214-rep	NAFLD	ZicoSeq
UBA1381	0.020409671773192844	0.31865198531865196	Family	SM_gtdb-rs214-rep	NAFLD	ZicoSeq
UBA660	-0.0034390811440395126	0.7523523523523523	Family	SM_gtdb-rs214-rep	NAFLD	ZicoSeq
Acidaminococcaceae	-0.03738032755027598	0.027193860527193858	Family	KB20	NAFLD	ZicoSeq
Akkermansiaceae	-0.041254527503500296	0.37406637406637405	Family	KB20	NAFLD	ZicoSeq
Bacteroidaceae	-0.3306482344943666	5.005005005005005e-4	Family	KB20	NAFLD	ZicoSeq
Bifidobacteriaceae	0.15152354804695442	0.4911786786786787	Family	KB20	NAFLD	ZicoSeq
Clostridiaceae	0.008902293975399331	0.1380269158046936	Family	KB20	NAFLD	ZicoSeq
Coriobacteriaceae	0.069728472758016	0.49332665999332664	Family	KB20	NAFLD	ZicoSeq
Eggerthellaceae	0.004983615041201104	0.3613613613613614	Family	KB20	NAFLD	ZicoSeq
Enterobacteriaceae	-0.007906717753122284	0.3547183547183547	Family	KB20	NAFLD	ZicoSeq
Erysipelotrichaceae	0.042336049280341737	0.9584129584129585	Family	KB20	NAFLD	ZicoSeq
Eubacteriaceae	-0.0036033323976038464	0.01781781781781782	Family	KB20	NAFLD	ZicoSeq
Lachnospiraceae	0.21371452363357055	0.7045045045045045	Family	KB20	NAFLD	ZicoSeq
Lactobacillaceae	0.0437441016642731	0.4248248248248248	Family	KB20	NAFLD	ZicoSeq
Odoribacteraceae	-0.039494195274764936	0.001001001001001001	Family	KB20	NAFLD	ZicoSeq
Oscillospiraceae	-0.055785333016552856	0.0022522522522522522	Family	KB20	NAFLD	ZicoSeq
Peptostreptococcaceae	0.036899714902136234	0.5125125125125125	Family	KB20	NAFLD	ZicoSeq
Prevotellaceae	-0.16947009889775558	0.0482982982982983	Family	KB20	NAFLD	ZicoSeq
Rikenellaceae	-0.05402104726730477	0.0306020306020306	Family	KB20	NAFLD	ZicoSeq
Selenomonadaceae	-0.0028116912528869894	0.49332665999332664	Family	KB20	NAFLD	ZicoSeq
Streptococcaceae	0.05761770884208315	0.3118118118118118	Family	KB20	NAFLD	ZicoSeq
Tannerellaceae	-0.09737634481587859	0.001668335001668335	Family	KB20	NAFLD	ZicoSeq
Turicibacteraceae	0.0076012968042990505	0.8366461699795034	Family	KB20	NAFLD	ZicoSeq
Veillonellaceae	-0.007680108291357495	0.4248248248248248	Family	KB20	NAFLD	ZicoSeq
Acidaminococcaceae	-0.02516809525958335	0.05551005551005551	Family	KB51	NAFLD	ZicoSeq
Akkermansiaceae	-0.035244950051412774	0.5245870870870871	Family	KB51	NAFLD	ZicoSeq
Bacteroidaceae	-0.3171516206826538	0.021021021021021023	Family	KB51	NAFLD	ZicoSeq
Bifidobacteriaceae	0.11456540403034401	0.08667000333667	Family	KB51	NAFLD	ZicoSeq
Campylobacteraceae	-0.02473918442232503	0.05551005551005551	Family	KB51	NAFLD	ZicoSeq
Clostridiaceae	0.020356752274377395	0.9958594958594958	Family	KB51	NAFLD	ZicoSeq
Coriobacteriaceae	0.08051644854779806	0.05551005551005551	Family	KB51	NAFLD	ZicoSeq
Eggerthellaceae	0.002110745433237912	0.6553553553553553	Family	KB51	NAFLD	ZicoSeq
Enterobacteriaceae	-0.006180918303080106	0.5055055055055055	Family	KB51	NAFLD	ZicoSeq
Enterococcaceae	0.0023163669092302317	0.6080290817132923	Family	KB51	NAFLD	ZicoSeq
Erysipelotrichaceae	0.036964772203415285	0.49377949377949376	Family	KB51	NAFLD	ZicoSeq
Lachnospiraceae	0.20335347228293751	0.05551005551005551	Family	KB51	NAFLD	ZicoSeq
Lactobacillaceae	0.034001223128440415	0.21652421652421652	Family	KB51	NAFLD	ZicoSeq
Odoribacteraceae	-0.030531599535245302	0.021021021021021023	Family	KB51	NAFLD	ZicoSeq
Oscillospiraceae	-0.04708715094464712	0.05551005551005551	Family	KB51	NAFLD	ZicoSeq
Peptostreptococcaceae	0.024268775189586936	0.6080290817132923	Family	KB51	NAFLD	ZicoSeq
Prevotellaceae	-0.1518315252843803	0.05551005551005551	Family	KB51	NAFLD	ZicoSeq
Rikenellaceae	-0.042702443842472175	0.05551005551005551	Family	KB51	NAFLD	ZicoSeq
Streptococcaceae	0.04479626404323361	0.05551005551005551	Family	KB51	NAFLD	ZicoSeq
Tannerellaceae	-0.09059009566316413	0.033366700033366704	Family	KB51	NAFLD	ZicoSeq
Turicibacteraceae	0.00867961199810836	0.9818389818389819	Family	KB51	NAFLD	ZicoSeq
Veillonellaceae	-0.009806298668901715	0.5372431254784197	Family	KB51	NAFLD	ZicoSeq
Acidaminococcaceae	-0.028068524929625516	0.22763672763672763	Family	MOTUS	NAFLD	ZicoSeq
Akkermansiaceae	-0.028556461861256852	0.6767536767536768	Family	MOTUS	NAFLD	ZicoSeq
Bacteria fam. incertae sedis	0.02076199381290233	0.24457791124457792	Family	MOTUS	NAFLD	ZicoSeq
Bacteroidaceae	-0.2623353145959549	0.004004004004004004	Family	MOTUS	NAFLD	ZicoSeq
Barnesiellaceae	-0.026831677567731086	0.13857607607607608	Family	MOTUS	NAFLD	ZicoSeq
Bifidobacteriaceae	0.11747935156694903	0.027527527527527528	Family	MOTUS	NAFLD	ZicoSeq
Clostridiaceae	-0.06244886980246727	0.33877877877877877	Family	MOTUS	NAFLD	ZicoSeq
Clostridiales Family XIII. Incertae Sedis	-0.004159209493157063	0.939358713552262	Family	MOTUS	NAFLD	ZicoSeq
Clostridiales fam. [Eubacteriaceae/Clostridiaceae]	-0.06087242698563912	0.07547547547547548	Family	MOTUS	NAFLD	ZicoSeq
Clostridiales fam. [Lachnospiraceae/Clostridiaceae/Ruminococcaceae]	0.022941645204980755	0.07941274607941275	Family	MOTUS	NAFLD	ZicoSeq
Clostridiales fam. [Lachnospiraceae/Ruminococcaceae]	0.030482186000534272	0.061347061347061346	Family	MOTUS	NAFLD	ZicoSeq
Clostridiales fam. incertae sedis	-0.03528642466135784	0.7042399542399542	Family	MOTUS	NAFLD	ZicoSeq
Coriobacteriaceae	0.05534957308413161	0.061347061347061346	Family	MOTUS	NAFLD	ZicoSeq
Eggerthellaceae	0.00867238911230911	0.24457791124457792	Family	MOTUS	NAFLD	ZicoSeq
Enterobacteriaceae	-0.01355574323313484	0.7042399542399542	Family	MOTUS	NAFLD	ZicoSeq
Erysipelotrichaceae	-0.007903935792898917	0.8349729039384212	Family	MOTUS	NAFLD	ZicoSeq
Eubacteriaceae	0.03146112000059207	0.22756089422756093	Family	MOTUS	NAFLD	ZicoSeq
Firmicutes fam. [Carnobacteriaceae/Acidaminococcaceae]	-0.031007411098122252	0.22756089422756093	Family	MOTUS	NAFLD	ZicoSeq
Firmicutes fam. incertae sedis	-0.04913076160061316	0.22756089422756093	Family	MOTUS	NAFLD	ZicoSeq
Lachnospiraceae	0.11865228365093022	0.0657323990657324	Family	MOTUS	NAFLD	ZicoSeq
Lactobacillaceae	0.04205894788136893	0.22756089422756093	Family	MOTUS	NAFLD	ZicoSeq
Odoribacteraceae	-0.026157700110688634	0.07941274607941275	Family	MOTUS	NAFLD	ZicoSeq
Oscillospiraceae	-0.09047510581858943	0.00850850850850851	Family	MOTUS	NAFLD	ZicoSeq
Peptoniphilaceae	-0.022709691324296195	0.22756089422756093	Family	MOTUS	NAFLD	ZicoSeq
Peptostreptococcaceae	0.05340112609754399	0.0657323990657324	Family	MOTUS	NAFLD	ZicoSeq
Prevotellaceae	-0.17433467803890906	0.0852995852995853	Family	MOTUS	NAFLD	ZicoSeq
Rikenellaceae	-0.0756693633203894	0.08354508354508355	Family	MOTUS	NAFLD	ZicoSeq
Ruminococcaceae	-0.06181699448505047	0.939358713552262	Family	MOTUS	NAFLD	ZicoSeq
Streptococcaceae	0.04215137561213058	0.027527527527527528	Family	MOTUS	NAFLD	ZicoSeq
Sutterellaceae	-0.026854536350352072	0.08875542208875542	Family	MOTUS	NAFLD	ZicoSeq
Tannerellaceae	-0.07089959645469329	0.028428428428428427	Family	MOTUS	NAFLD	ZicoSeq
Veillonellaceae	-0.011779207961937023	0.9696258758758759	Family	MOTUS	NAFLD	ZicoSeq
